Source,Location ID,City,State,Country,Latitude,Longitude,Time Zone,Elevation,Local Time Zone,Clearsky DHI Units,Clearsky DNI Units,Clearsky GHI Units,Dew Point Units,DHI Units,DNI Units,GHI Units,Solar Zenith Angle Units,Temperature Units,Pressure Units,Relative Humidity Units,Precipitable Water Units,Wind Direction Units,Wind Speed Units,Cloud Type -15,Cloud Type 0,Cloud Type 1,Cloud Type 2,Cloud Type 3,Cloud Type 4,Cloud Type 5,Cloud Type 6,Cloud Type 7,Cloud Type 8,Cloud Type 9,Cloud Type 10,Cloud Type 11,Cloud Type 12,Fill Flag 0,Fill Flag 1,Fill Flag 2,Fill Flag 3,Fill Flag 4,Fill Flag 5,Surface Albedo Units,Version
NSRDB,1927447,-,-,-,39.76,-105.23,-7,1785,-7,w/m2,w/m2,w/m2,c,w/m2,w/m2,w/m2,Degree,c,mbar,%,cm,Degrees,m/s,N/A,Clear,Probably Clear,Fog,Water,Super-Cooled Water,Mixed,Opaque Ice,Cirrus,Overlapping,Overshooting,Unknown,Dust,Smoke,N/A,Missing Image,Low Irradiance,Exceeds Clearsky,Missing CLoud Properties,Rayleigh Violation,N/A,4.0.1
Year,Month,Day,Hour,Minute,Temperature,AOD,Cloud Type,DHI,DNI,GHI,Ozone,Relative Humidity,Pressure,Wind Speed,Precipitable Water
2023,1,1,0,0,-0.2,0.016,6,0,0,0,0.263,72.26,808,0.4,1
2023,1,1,1,0,-0.4,0.016,6,0,0,0,0.263,73.46000000000001,808,0.4,1
2023,1,1,2,0,-0.30000000000000004,0.018000000000000002,6,0,0,0,0.263,74.03,808,0.5,1
2023,1,1,3,0,-0.2,0.02,6,0,0,0,0.264,74.35000000000001,808,0.6000000000000001,1
2023,1,1,4,0,-0.30000000000000004,0.02,6,0,0,0,0.265,75.22,808,0.7000000000000001,1
2023,1,1,5,0,-0.8,0.02,6,0,0,0,0.267,77.07000000000001,808,0.8,1
2023,1,1,6,0,-1.2000000000000002,0.021,6,0,0,0,0.268,77.7,808,1,0.9
2023,1,1,7,0,-1.5,0.022,6,0,0,0,0.269,77.89,809,1,0.9
2023,1,1,8,0,0.2,0.022,6,56,44,60,0.271,72.41,809,1.3,0.9
2023,1,1,9,0,2.3000000000000003,0.022,6,142,184,187,0.272,69.27,809,1.6,0.9
2023,1,1,10,0,3.8000000000000003,0.023,6,225,74,251,0.272,65.68,809,1.6,0.9
2023,1,1,11,0,4.7,0.024,6,238,28,250,0.272,63.27,808,1.6,0.9
2023,1,1,12,0,5.1000000000000005,0.024,6,260,35,276,0.272,63.17,807,1.7000000000000002,0.9
2023,1,1,13,0,5.2,0.024,6,277,100,321,0.272,64.5,807,1.9000000000000001,1
2023,1,1,14,0,4.800000000000001,0.023,6,230,51,249,0.274,67.25,807,2,1
2023,1,1,15,0,3.5,0.024,6,84,2,85,0.276,73.4,808,1.6,1.1
2023,1,1,16,0,1.5,0.028,6,26,0,26,0.278,78.64,808,1.4000000000000001,1.2000000000000002
2023,1,1,17,0,0.30000000000000004,0.033,6,0,0,0,0.28,80.79,808,1.3,1.2000000000000002
2023,1,1,18,0,-0.6000000000000001,0.035,6,0,0,0,0.28200000000000003,82.17,808,0.9,1.2000000000000002
2023,1,1,19,0,-1.1,0.034,6,0,0,0,0.28500000000000003,81.32000000000001,808,1,1.2000000000000002
2023,1,1,20,0,-1.4000000000000001,0.039,6,0,0,0,0.28700000000000003,80.43,808,0.9,1.2000000000000002
2023,1,1,21,0,-1.4000000000000001,0.041,6,0,0,0,0.29,79.62,808,0.8,1.2000000000000002
2023,1,1,22,0,-1.4000000000000001,0.036000000000000004,6,0,0,0,0.292,79.3,807,0.7000000000000001,1.2000000000000002
2023,1,1,23,0,-1.6,0.041,6,0,0,0,0.293,79.59,807,0.7000000000000001,1.1
2023,1,2,0,0,-2.1,0.044,6,0,0,0,0.294,80.05,807,0.7000000000000001,1.1
2023,1,2,1,0,-2.5,0.038,6,0,0,0,0.295,79.29,806,0.6000000000000001,1.1
2023,1,2,2,0,-2.8000000000000003,0.038,6,0,0,0,0.299,79.22,806,0.5,1
2023,1,2,3,0,-3.5,0.035,6,0,0,0,0.304,80.63,806,0.7000000000000001,0.9
2023,1,2,4,0,-4.2,0.031,3,0,0,0,0.309,82.27,805,0.8,0.8
2023,1,2,5,0,-4.800000000000001,0.031,3,0,0,0,0.313,83.55,805,0.9,0.8
2023,1,2,6,0,-4.9,0.033,6,0,0,0,0.316,83.04,805,0.9,0.7000000000000001
2023,1,2,7,0,-4.800000000000001,0.033,6,0,0,0,0.316,81.73,805,1,0.7000000000000001
2023,1,2,8,0,-3.7,0.039,6,30,0,30,0.316,77.3,805,1.2000000000000002,0.7000000000000001
2023,1,2,9,0,-1.8,0.046,3,81,0,81,0.316,73.75,806,1.5,0.7000000000000001
2023,1,2,10,0,-0.8,0.046,3,143,0,143,0.317,71.13,806,1.3,0.7000000000000001
2023,1,2,11,0,-0.4,0.048,3,186,0,187,0.319,68.41,805,1.5,0.7000000000000001
2023,1,2,12,0,-0.1,0.049,3,200,0,200,0.322,65.78,803,1.6,0.7000000000000001
2023,1,2,13,0,0,0.049,6,172,3,174,0.323,64.35,803,1.7000000000000002,0.7000000000000001
2023,1,2,14,0,-0.4,0.054,6,119,1,119,0.323,65.89,803,2,0.7000000000000001
2023,1,2,15,0,-1.4000000000000001,0.06,6,67,0,67,0.322,69.88,803,2.1,0.7000000000000001
2023,1,2,16,0,-3.1,0.065,6,29,0,29,0.322,73.25,804,1.9000000000000001,0.7000000000000001
2023,1,2,17,0,-4.5,0.076,6,0,0,0,0.322,76.31,804,1.8,0.7000000000000001
2023,1,2,18,0,-4.9,0.083,6,0,0,0,0.322,77.10000000000001,805,1.9000000000000001,0.7000000000000001
2023,1,2,19,0,-5.1000000000000005,0.078,6,0,0,0,0.322,77.22,805,2,0.7000000000000001
2023,1,2,20,0,-5.1000000000000005,0.073,3,0,0,0,0.321,76.32000000000001,805,2,0.6000000000000001
2023,1,2,21,0,-5.2,0.066,3,0,0,0,0.321,74.7,805,1.8,0.6000000000000001
2023,1,2,22,0,-6,0.058,6,0,0,0,0.32,74.61,805,1.7000000000000002,0.6000000000000001
2023,1,2,23,0,-7.1000000000000005,0.054,6,0,0,0,0.319,75.37,805,1.7000000000000002,0.6000000000000001
2023,1,3,0,0,-7.7,0.049,6,0,0,0,0.317,73.91,805,1.6,0.5
2023,1,3,1,0,-7.9,0.043000000000000003,6,0,0,0,0.316,71.56,806,1.5,0.5
2023,1,3,2,0,-8,0.039,6,0,0,0,0.316,69.67,806,1.2000000000000002,0.5
2023,1,3,3,0,-8.4,0.035,6,0,0,0,0.315,69.26,806,1,0.5
2023,1,3,4,0,-8.4,0.033,6,0,0,0,0.314,67.51,805,1.1,0.5
2023,1,3,5,0,-8.3,0.033,6,0,0,0,0.313,65.92,806,1.1,0.5
2023,1,3,6,0,-8.4,0.032,6,0,0,0,0.313,64.54,806,0.9,0.5
2023,1,3,7,0,-8.3,0.031,6,0,0,0,0.313,62.28,806,0.7000000000000001,0.5
2023,1,3,8,0,-6.7,0.03,6,53,11,54,0.312,58.42,806,0.7000000000000001,0.5
2023,1,3,9,0,-4,0.029,3,160,14,163,0.31,56.09,806,1.2000000000000002,0.5
2023,1,3,10,0,-2.1,0.027,3,261,36,273,0.308,53.56,806,1.7000000000000002,0.5
2023,1,3,11,0,-0.7000000000000001,0.026000000000000002,3,331,59,356,0.305,52.24,806,1.9000000000000001,0.5
2023,1,3,12,0,0.30000000000000004,0.024,3,354,56,380,0.302,51.07,806,2,0.5
2023,1,3,13,0,0.7000000000000001,0.024,3,285,10,290,0.3,50.92,805,1.9000000000000001,0.5
2023,1,3,14,0,0.7000000000000001,0.024,3,154,0,154,0.299,52.09,806,1.7000000000000002,0.5
2023,1,3,15,0,-0.4,0.024,3,80,0,80,0.299,56.17,806,1.2000000000000002,0.5
2023,1,3,16,0,-3.1,0.024,3,27,0,27,0.299,60.22,807,0.7000000000000001,0.5
2023,1,3,17,0,-4.800000000000001,0.025,3,0,0,0,0.3,61.9,807,0.8,0.5
2023,1,3,18,0,-5.4,0.025,3,0,0,0,0.3,62.050000000000004,808,1.3,0.5
2023,1,3,19,0,-5.7,0.025,3,0,0,0,0.302,61.19,808,1.7000000000000002,0.4
2023,1,3,20,0,-5.9,0.024,3,0,0,0,0.303,60.08,808,1.8,0.4
2023,1,3,21,0,-6.1000000000000005,0.022,3,0,0,0,0.305,58.980000000000004,808,2,0.4
2023,1,3,22,0,-6.4,0.02,3,0,0,0,0.307,58.120000000000005,808,2.3000000000000003,0.4
2023,1,3,23,0,-6.7,0.02,3,0,0,0,0.309,57.44,808,2.5,0.4
2023,1,4,0,0,-7,0.02,3,0,0,0,0.311,57.24,808,2.8000000000000003,0.4
2023,1,4,1,0,-7.1000000000000005,0.019,3,0,0,0,0.313,57.13,808,3,0.4
2023,1,4,2,0,-7,0.02,3,0,0,0,0.314,57,809,2.9000000000000004,0.4
2023,1,4,3,0,-6.800000000000001,0.02,3,0,0,0,0.314,56.08,809,2.7,0.4
2023,1,4,4,0,-6.800000000000001,0.02,6,0,0,0,0.314,56.160000000000004,809,2.4000000000000004,0.4
2023,1,4,5,0,-6.800000000000001,0.019,6,0,0,0,0.315,56.34,810,2.3000000000000003,0.30000000000000004
2023,1,4,6,0,-6.5,0.019,6,0,0,0,0.316,55.19,811,2.1,0.30000000000000004
2023,1,4,7,0,-6.4,0.018000000000000002,3,0,0,0,0.318,54.08,811,1.9000000000000001,0.30000000000000004
2023,1,4,8,0,-5.300000000000001,0.016,3,53,5,53,0.321,52.08,812,2.1,0.30000000000000004
2023,1,4,9,0,-3.7,0.014,3,142,238,200,0.324,48.07,812,4.2,0.30000000000000004
2023,1,4,10,0,-2.3000000000000003,0.012,3,50,953,391,0.327,45.12,813,4.800000000000001,0.30000000000000004
2023,1,4,11,0,-1.3,0.012,0,55,996,487,0.33,43.7,813,4.800000000000001,0.30000000000000004
2023,1,4,12,0,-0.6000000000000001,0.011,0,56,1011,524,0.334,43.12,813,4.6000000000000005,0.30000000000000004
2023,1,4,13,0,-0.5,0.011,0,54,1002,499,0.338,43.99,813,4.3,0.30000000000000004
2023,1,4,14,0,-0.8,0.011,0,50,965,414,0.341,45.19,813,4.1000000000000005,0.30000000000000004
2023,1,4,15,0,-1.9000000000000001,0.011,0,41,883,278,0.341,48.97,814,3.4000000000000004,0.30000000000000004
2023,1,4,16,0,-4.3,0.01,0,26,707,115,0.338,51.72,814,2.6,0.2
2023,1,4,17,0,-6,0.01,0,0,0,0,0.332,51.81,814,2.3000000000000003,0.2
2023,1,4,18,0,-6.7,0.01,6,0,0,0,0.325,51.53,815,2.1,0.2
2023,1,4,19,0,-7.4,0.01,6,0,0,0,0.319,52,815,1.8,0.2
2023,1,4,20,0,-8,0.01,6,0,0,0,0.313,52.9,816,1.7000000000000002,0.2
2023,1,4,21,0,-8.3,0.01,0,0,0,0,0.307,53.58,816,1.8,0.2
2023,1,4,22,0,-8.5,0.01,0,0,0,0,0.303,54.06,816,2,0.2
2023,1,4,23,0,-8.5,0.01,0,0,0,0,0.302,53.78,816,2.3000000000000003,0.2
2023,1,5,0,0,-8.5,0.01,0,0,0,0,0.3,53.620000000000005,816,2.4000000000000004,0.2
2023,1,5,1,0,-8.4,0.01,0,0,0,0,0.298,53.46,816,2.6,0.2
2023,1,5,2,0,-8.1,0.01,0,0,0,0,0.297,53.050000000000004,816,2.5,0.30000000000000004
2023,1,5,3,0,-7.800000000000001,0.011,0,0,0,0,0.296,53.75,816,2.3000000000000003,0.4
2023,1,5,4,0,-7.300000000000001,0.012,0,0,0,0,0.296,54.800000000000004,816,2.2,0.5
2023,1,5,5,0,-6.7,0.016,0,0,0,0,0.297,55.81,816,1.9000000000000001,0.6000000000000001
2023,1,5,6,0,-6,0.022,6,0,0,0,0.297,56.620000000000005,816,1.7000000000000002,0.8
2023,1,5,7,0,-4.800000000000001,0.028,6,0,0,0,0.295,57.53,816,1.6,0.9
2023,1,5,8,0,-2,0.031,6,45,3,45,0.294,57.85,816,1.6,0.9
2023,1,5,9,0,0.9,0.032,6,136,22,141,0.295,55.730000000000004,816,1.9000000000000001,0.9
2023,1,5,10,0,2.7,0.03,6,234,57,255,0.295,55.84,816,1.7000000000000002,0.8
2023,1,5,11,0,4.1000000000000005,0.027,6,282,222,378,0.295,55.81,815,1.4000000000000001,0.7000000000000001
2023,1,5,12,0,5.300000000000001,0.025,6,240,426,438,0.296,53.74,814,1.1,0.7000000000000001
2023,1,5,13,0,5.9,0.025,6,216,471,425,0.296,52.59,814,0.8,0.6000000000000001
2023,1,5,14,0,5.4,0.024,6,185,432,349,0.297,57.230000000000004,814,0.6000000000000001,0.6000000000000001
2023,1,5,15,0,3.7,0.023,6,143,315,229,0.297,63.65,814,0.5,0.6000000000000001
2023,1,5,16,0,1.2000000000000002,0.021,6,78,94,90,0.297,63.39,814,0.6000000000000001,0.6000000000000001
2023,1,5,17,0,-0.8,0.02,6,0,0,0,0.297,64.4,814,0.7000000000000001,0.5
2023,1,5,18,0,-2.1,0.02,6,0,0,0,0.299,65.87,814,1.1,0.5
2023,1,5,19,0,-2.4000000000000004,0.02,6,0,0,0,0.301,64.59,814,1.8,0.4
2023,1,5,20,0,-2.7,0.019,6,0,0,0,0.304,63.21,814,2.4000000000000004,0.4
2023,1,5,21,0,-2.8000000000000003,0.02,6,0,0,0,0.307,60.53,813,2.7,0.4
2023,1,5,22,0,-2.7,0.02,6,0,0,0,0.309,57.69,813,2.8000000000000003,0.4
2023,1,5,23,0,-2.6,0.02,6,0,0,0,0.312,56.01,813,2.6,0.4
2023,1,6,0,0,-2.7,0.018000000000000002,6,0,0,0,0.315,56.11,812,2.5,0.5
2023,1,6,1,0,-3.1,0.016,6,0,0,0,0.317,57.42,812,2.5,0.5
2023,1,6,2,0,-3.5,0.014,6,0,0,0,0.318,58.99,811,2.4000000000000004,0.6000000000000001
2023,1,6,3,0,-3.6,0.014,6,0,0,0,0.317,60.07,811,2,0.6000000000000001
2023,1,6,4,0,-3.8000000000000003,0.014,3,0,0,0,0.316,60.980000000000004,811,1.6,0.6000000000000001
2023,1,6,5,0,-3.7,0.015,3,0,0,0,0.315,61.050000000000004,811,1.4000000000000001,0.7000000000000001
2023,1,6,6,0,-3.7,0.017,3,0,0,0,0.315,61.56,812,1.3,0.7000000000000001
2023,1,6,7,0,-3.5,0.02,3,0,0,0,0.316,61.49,812,1.2000000000000002,0.8
2023,1,6,8,0,-1.2000000000000002,0.026000000000000002,3,21,0,21,0.316,61.59,812,1,0.8
2023,1,6,9,0,0.8,0.029,3,70,0,70,0.317,62.57,813,1.3,0.8
2023,1,6,10,0,2,0.029,3,116,0,116,0.318,64.11,813,1.4000000000000001,0.8
2023,1,6,11,0,2.6,0.03,3,146,0,146,0.318,65.75,813,1.2000000000000002,0.8
2023,1,6,12,0,3.1,0.031,3,157,0,157,0.319,64.68,813,1.1,0.8
2023,1,6,13,0,3.5,0.027,3,145,0,145,0.319,62.96,813,0.8,0.7000000000000001
2023,1,6,14,0,3.5,0.03,3,102,0,102,0.319,64.29,813,0.5,0.7000000000000001
2023,1,6,15,0,2.6,0.031,6,50,0,50,0.318,66.61,813,0.4,0.7000000000000001
2023,1,6,16,0,1.3,0.035,6,22,0,22,0.316,68.35000000000001,814,0.4,0.8
2023,1,6,17,0,0.4,0.039,6,0,0,0,0.314,70.69,815,0.6000000000000001,0.8
2023,1,6,18,0,-0.1,0.04,6,0,0,0,0.311,72.5,816,0.6000000000000001,0.8
2023,1,6,19,0,-0.5,0.035,6,0,0,0,0.309,73.37,817,0.7000000000000001,0.7000000000000001
2023,1,6,20,0,-0.6000000000000001,0.03,6,0,0,0,0.307,72.24,817,0.7000000000000001,0.7000000000000001
2023,1,6,21,0,-0.8,0.027,6,0,0,0,0.305,71.51,817,0.7000000000000001,0.7000000000000001
2023,1,6,22,0,-1.1,0.025,6,0,0,0,0.304,71.35000000000001,818,0.7000000000000001,0.7000000000000001
2023,1,6,23,0,-1.3,0.024,6,0,0,0,0.304,70.85000000000001,818,0.8,0.7000000000000001
2023,1,7,0,0,-1.4000000000000001,0.025,6,0,0,0,0.303,70.16,818,0.7000000000000001,0.7000000000000001
2023,1,7,1,0,-1.6,0.024,6,0,0,0,0.303,69.49,818,0.6000000000000001,0.7000000000000001
2023,1,7,2,0,-1.9000000000000001,0.025,6,0,0,0,0.303,68.78,818,0.7000000000000001,0.7000000000000001
2023,1,7,3,0,-2.5,0.025,6,0,0,0,0.303,68.51,818,0.8,0.7000000000000001
2023,1,7,4,0,-3.4000000000000004,0.024,6,0,0,0,0.304,67.9,819,0.9,0.7000000000000001
2023,1,7,5,0,-4.2,0.024,6,0,0,0,0.305,66.06,819,1.1,0.7000000000000001
2023,1,7,6,0,-4.6000000000000005,0.024,6,0,0,0,0.305,63.82,819,1.3,0.7000000000000001
2023,1,7,7,0,-4.7,0.023,6,0,0,0,0.303,61.980000000000004,820,1.5,0.7000000000000001
2023,1,7,8,0,-2.2,0.02,6,55,116,66,0.303,59.17,820,2,0.6000000000000001
2023,1,7,9,0,0.9,0.019,6,103,461,215,0.303,55.83,821,2.4000000000000004,0.6000000000000001
2023,1,7,10,0,3.2,0.017,3,214,291,319,0.303,53.29,821,1.9000000000000001,0.6000000000000001
2023,1,7,11,0,4.5,0.014,3,316,46,336,0.303,49.9,821,1.5,0.6000000000000001
2023,1,7,12,0,5.300000000000001,0.013000000000000001,3,321,31,335,0.303,47.01,820,1.3,0.6000000000000001
2023,1,7,13,0,5.6000000000000005,0.012,6,295,112,346,0.303,45.51,819,1,0.6000000000000001
2023,1,7,14,0,5.300000000000001,0.011,6,238,220,322,0.303,47.160000000000004,819,0.8,0.5
2023,1,7,15,0,3.7,0.01,6,114,472,244,0.302,58.26,819,0.30000000000000004,0.5
2023,1,7,16,0,1,0.01,0,27,680,118,0.302,57.15,819,0.4,0.5
2023,1,7,17,0,-1.2000000000000002,0.01,0,0,0,0,0.302,60.08,820,0.8,0.4
2023,1,7,18,0,-2.5,0.01,0,0,0,0,0.302,63.54,820,1.2000000000000002,0.4
2023,1,7,19,0,-3.2,0.01,0,0,0,0,0.301,64.16,820,1.7000000000000002,0.30000000000000004
2023,1,7,20,0,-3.7,0.01,0,0,0,0,0.299,63.13,820,2.3000000000000003,0.30000000000000004
2023,1,7,21,0,-4.4,0.01,0,0,0,0,0.296,61.14,820,2.7,0.2
2023,1,7,22,0,-5,0.01,0,0,0,0,0.294,57.34,820,3,0.2
2023,1,7,23,0,-5.300000000000001,0.01,0,0,0,0,0.292,53.14,820,3.1,0.2
2023,1,8,0,0,-5.4,0.01,0,0,0,0,0.291,49.96,819,3.1,0.2
2023,1,8,1,0,-5.2,0.012,6,0,0,0,0.29,47.11,819,3.1,0.2
2023,1,8,2,0,-4.9,0.014,6,0,0,0,0.28700000000000003,44.58,819,3,0.2
2023,1,8,3,0,-4.4,0.017,6,0,0,0,0.28300000000000003,43.43,819,2.9000000000000004,0.2
2023,1,8,4,0,-3.8000000000000003,0.019,6,0,0,0,0.28,44.25,818,3,0.30000000000000004
2023,1,8,5,0,-3.2,0.019,6,0,0,0,0.28,45.92,818,2.9000000000000004,0.30000000000000004
2023,1,8,6,0,-3.4000000000000004,0.017,6,0,0,0,0.281,47.32,818,2.9000000000000004,0.4
2023,1,8,7,0,-3.4000000000000004,0.017,6,0,0,0,0.28,47.13,818,3,0.5
2023,1,8,8,0,-0.8,0.018000000000000002,6,56,21,58,0.279,44.300000000000004,818,3.2,0.5
2023,1,8,9,0,2.1,0.019,6,154,146,190,0.277,43.15,818,3.1,0.5
2023,1,8,10,0,4.5,0.019,6,190,391,332,0.276,42.36,817,2.6,0.5
2023,1,8,11,0,6.800000000000001,0.019,6,186,549,428,0.275,36.68,817,2.4000000000000004,0.5
2023,1,8,12,0,8.1,0.021,6,241,446,450,0.273,34.160000000000004,816,2,0.5
2023,1,8,13,0,7.9,0.023,6,281,280,408,0.271,38.78,816,1.5,0.5
2023,1,8,14,0,6.7,0.024,6,250,189,323,0.27,45.64,815,0.9,0.5
2023,1,8,15,0,4.9,0.023,6,174,169,221,0.271,49.57,815,0.8,0.5
2023,1,8,16,0,2.7,0.023,6,84,68,93,0.272,48.370000000000005,815,0.8,0.6000000000000001
2023,1,8,17,0,1.3,0.023,6,0,0,0,0.275,49.27,816,1,0.6000000000000001
2023,1,8,18,0,0,0.022,6,0,0,0,0.278,53.04,816,1.4000000000000001,0.6000000000000001
2023,1,8,19,0,-1.1,0.022,6,0,0,0,0.28200000000000003,56.34,816,2.1,0.6000000000000001
2023,1,8,20,0,-1.4000000000000001,0.021,6,0,0,0,0.289,55.7,816,2.7,0.6000000000000001
2023,1,8,21,0,-1.4000000000000001,0.021,6,0,0,0,0.294,53.550000000000004,816,3.2,0.6000000000000001
2023,1,8,22,0,-1.5,0.02,6,0,0,0,0.296,52.2,816,3.4000000000000004,0.6000000000000001
2023,1,8,23,0,-1.6,0.017,6,0,0,0,0.294,52.1,816,3.4000000000000004,0.6000000000000001
2023,1,9,0,0,-1.5,0.015,6,0,0,0,0.291,52.77,815,3.6,0.6000000000000001
2023,1,9,1,0,-1.3,0.013000000000000001,6,0,0,0,0.292,53.86,815,4.1000000000000005,0.5
2023,1,9,2,0,-1.2000000000000002,0.012,6,0,0,0,0.294,55.36,815,4.3,0.4
2023,1,9,3,0,-1.5,0.01,0,0,0,0,0.294,56.83,815,4.1000000000000005,0.30000000000000004
2023,1,9,4,0,-1.9000000000000001,0.01,0,0,0,0,0.291,57.39,815,3.8000000000000003,0.30000000000000004
2023,1,9,5,0,-2.3000000000000003,0.01,0,0,0,0,0.289,57.410000000000004,815,3.5,0.30000000000000004
2023,1,9,6,0,-2.4000000000000004,0.01,0,0,0,0,0.28700000000000003,57.06,816,3.5,0.30000000000000004
2023,1,9,7,0,-2,0.01,0,0,0,0,0.28400000000000003,56.660000000000004,815,3.4000000000000004,0.30000000000000004
2023,1,9,8,0,0.6000000000000001,0.01,6,22,611,81,0.28200000000000003,53.45,815,3.7,0.4
2023,1,9,9,0,3.5,0.01,6,37,854,247,0.28400000000000003,49.97,815,3.5,0.4
2023,1,9,10,0,6.2,0.012,6,49,946,393,0.28500000000000003,45.230000000000004,815,3.4000000000000004,0.4
2023,1,9,11,0,7.800000000000001,0.014,6,190,524,422,0.28600000000000003,40.730000000000004,815,3.1,0.5
2023,1,9,12,0,8,0.016,6,307,157,381,0.28600000000000003,41.81,814,2.2,0.6000000000000001
2023,1,9,13,0,6.9,0.016,6,283,80,320,0.28600000000000003,48.47,814,1.4000000000000001,0.8
2023,1,9,14,0,5.800000000000001,0.018000000000000002,6,222,43,239,0.28600000000000003,53.99,814,1,0.9
2023,1,9,15,0,4.7,0.017,6,148,26,156,0.28400000000000003,56.38,814,1,1
2023,1,9,16,0,3,0.015,6,82,48,89,0.28400000000000003,57.5,813,1.1,0.9
2023,1,9,17,0,2.1,0.016,6,0,0,0,0.28500000000000003,56.68,813,1.2000000000000002,0.9
2023,1,9,18,0,1.9000000000000001,0.017,6,0,0,0,0.28400000000000003,56.49,813,1.3,0.9
2023,1,9,19,0,2,0.018000000000000002,6,0,0,0,0.28400000000000003,56.43,813,1.3,0.9
2023,1,9,20,0,1.7000000000000002,0.017,6,0,0,0,0.28500000000000003,57.65,812,1.4000000000000001,0.9
2023,1,9,21,0,1.2000000000000002,0.018000000000000002,6,0,0,0,0.28600000000000003,59.230000000000004,812,1.5,0.9
2023,1,9,22,0,1,0.018000000000000002,6,0,0,0,0.28800000000000003,60.15,812,1.7000000000000002,1
2023,1,9,23,0,1.5,0.017,6,0,0,0,0.29,59.95,811,1.7000000000000002,1
2023,1,10,0,0,1.9000000000000001,0.014,6,0,0,0,0.29,60.230000000000004,811,1.6,1.1
2023,1,10,1,0,1.6,0.013000000000000001,6,0,0,0,0.29,61.4,810,1.3,1
2023,1,10,2,0,1.5,0.015,6,0,0,0,0.291,61.95,810,1.2000000000000002,1
2023,1,10,3,0,1.2000000000000002,0.016,6,0,0,0,0.293,63.76,810,1.2000000000000002,0.9
2023,1,10,4,0,0.8,0.018000000000000002,6,0,0,0,0.294,65.52,809,1.3,0.9
2023,1,10,5,0,0.5,0.018000000000000002,6,0,0,0,0.293,66.56,809,1.4000000000000001,0.8
2023,1,10,6,0,0.30000000000000004,0.017,6,0,0,0,0.29,66.98,809,1.6,0.8
2023,1,10,7,0,0.5,0.015,6,0,0,0,0.289,66.08,809,1.7000000000000002,0.8
2023,1,10,8,0,3.2,0.013000000000000001,6,23,565,78,0.289,60.02,809,1.9000000000000001,0.8
2023,1,10,9,0,6,0.011,6,38,813,239,0.29,54.59,809,2.7,0.9
2023,1,10,10,0,7.9,0.012,6,178,390,321,0.292,49.14,809,4.4,0.9
2023,1,10,11,0,9,0.013000000000000001,6,271,78,306,0.295,45.69,809,5.4,0.8
2023,1,10,12,0,9.4,0.011,6,300,104,349,0.298,44.32,809,5.5,0.6000000000000001
2023,1,10,13,0,9.5,0.01,0,51,991,504,0.299,43.02,809,5.4,0.5
2023,1,10,14,0,8.8,0.011,3,264,29,276,0.298,44.35,809,4.9,0.5
2023,1,10,15,0,6.800000000000001,0.011,3,192,75,213,0.298,51.870000000000005,809,4,0.5
2023,1,10,16,0,3.8000000000000003,0.011,3,46,0,46,0.299,62.17,810,3.2,0.6000000000000001
2023,1,10,17,0,2.5,0.011,0,0,0,0,0.301,66.39,810,3.1,0.6000000000000001
2023,1,10,18,0,2.1,0.012,6,0,0,0,0.304,66.7,810,2.9000000000000004,0.6000000000000001
2023,1,10,19,0,2,0.013000000000000001,6,0,0,0,0.306,65.08,810,2.7,0.6000000000000001
2023,1,10,20,0,1.6,0.014,6,0,0,0,0.312,64.68,809,2.3000000000000003,0.5
2023,1,10,21,0,0.9,0.014,6,0,0,0,0.319,65.59,809,1.6,0.5
2023,1,10,22,0,0.5,0.014,6,0,0,0,0.327,65.55,809,1.3,0.5
2023,1,10,23,0,0.7000000000000001,0.014,6,0,0,0,0.333,63.26,808,1.1,0.5
2023,1,11,0,0,1,0.016,6,0,0,0,0.335,60.54,808,0.9,0.6000000000000001
2023,1,11,1,0,1.1,0.018000000000000002,6,0,0,0,0.336,58.71,807,0.9,0.6000000000000001
2023,1,11,2,0,0.4,0.02,6,0,0,0,0.339,59.57,807,0.9,0.7000000000000001
2023,1,11,3,0,-0.5,0.022,6,0,0,0,0.343,61.68,806,1.1,0.7000000000000001
2023,1,11,4,0,-1.2000000000000002,0.025,6,0,0,0,0.34800000000000003,64.77,806,1.4000000000000001,0.7000000000000001
2023,1,11,5,0,-1.1,0.028,6,0,0,0,0.353,65.84,805,2,0.7000000000000001
2023,1,11,6,0,-0.8,0.03,6,0,0,0,0.358,66.26,806,2.6,0.7000000000000001
2023,1,11,7,0,-0.9,0.03,6,0,0,0,0.363,66.97,806,2.6,0.7000000000000001
2023,1,11,8,0,-0.4,0.03,6,21,0,21,0.366,64.42,806,2.5,0.6000000000000001
2023,1,11,9,0,0.2,0.032,6,54,0,54,0.367,62.17,806,2.5,0.6000000000000001
2023,1,11,10,0,0.7000000000000001,0.033,6,123,2,124,0.366,58.620000000000005,807,3.4000000000000004,0.6000000000000001
2023,1,11,11,0,1.1,0.031,6,194,7,197,0.364,55.04,807,4.2,0.6000000000000001
2023,1,11,12,0,1.3,0.031,6,243,16,250,0.362,54.35,808,4.2,0.6000000000000001
2023,1,11,13,0,1.3,0.032,6,243,21,252,0.361,55.46,809,3.9000000000000004,0.6000000000000001
2023,1,11,14,0,1,0.036000000000000004,6,142,3,143,0.36,58.14,810,3.4000000000000004,0.6000000000000001
2023,1,11,15,0,0.5,0.04,6,75,1,75,0.359,61.15,811,2.5,0.6000000000000001
2023,1,11,16,0,-1.1,0.039,6,33,0,33,0.357,66.51,813,1.5,0.6000000000000001
2023,1,11,17,0,-2.1,0.038,6,0,0,0,0.355,68.78,814,1.1,0.6000000000000001
2023,1,11,18,0,-2.4000000000000004,0.035,6,0,0,0,0.353,68.75,815,1.1,0.6000000000000001
2023,1,11,19,0,-2.7,0.031,6,0,0,0,0.35100000000000003,68.86,816,1,0.6000000000000001
2023,1,11,20,0,-3,0.029,3,0,0,0,0.34700000000000003,68.82000000000001,817,1,0.6000000000000001
2023,1,11,21,0,-3,0.028,3,0,0,0,0.341,67.1,817,1.1,0.6000000000000001
2023,1,11,22,0,-3,0.028,3,0,0,0,0.335,65.15,818,1.3,0.6000000000000001
2023,1,11,23,0,-3.3000000000000003,0.029,3,0,0,0,0.329,64.79,819,1.2000000000000002,0.6000000000000001
2023,1,12,0,0,-3.9000000000000004,0.029,3,0,0,0,0.322,65.47,819,1,0.6000000000000001
2023,1,12,1,0,-4.5,0.027,3,0,0,0,0.317,65.97,820,0.9,0.5
2023,1,12,2,0,-4.9,0.024,3,0,0,0,0.316,65.21000000000001,821,1,0.5
2023,1,12,3,0,-5.1000000000000005,0.021,3,0,0,0,0.317,63.01,821,1.1,0.4
2023,1,12,4,0,-5.300000000000001,0.017,0,0,0,0,0.316,60.28,821,1.6,0.4
2023,1,12,5,0,-5.5,0.015,0,0,0,0,0.314,58.04,822,2.1,0.30000000000000004
2023,1,12,6,0,-5.7,0.013000000000000001,0,0,0,0,0.311,56.800000000000004,822,2.4000000000000004,0.30000000000000004
2023,1,12,7,0,-5.300000000000001,0.011,6,0,0,0,0.308,54.550000000000004,822,2.8000000000000003,0.30000000000000004
2023,1,12,8,0,-2.8000000000000003,0.01,6,23,647,87,0.307,48.72,823,3.8000000000000003,0.2
2023,1,12,9,0,0,0.01,6,39,884,260,0.306,45.02,823,3.5,0.2
2023,1,12,10,0,2.9000000000000004,0.01,6,48,978,409,0.306,38.08,823,3.2,0.2
2023,1,12,11,0,4.6000000000000005,0.01,6,53,1021,510,0.306,31.490000000000002,823,2.8000000000000003,0.2
2023,1,12,12,0,5.4,0.01,6,55,1020,544,0.305,28.94,823,2.4000000000000004,0.30000000000000004
2023,1,12,13,0,5.6000000000000005,0.01,6,54,1013,522,0.302,28.8,823,2,0.30000000000000004
2023,1,12,14,0,5.300000000000001,0.01,6,50,980,440,0.299,32.910000000000004,823,1.4000000000000001,0.30000000000000004
2023,1,12,15,0,3.7,0.01,6,42,893,301,0.296,45.2,823,0.7000000000000001,0.4
2023,1,12,16,0,0.6000000000000001,0.01,6,28,719,135,0.293,47.910000000000004,823,0.6000000000000001,0.4
2023,1,12,17,0,-1.1,0.01,6,0,0,0,0.291,49.32,823,1,0.4
2023,1,12,18,0,-1.5,0.01,6,0,0,0,0.289,50.620000000000005,823,1.7000000000000002,0.5
2023,1,12,19,0,-1.8,0.01,6,0,0,0,0.28800000000000003,52.29,824,2.5,0.5
2023,1,12,20,0,-1.9000000000000001,0.01,6,0,0,0,0.28800000000000003,53.94,824,3.2,0.5
2023,1,12,21,0,-2.1,0.01,6,0,0,0,0.28800000000000003,56.65,824,3.7,0.6000000000000001
2023,1,12,22,0,-2,0.01,0,0,0,0,0.28800000000000003,58.25,823,4,0.6000000000000001
2023,1,12,23,0,-1.7000000000000002,0.01,0,0,0,0,0.28700000000000003,58.33,823,3.9000000000000004,0.6000000000000001
2023,1,13,0,0,-1.5,0.01,0,0,0,0,0.28600000000000003,58.71,822,3.7,0.6000000000000001
2023,1,13,1,0,-1.1,0.01,6,0,0,0,0.28400000000000003,59.08,822,3.6,0.6000000000000001
2023,1,13,2,0,-0.7000000000000001,0.01,6,0,0,0,0.28200000000000003,59.97,822,3.5,0.7000000000000001
2023,1,13,3,0,-0.30000000000000004,0.012,6,0,0,0,0.28200000000000003,61.15,822,3.3000000000000003,0.7000000000000001
2023,1,13,4,0,0.1,0.014,6,0,0,0,0.28200000000000003,61.99,822,3.1,0.7000000000000001
2023,1,13,5,0,0.30000000000000004,0.014,6,0,0,0,0.28,62.660000000000004,822,2.9000000000000004,0.7000000000000001
2023,1,13,6,0,0.30000000000000004,0.014,6,0,0,0,0.278,62.61,822,2.6,0.7000000000000001
2023,1,13,7,0,0.7000000000000001,0.014,6,0,0,0,0.278,61.26,822,2.5,0.7000000000000001
2023,1,13,8,0,3.2,0.015,6,49,236,73,0.278,56.910000000000004,822,2.4000000000000004,0.8
2023,1,13,9,0,6.300000000000001,0.014,6,41,814,246,0.279,52.79,823,2.5,0.8
2023,1,13,10,0,8.5,0.014,6,51,913,390,0.279,48.77,822,2,0.8
2023,1,13,11,0,10.4,0.014,6,56,959,487,0.277,44.86,821,1.4000000000000001,0.8
2023,1,13,12,0,11.600000000000001,0.014,6,58,975,528,0.276,41.45,820,1.2000000000000002,0.8
2023,1,13,13,0,12.100000000000001,0.014,6,57,967,507,0.276,40.68,819,1.1,0.8
2023,1,13,14,0,11.3,0.016,6,119,760,425,0.276,50.4,819,0.5,0.8
2023,1,13,15,0,9.1,0.019,6,115,489,259,0.276,53.25,819,0.5,0.8
2023,1,13,16,0,6.2,0.02,6,85,159,109,0.277,55.410000000000004,819,0.7000000000000001,0.8
2023,1,13,17,0,3.7,0.019,6,0,0,0,0.278,61.34,819,0.9,0.8
2023,1,13,18,0,2.5,0.019,6,0,0,0,0.279,65.39,818,1.5,0.8
2023,1,13,19,0,1.6,0.019,6,0,0,0,0.281,67.59,818,2,0.8
2023,1,13,20,0,1.2000000000000002,0.019,6,0,0,0,0.28300000000000003,65.79,817,2.2,0.7000000000000001
2023,1,13,21,0,1.3,0.019,6,0,0,0,0.28400000000000003,61.07,817,2.4000000000000004,0.7000000000000001
2023,1,13,22,0,1.5,0.019,6,0,0,0,0.28700000000000003,56.620000000000005,816,2.5,0.6000000000000001
2023,1,13,23,0,1.6,0.019,6,0,0,0,0.29,53.53,816,2.6,0.6000000000000001
2023,1,14,0,0,1.6,0.019,6,0,0,0,0.292,52.19,815,2.8000000000000003,0.6000000000000001
2023,1,14,1,0,1.5,0.019,6,0,0,0,0.294,51.86,815,3.1,0.6000000000000001
2023,1,14,2,0,1.6,0.019,6,0,0,0,0.295,51.21,814,3.1,0.6000000000000001
2023,1,14,3,0,1.8,0.019,6,0,0,0,0.296,51.04,814,2.9000000000000004,0.6000000000000001
2023,1,14,4,0,2,0.019,6,0,0,0,0.297,51.4,813,2.8000000000000003,0.6000000000000001
2023,1,14,5,0,2.2,0.019,6,0,0,0,0.3,52.19,813,2.7,0.6000000000000001
2023,1,14,6,0,2.3000000000000003,0.02,6,0,0,0,0.305,53.35,813,2.8000000000000003,0.6000000000000001
2023,1,14,7,0,2.5,0.019,6,0,0,0,0.309,53.63,813,2.8000000000000003,0.6000000000000001
2023,1,14,8,0,4.3,0.018000000000000002,6,56,63,63,0.311,50.99,812,3,0.6000000000000001
2023,1,14,9,0,6.7,0.017,6,102,415,207,0.312,48.730000000000004,812,3,0.6000000000000001
2023,1,14,10,0,9.3,0.016,6,128,585,346,0.313,44.18,812,2.9000000000000004,0.6000000000000001
2023,1,14,11,0,11.3,0.014,6,117,733,448,0.314,39.49,811,3,0.6000000000000001
2023,1,14,12,0,12.3,0.017,6,193,470,421,0.314,37.550000000000004,810,2.5,0.6000000000000001
2023,1,14,13,0,11.4,0.02,6,241,116,295,0.313,42.87,809,1.6,0.7000000000000001
2023,1,14,14,0,8.9,0.023,6,167,22,176,0.311,50.02,809,0.9,0.7000000000000001
2023,1,14,15,0,7.5,0.024,6,100,10,103,0.31,49.61,809,1,0.7000000000000001
2023,1,14,16,0,6,0.025,6,44,2,45,0.309,49.49,809,1,0.8
2023,1,14,17,0,4.4,0.026000000000000002,6,0,0,0,0.311,50.68,809,0.8,0.8
2023,1,14,18,0,2.8000000000000003,0.026000000000000002,6,0,0,0,0.313,54.54,809,0.8,0.9
2023,1,14,19,0,1.6,0.027,6,0,0,0,0.313,58.65,808,1,0.9
2023,1,14,20,0,0.9,0.029,6,0,0,0,0.312,60.97,808,1.1,0.9
2023,1,14,21,0,0.1,0.026000000000000002,6,0,0,0,0.31,62.7,808,1.3,0.8
2023,1,14,22,0,-0.30000000000000004,0.024,6,0,0,0,0.309,62.27,808,1.5,0.9
2023,1,14,23,0,-0.7000000000000001,0.024,6,0,0,0,0.31,61.27,807,1.6,0.8
2023,1,15,0,0,-0.8,0.025,6,0,0,0,0.311,59.29,806,1.6,0.9
2023,1,15,1,0,-0.8,0.025,6,0,0,0,0.312,58.18,805,1.5,0.9
2023,1,15,2,0,-0.6000000000000001,0.027,6,0,0,0,0.311,57.79,805,1.3,0.9
2023,1,15,3,0,-0.1,0.028,6,0,0,0,0.312,56.26,804,1.2000000000000002,0.9
2023,1,15,4,0,0.30000000000000004,0.029,6,0,0,0,0.314,54.94,803,1.1,0.9
2023,1,15,5,0,0.5,0.031,6,0,0,0,0.316,55.230000000000004,803,1,0.9
2023,1,15,6,0,0.9,0.033,6,0,0,0,0.315,56.26,803,0.9,0.9
2023,1,15,7,0,1.3,0.035,6,0,0,0,0.315,57.46,803,0.7000000000000001,1
2023,1,15,8,0,1.9000000000000001,0.04,6,17,0,17,0.316,60.27,802,0.5,1
2023,1,15,9,0,3.2,0.041,6,48,1,49,0.318,61.5,802,0.6000000000000001,1
2023,1,15,10,0,4.2,0.039,6,105,4,106,0.319,58.88,801,0.9,1
2023,1,15,11,0,5.2,0.04,6,152,9,156,0.321,56.71,800,1,0.9
2023,1,15,12,0,6.2,0.04,6,106,1,107,0.324,53.11,798,1.2000000000000002,0.9
2023,1,15,13,0,6.6000000000000005,0.042,6,87,1,87,0.326,50.65,798,1.2000000000000002,0.9
2023,1,15,14,0,5.800000000000001,0.053,6,75,1,75,0.329,53.81,797,1.6,0.9
2023,1,15,15,0,3.5,0.062,6,40,0,40,0.331,65.01,798,1,0.9
2023,1,15,16,0,1.4000000000000001,0.062,6,18,0,18,0.333,71.83,799,0.7000000000000001,0.9
2023,1,15,17,0,0.2,0.062,6,0,0,0,0.334,75.55,799,0.7000000000000001,0.8
2023,1,15,18,0,-0.1,0.05,6,0,0,0,0.335,74.9,799,0.8,0.8
2023,1,15,19,0,-0.4,0.038,6,0,0,0,0.336,74,799,0.8,0.7000000000000001
2023,1,15,20,0,-0.6000000000000001,0.033,6,0,0,0,0.335,72.7,800,0.9,0.6000000000000001
2023,1,15,21,0,-0.8,0.031,6,0,0,0,0.334,71.07000000000001,800,1.1,0.6000000000000001
2023,1,15,22,0,-1,0.029,6,0,0,0,0.334,68.94,800,1.2000000000000002,0.6000000000000001
2023,1,15,23,0,-1.2000000000000002,0.027,6,0,0,0,0.335,66.51,801,1.2000000000000002,0.5
2023,1,16,0,0,-1.4000000000000001,0.023,6,0,0,0,0.337,63.980000000000004,801,1.2000000000000002,0.5
2023,1,16,1,0,-1.6,0.019,6,0,0,0,0.339,61.910000000000004,801,1,0.5
2023,1,16,2,0,-2.1,0.015,6,0,0,0,0.339,60.58,802,1.1,0.4
2023,1,16,3,0,-2.3000000000000003,0.013000000000000001,6,0,0,0,0.336,58.4,802,1.3,0.4
2023,1,16,4,0,-2.4000000000000004,0.012,6,0,0,0,0.334,56.7,802,1.4000000000000001,0.4
2023,1,16,5,0,-2.4000000000000004,0.012,3,0,0,0,0.333,55.35,802,1.5,0.4
2023,1,16,6,0,-2.4000000000000004,0.012,0,0,0,0,0.332,54.59,802,1.5,0.4
2023,1,16,7,0,-2,0.012,6,0,0,0,0.331,53.42,802,1.5,0.4
2023,1,16,8,0,-0.1,0.013000000000000001,6,62,85,71,0.329,51.81,803,2.1,0.4
2023,1,16,9,0,2,0.014,6,134,316,215,0.33,44.77,804,2.9000000000000004,0.4
2023,1,16,10,0,3.7,0.015,6,169,468,346,0.332,40.910000000000004,804,3.3000000000000003,0.5
2023,1,16,11,0,4.9,0.016,6,266,321,413,0.335,38.1,804,3.3000000000000003,0.5
2023,1,16,12,0,5.5,0.018000000000000002,6,322,80,361,0.337,36.38,803,3.1,0.5
2023,1,16,13,0,5.6000000000000005,0.018000000000000002,6,304,78,341,0.336,36.01,803,2.8000000000000003,0.6000000000000001
2023,1,16,14,0,5.4,0.018000000000000002,6,203,15,209,0.335,36.78,803,2.4000000000000004,0.6000000000000001
2023,1,16,15,0,3.8000000000000003,0.019,6,68,0,69,0.335,47.25,804,1.1,0.6000000000000001
2023,1,16,16,0,1.5,0.02,6,29,0,29,0.336,50.6,804,0.7000000000000001,0.6000000000000001
2023,1,16,17,0,0.2,0.02,6,0,0,0,0.336,49.63,804,0.5,0.6000000000000001
2023,1,16,18,0,-1.2000000000000002,0.021,6,0,0,0,0.335,51.89,805,0.7000000000000001,0.6000000000000001
2023,1,16,19,0,-2,0.023,6,0,0,0,0.337,54.09,804,0.9,0.6000000000000001
2023,1,16,20,0,-2.4000000000000004,0.025,6,0,0,0,0.338,55.95,804,0.9,0.6000000000000001
2023,1,16,21,0,-1.8,0.027,6,0,0,0,0.339,57.02,804,0.9,0.7000000000000001
2023,1,16,22,0,-1.5,0.03,6,0,0,0,0.34,59.53,805,0.8,0.7000000000000001
2023,1,16,23,0,-1.2000000000000002,0.03,6,0,0,0,0.343,60.46,804,0.8,0.7000000000000001
2023,1,17,0,0,-1.2000000000000002,0.025,6,0,0,0,0.34400000000000003,60.58,804,1,0.6000000000000001
2023,1,17,1,0,-1.2000000000000002,0.021,6,0,0,0,0.34600000000000003,60.69,804,1.1,0.6000000000000001
2023,1,17,2,0,-1.2000000000000002,0.021,3,0,0,0,0.34800000000000003,60.11,805,1.1,0.5
2023,1,17,3,0,-1.5,0.022,3,0,0,0,0.35000000000000003,60.27,805,1.3,0.5
2023,1,17,4,0,-2,0.023,3,0,0,0,0.35100000000000003,60.480000000000004,804,1.2000000000000002,0.4
2023,1,17,5,0,-2.9000000000000004,0.023,3,0,0,0,0.353,61.25,804,1.2000000000000002,0.4
2023,1,17,6,0,-3.8000000000000003,0.025,3,0,0,0,0.355,61.940000000000005,804,1.1,0.4
2023,1,17,7,0,-3.8000000000000003,0.029,6,0,0,0,0.359,60.160000000000004,804,1.5,0.4
2023,1,17,8,0,-1.5,0.035,6,35,0,35,0.36,54.33,805,2,0.6000000000000001
2023,1,17,9,0,0.2,0.038,6,94,3,95,0.358,52.82,805,1.5,0.7000000000000001
2023,1,17,10,0,2,0.039,6,148,4,149,0.357,51.97,805,1,0.7000000000000001
2023,1,17,11,0,3.5,0.042,6,156,2,157,0.359,51.07,804,1.7000000000000002,0.8
2023,1,17,12,0,3.7,0.054,6,139,1,140,0.36,52.660000000000004,803,2.4000000000000004,0.8
2023,1,17,13,0,2.8000000000000003,0.058,6,132,1,132,0.361,58.42,803,2.6,0.9
2023,1,17,14,0,1.7000000000000002,0.07200000000000001,6,89,0,89,0.363,64.74,803,2.6,0.9
2023,1,17,15,0,0.5,0.078,6,53,0,53,0.366,70.82000000000001,803,2.3000000000000003,0.9
2023,1,17,16,0,-0.9,0.074,6,27,0,27,0.369,75.98,803,1.8,0.9
2023,1,17,17,0,-1.9000000000000001,0.085,6,0,0,0,0.371,77.76,803,1.6,0.9
2023,1,17,18,0,-2.5,0.081,6,0,0,0,0.372,77.54,803,1.6,0.8
2023,1,17,19,0,-2.9000000000000004,0.07200000000000001,6,0,0,0,0.373,76.86,803,1.7000000000000002,0.8
2023,1,17,20,0,-3.3000000000000003,0.079,9,0,0,0,0.372,76.37,803,1.9000000000000001,0.8
2023,1,17,21,0,-3.6,0.078,9,0,0,0,0.369,76.45,802,2,0.8
2023,1,17,22,0,-4,0.067,6,0,0,0,0.366,77.17,803,1.8,0.7000000000000001
2023,1,17,23,0,-4.3,0.07200000000000001,7,0,0,0,0.366,76.9,803,1.5,0.7000000000000001
2023,1,18,0,0,-4.3,0.074,6,0,0,0,0.368,76.13,802,1.6,0.7000000000000001
2023,1,18,1,0,-4.4,0.07,6,0,0,0,0.37,76.01,802,1.9000000000000001,0.6000000000000001
2023,1,18,2,0,-4.800000000000001,0.075,6,0,0,0,0.37,76.69,802,2.3000000000000003,0.6000000000000001
2023,1,18,3,0,-5.300000000000001,0.073,6,0,0,0,0.368,77.01,802,2.6,0.6000000000000001
2023,1,18,4,0,-5.6000000000000005,0.061,7,0,0,0,0.366,76.07000000000001,802,2.8000000000000003,0.6000000000000001
2023,1,18,5,0,-5.800000000000001,0.058,6,0,0,0,0.365,75.05,802,3,0.6000000000000001
2023,1,18,6,0,-6,0.055,6,0,0,0,0.366,74.7,803,3.1,0.5
2023,1,18,7,0,-6.1000000000000005,0.05,7,0,0,0,0.367,74.60000000000001,803,3.1,0.5
2023,1,18,8,0,-5.2,0.053,7,49,3,49,0.37,72.74,804,3.5,0.5
2023,1,18,9,0,-4.1000000000000005,0.057,7,166,108,194,0.372,69.74,804,4.1000000000000005,0.5
2023,1,18,10,0,-3.3000000000000003,0.059000000000000004,7,161,581,383,0.371,67.53,805,4.800000000000001,0.5
2023,1,18,11,0,-2.8000000000000003,0.063,7,221,561,480,0.368,65.18,804,5.300000000000001,0.5
2023,1,18,12,0,-2.4000000000000004,0.06,7,324,123,385,0.366,63.35,804,5.7,0.6000000000000001
2023,1,18,13,0,-2.1,0.053,6,250,10,255,0.366,62.08,804,5.9,0.6000000000000001
2023,1,18,14,0,-1.9000000000000001,0.049,7,179,543,405,0.364,61.92,805,5.6000000000000005,0.6000000000000001
2023,1,18,15,0,-2.2,0.044,7,128,577,307,0.361,64.92,806,4.7,0.6000000000000001
2023,1,18,16,0,-2.8000000000000003,0.04,7,42,649,152,0.358,68.07000000000001,807,3.5,0.6000000000000001
2023,1,18,17,0,-3.5,0.039,7,0,0,0,0.357,69.19,808,2.5,0.6000000000000001
2023,1,18,18,0,-4.1000000000000005,0.038,7,0,0,0,0.354,68.69,808,1.7000000000000002,0.5
2023,1,18,19,0,-4.9,0.036000000000000004,8,0,0,0,0.34800000000000003,68.33,809,1.3,0.5
2023,1,18,20,0,-5.800000000000001,0.036000000000000004,0,0,0,0,0.339,68.04,809,1.2000000000000002,0.5
2023,1,18,21,0,-6.7,0.035,0,0,0,0,0.335,67.47,809,1.3,0.5
2023,1,18,22,0,-7.4,0.029,0,0,0,0,0.337,65.12,809,1.6,0.4
2023,1,18,23,0,-7.9,0.022,0,0,0,0,0.34,61.13,809,2.1,0.30000000000000004
2023,1,19,0,0,-8.4,0.017,0,0,0,0,0.34500000000000003,58.36,809,2.7,0.2
2023,1,19,1,0,-8.5,0.013000000000000001,0,0,0,0,0.35000000000000003,56.35,809,3.5,0.2
2023,1,19,2,0,-8.3,0.013000000000000001,0,0,0,0,0.355,55.410000000000004,809,3.9000000000000004,0.2
2023,1,19,3,0,-8.1,0.014,0,0,0,0,0.356,54.75,809,4,0.2
2023,1,19,4,0,-8,0.016,0,0,0,0,0.353,54.45,809,3.9000000000000004,0.2
2023,1,19,5,0,-7.9,0.017,0,0,0,0,0.34900000000000003,53.82,810,3.8000000000000003,0.2
2023,1,19,6,0,-7.800000000000001,0.018000000000000002,0,0,0,0,0.34400000000000003,52.79,810,3.7,0.2
2023,1,19,7,0,-7.4,0.018000000000000002,0,0,0,0,0.342,51.74,811,3.5,0.2
2023,1,19,8,0,-5.300000000000001,0.018000000000000002,0,27,639,97,0.342,50.14,811,3.8000000000000003,0.2
2023,1,19,9,0,-2.4000000000000004,0.018000000000000002,0,46,876,276,0.341,50.96,812,3.9000000000000004,0.2
2023,1,19,10,0,0.2,0.021,7,121,777,420,0.34,47.77,812,3.7,0.2
2023,1,19,11,0,1.9000000000000001,0.026000000000000002,7,191,649,492,0.339,43.29,812,2.6,0.30000000000000004
2023,1,19,12,0,2.9000000000000004,0.03,6,293,33,310,0.339,40.97,811,1.4000000000000001,0.30000000000000004
2023,1,19,13,0,3.3000000000000003,0.036000000000000004,6,216,4,218,0.338,38.86,811,0.7000000000000001,0.30000000000000004
2023,1,19,14,0,3.2,0.04,7,155,661,433,0.338,39.69,811,0.6000000000000001,0.4
2023,1,19,15,0,2,0.04,6,111,2,111,0.338,49.52,811,0.7000000000000001,0.4
2023,1,19,16,0,-0.6000000000000001,0.04,7,99,183,131,0.339,49.71,812,1,0.4
2023,1,19,17,0,-2.5,0.04,7,0,0,0,0.341,49.26,812,1.1,0.4
2023,1,19,18,0,-3.3000000000000003,0.041,7,0,0,0,0.342,50.42,813,0.9,0.4
2023,1,19,19,0,-4.3,0.042,7,0,0,0,0.341,53.56,814,0.7000000000000001,0.4
2023,1,19,20,0,-4.800000000000001,0.045,7,0,0,0,0.341,54.7,814,0.8,0.4
2023,1,19,21,0,-5.1000000000000005,0.046,7,0,0,0,0.341,56.22,814,1.1,0.4
2023,1,19,22,0,-5.1000000000000005,0.047,7,0,0,0,0.342,56.68,814,1.2000000000000002,0.4
2023,1,19,23,0,-5.300000000000001,0.047,6,0,0,0,0.343,57.09,814,1.3,0.4
2023,1,20,0,0,-5.7,0.047,7,0,0,0,0.34500000000000003,57.35,813,1.3,0.4
2023,1,20,1,0,-6,0.049,6,0,0,0,0.34600000000000003,56.95,813,1.3,0.4
2023,1,20,2,0,-5.800000000000001,0.051000000000000004,6,0,0,0,0.34700000000000003,54.74,813,1.2000000000000002,0.4
2023,1,20,3,0,-5.6000000000000005,0.052000000000000005,6,0,0,0,0.34800000000000003,52.81,814,1.1,0.4
2023,1,20,4,0,-6.300000000000001,0.052000000000000005,7,0,0,0,0.34800000000000003,54.57,814,1.2000000000000002,0.4
2023,1,20,5,0,-7.4,0.051000000000000004,7,0,0,0,0.34700000000000003,58.77,814,1.3,0.4
2023,1,20,6,0,-8.200000000000001,0.05,7,0,0,0,0.34600000000000003,62.53,815,1.2000000000000002,0.4
2023,1,20,7,0,-8.5,0.048,7,0,0,0,0.34600000000000003,64.79,815,1.2000000000000002,0.4
2023,1,20,8,0,-7.1000000000000005,0.047,7,43,1,43,0.34700000000000003,63.75,815,1.1,0.4
2023,1,20,9,0,-4.3,0.047,7,125,414,235,0.34900000000000003,59.79,816,0.9,0.4
2023,1,20,10,0,-2.9000000000000004,0.048,7,247,257,346,0.35100000000000003,56.47,816,1.1,0.4
2023,1,20,11,0,-2.1,0.051000000000000004,4,202,0,202,0.353,54.83,815,1.4000000000000001,0.5
2023,1,20,12,0,-1.6,0.052000000000000005,4,289,1,290,0.357,54.28,814,1.6,0.5
2023,1,20,13,0,-1.5,0.053,4,281,2,282,0.363,55.31,814,1.8,0.5
2023,1,20,14,0,-1.8,0.055,4,133,0,133,0.369,57.32,814,1.7000000000000002,0.5
2023,1,20,15,0,-2.6,0.058,7,139,502,298,0.373,61.95,814,1.4000000000000001,0.5
2023,1,20,16,0,-3.8000000000000003,0.058,7,93,10,95,0.377,64.97,814,1.2000000000000002,0.5
2023,1,20,17,0,-5.300000000000001,0.063,7,0,0,0,0.381,68.65,814,1.1,0.5
2023,1,20,18,0,-6.1000000000000005,0.064,7,0,0,0,0.384,73.17,815,0.8,0.5
2023,1,20,19,0,-6.9,0.059000000000000004,7,0,0,0,0.386,76.32000000000001,815,0.7000000000000001,0.5
2023,1,20,20,0,-7.7,0.06,7,0,0,0,0.387,76.72,814,1.1,0.5
2023,1,20,21,0,-8.5,0.059000000000000004,0,0,0,0,0.388,76.27,815,1.4000000000000001,0.5
2023,1,20,22,0,-9.1,0.054,0,0,0,0,0.39,73.88,814,1.6,0.5
2023,1,20,23,0,-9.600000000000001,0.053,0,0,0,0,0.39,71.28,814,1.7000000000000002,0.5
2023,1,21,0,0,-10.200000000000001,0.053,0,0,0,0,0.388,69.61,814,1.7000000000000002,0.5
2023,1,21,1,0,-10.8,0.053,4,0,0,0,0.385,69.59,814,1.6,0.5
2023,1,21,2,0,-11.200000000000001,0.06,4,0,0,0,0.382,70.62,814,1.7000000000000002,0.5
2023,1,21,3,0,-11.200000000000001,0.068,4,0,0,0,0.379,69.81,814,2,0.5
2023,1,21,4,0,-10.8,0.07,4,0,0,0,0.378,68.4,814,2.4000000000000004,0.5
2023,1,21,5,0,-10.200000000000001,0.073,4,0,0,0,0.377,67.5,814,2.7,0.5
2023,1,21,6,0,-9.8,0.068,4,0,0,0,0.375,67.64,814,2.9000000000000004,0.5
2023,1,21,7,0,-9.4,0.059000000000000004,5,0,0,0,0.373,66.3,814,3.2,0.5
2023,1,21,8,0,-7.2,0.053,8,52,4,52,0.373,63,814,3.7,0.5
2023,1,21,9,0,-4.6000000000000005,0.05,0,60,771,266,0.373,60.300000000000004,815,3.8000000000000003,0.5
2023,1,21,10,0,-3,0.049,0,75,882,419,0.371,58.64,815,3.7,0.5
2023,1,21,11,0,-2.3000000000000003,0.054,7,86,926,523,0.368,57.17,814,3.4000000000000004,0.5
2023,1,21,12,0,-2.1,0.057,7,201,673,542,0.366,56.54,814,3.2,0.5
2023,1,21,13,0,-2.1,0.053,7,348,164,429,0.365,56.53,813,3,0.5
2023,1,21,14,0,-2.3000000000000003,0.05,7,298,145,360,0.363,57.25,813,2.7,0.5
2023,1,21,15,0,-2.8000000000000003,0.047,7,146,542,321,0.359,59.36,814,2.2,0.5
2023,1,21,16,0,-4,0.042,1,44,670,164,0.355,61.79,814,1.4000000000000001,0.5
2023,1,21,17,0,-5.300000000000001,0.04,4,0,0,0,0.353,63.14,814,1,0.4
2023,1,21,18,0,-5.9,0.037,7,0,0,0,0.35100000000000003,61.480000000000004,814,1.9000000000000001,0.4
2023,1,21,19,0,-6.300000000000001,0.034,4,0,0,0,0.34900000000000003,58.79,814,2.6,0.4
2023,1,21,20,0,-6.5,0.03,4,0,0,0,0.34800000000000003,55.84,813,2.9000000000000004,0.4
2023,1,21,21,0,-6.6000000000000005,0.027,4,0,0,0,0.34700000000000003,54.120000000000005,813,2.9000000000000004,0.4
2023,1,21,22,0,-6.9,0.025,4,0,0,0,0.34600000000000003,53.76,812,3,0.4
2023,1,21,23,0,-7.2,0.023,4,0,0,0,0.34400000000000003,54.04,812,3.2,0.5
2023,1,22,0,0,-7.4,0.021,4,0,0,0,0.34,54.54,811,3.5,0.5
2023,1,22,1,0,-7.5,0.019,0,0,0,0,0.336,54.81,811,3.6,0.5
2023,1,22,2,0,-7.5,0.018000000000000002,0,0,0,0,0.333,55.300000000000004,810,3.5,0.5
2023,1,22,3,0,-7.4,0.017,0,0,0,0,0.329,56.050000000000004,810,3.3000000000000003,0.5
2023,1,22,4,0,-7.4,0.016,0,0,0,0,0.326,56.76,809,3,0.5
2023,1,22,5,0,-7.4,0.015,0,0,0,0,0.324,57.14,809,2.8000000000000003,0.5
2023,1,22,6,0,-7.300000000000001,0.015,0,0,0,0,0.321,57.38,809,2.3000000000000003,0.5
2023,1,22,7,0,-6.7,0.015,0,0,0,0,0.319,56.230000000000004,809,1.8,0.5
2023,1,22,8,0,-3.9000000000000004,0.016,0,27,620,98,0.318,52.22,810,1.7000000000000002,0.5
2023,1,22,9,0,-0.9,0.016,0,45,850,274,0.316,50.15,810,0.9,0.5
2023,1,22,10,0,1.2000000000000002,0.017,0,57,942,426,0.314,49.85,810,0.7000000000000001,0.5
2023,1,22,11,0,2.2,0.018000000000000002,0,64,984,531,0.313,51.42,809,0.8,0.5
2023,1,22,12,0,2.8000000000000003,0.018000000000000002,0,67,992,571,0.313,51.230000000000004,808,1.1,0.6000000000000001
2023,1,22,13,0,3.1,0.019,7,66,985,553,0.313,51.550000000000004,808,1.5,0.6000000000000001
2023,1,22,14,0,2.9000000000000004,0.024,7,148,752,473,0.315,52.34,808,1.9000000000000001,0.6000000000000001
2023,1,22,15,0,2,0.027,7,135,622,337,0.315,54.92,808,2.2,0.6000000000000001
2023,1,22,16,0,-0.8,0.031,0,42,699,169,0.315,61.6,808,1.7000000000000002,0.6000000000000001
2023,1,22,17,0,-2.9000000000000004,0.036000000000000004,7,0,0,0,0.314,64.24,809,1.7000000000000002,0.6000000000000001
2023,1,22,18,0,-3.6,0.038,7,0,0,0,0.314,65.44,809,1.4000000000000001,0.6000000000000001
2023,1,22,19,0,-4.2,0.038,7,0,0,0,0.314,65.68,810,1.2000000000000002,0.6000000000000001
2023,1,22,20,0,-4.6000000000000005,0.04,7,0,0,0,0.315,65.25,810,1,0.6000000000000001
2023,1,22,21,0,-4.7,0.041,7,0,0,0,0.315,64.67,810,0.7000000000000001,0.6000000000000001
2023,1,22,22,0,-4.7,0.042,7,0,0,0,0.315,64.09,811,0.6000000000000001,0.6000000000000001
2023,1,22,23,0,-4.6000000000000005,0.048,7,0,0,0,0.315,64.24,811,0.6000000000000001,0.6000000000000001
2023,1,23,0,0,-4.9,0.052000000000000005,7,0,0,0,0.314,66.31,812,0.6000000000000001,0.6000000000000001
2023,1,23,1,0,-4.9,0.052000000000000005,7,0,0,0,0.314,67.01,812,0.9,0.6000000000000001
2023,1,23,2,0,-5.1000000000000005,0.058,6,0,0,0,0.314,69.01,813,1.1,0.6000000000000001
2023,1,23,3,0,-5.5,0.06,6,0,0,0,0.315,71.38,813,1.2000000000000002,0.7000000000000001
2023,1,23,4,0,-5.800000000000001,0.06,7,0,0,0,0.315,73.53,814,1.1,0.7000000000000001
2023,1,23,5,0,-6.1000000000000005,0.069,7,0,0,0,0.313,75.71000000000001,814,1.1,0.7000000000000001
2023,1,23,6,0,-6.2,0.075,7,0,0,0,0.312,76.73,815,1,0.7000000000000001
2023,1,23,7,0,-6.2,0.074,7,0,0,0,0.31,77.63,816,1,0.7000000000000001
2023,1,23,8,0,-4.9,0.077,7,60,5,61,0.308,74.69,816,0.9,0.6000000000000001
2023,1,23,9,0,-3.3000000000000003,0.07100000000000001,7,68,734,268,0.306,69.05,816,1,0.6000000000000001
2023,1,23,10,0,-2,0.057,8,192,483,382,0.305,63.81,816,1.5,0.6000000000000001
2023,1,23,11,0,-0.6000000000000001,0.049,0,84,932,529,0.303,58.69,815,2.2,0.6000000000000001
2023,1,23,12,0,0.7000000000000001,0.04,4,83,963,576,0.302,54.32,814,2.7,0.6000000000000001
2023,1,23,13,0,1.6,0.034,0,78,972,562,0.302,51.7,813,2.9000000000000004,0.5
2023,1,23,14,0,2,0.031,0,70,945,482,0.303,50.68,813,2.9000000000000004,0.5
2023,1,23,15,0,1.4000000000000001,0.029,0,59,877,347,0.306,52.84,812,2.4000000000000004,0.5
2023,1,23,16,0,-1.4000000000000001,0.029,0,42,718,176,0.31,58.64,812,1.4000000000000001,0.5
2023,1,23,17,0,-4.2,0.03,4,7,0,7,0.314,62.47,813,1.3,0.5
2023,1,23,18,0,-6.300000000000001,0.033,4,0,0,0,0.318,68.31,813,1.2000000000000002,0.5
2023,1,23,19,0,-7.7,0.035,4,0,0,0,0.322,70.89,813,1.2000000000000002,0.5
2023,1,23,20,0,-7.9,0.036000000000000004,4,0,0,0,0.328,69.83,813,1.7000000000000002,0.5
2023,1,23,21,0,-7.7,0.035,4,0,0,0,0.333,67.37,813,2.2,0.5
2023,1,23,22,0,-7.4,0.034,7,0,0,0,0.338,64.64,812,2.6,0.5
2023,1,23,23,0,-7.4,0.035,0,0,0,0,0.343,62.660000000000004,812,2.7,0.5
2023,1,24,0,0,-7.6000000000000005,0.035,0,0,0,0,0.34500000000000003,61.13,812,2.6,0.5
2023,1,24,1,0,-7.7,0.035,0,0,0,0,0.34500000000000003,60.34,812,2.4000000000000004,0.5
2023,1,24,2,0,-7.7,0.035,0,0,0,0,0.34400000000000003,59.550000000000004,812,2.3000000000000003,0.5
2023,1,24,3,0,-7.7,0.033,0,0,0,0,0.341,58.54,812,1.9000000000000001,0.5
2023,1,24,4,0,-7.9,0.029,0,0,0,0,0.339,57.67,813,1.8,0.5
2023,1,24,5,0,-8.6,0.027,0,0,0,0,0.337,57.89,813,1.9000000000000001,0.4
2023,1,24,6,0,-9.5,0.027,0,0,0,0,0.334,58.46,814,2,0.4
2023,1,24,7,0,-9.8,0.026000000000000002,4,0,0,0,0.331,57.65,814,2.1,0.4
2023,1,24,8,0,-7,0.026000000000000002,1,31,596,102,0.33,53.57,815,2.7,0.5
2023,1,24,9,0,-3.8000000000000003,0.027,4,165,5,166,0.331,52.74,815,3,0.5
2023,1,24,10,0,-2.3000000000000003,0.031,7,67,919,433,0.333,53.230000000000004,815,3.6,0.5
2023,1,24,11,0,-1.8,0.035,7,77,959,538,0.334,54.67,815,3.4000000000000004,0.5
2023,1,24,12,0,-1.5,0.037,7,82,974,584,0.335,54.730000000000004,814,2.9000000000000004,0.5
2023,1,24,13,0,-1.3,0.035,7,190,678,531,0.337,53.86,813,2.3000000000000003,0.5
2023,1,24,14,0,-1.1,0.036000000000000004,7,152,712,465,0.34,52.61,813,1.9000000000000001,0.5
2023,1,24,15,0,-1.4000000000000001,0.035,7,124,627,333,0.342,53.68,813,1.4000000000000001,0.5
2023,1,24,16,0,-2.9000000000000004,0.033,7,87,395,162,0.34400000000000003,55.93,813,0.8,0.4
2023,1,24,17,0,-4.7,0.03,7,10,0,10,0.34700000000000003,57.51,814,0.4,0.4
2023,1,24,18,0,-6.2,0.028,0,0,0,0,0.35000000000000003,60.76,814,0.5,0.4
2023,1,24,19,0,-7.4,0.027,0,0,0,0,0.353,62.42,814,0.9,0.30000000000000004
2023,1,24,20,0,-8.1,0.026000000000000002,0,0,0,0,0.356,61.550000000000004,814,1.3,0.30000000000000004
2023,1,24,21,0,-8.6,0.027,0,0,0,0,0.36,59.980000000000004,814,1.4000000000000001,0.30000000000000004
2023,1,24,22,0,-9,0.028,0,0,0,0,0.365,58.480000000000004,814,1.5,0.30000000000000004
2023,1,24,23,0,-9.5,0.031,7,0,0,0,0.37,57.21,814,1.6,0.30000000000000004
2023,1,25,0,0,-9.600000000000001,0.034,7,0,0,0,0.373,55.32,814,1.9000000000000001,0.30000000000000004
2023,1,25,1,0,-9.200000000000001,0.035,7,0,0,0,0.375,53.480000000000004,814,2,0.30000000000000004
2023,1,25,2,0,-8.700000000000001,0.036000000000000004,7,0,0,0,0.375,52.74,814,2.2,0.4
2023,1,25,3,0,-8.3,0.038,6,0,0,0,0.374,53.25,813,2.2,0.4
2023,1,25,4,0,-8.1,0.04,6,0,0,0,0.372,54.89,814,2.2,0.4
2023,1,25,5,0,-8.1,0.042,7,0,0,0,0.369,56.42,814,2.1,0.4
2023,1,25,6,0,-8,0.039,7,0,0,0,0.366,56.26,814,2.2,0.4
2023,1,25,7,0,-7.9,0.033,7,0,0,0,0.361,55.28,815,2.4000000000000004,0.30000000000000004
2023,1,25,8,0,-6.6000000000000005,0.033,7,56,3,57,0.358,52.94,816,2.9000000000000004,0.30000000000000004
2023,1,25,9,0,-4.7,0.034,7,137,418,253,0.356,50.46,816,3.4000000000000004,0.30000000000000004
2023,1,25,10,0,-3.5,0.031,7,239,344,378,0.355,48.81,816,3.9000000000000004,0.30000000000000004
2023,1,25,11,0,-2.9000000000000004,0.03,7,169,723,519,0.354,47.42,816,3.7,0.30000000000000004
2023,1,25,12,0,-2.7,0.032,7,264,497,522,0.354,46.77,815,3.6,0.30000000000000004
2023,1,25,13,0,-2.6,0.038,7,340,128,404,0.356,47.01,815,3.6,0.4
2023,1,25,14,0,-2.8000000000000003,0.042,7,216,485,431,0.357,48.29,815,3.6,0.4
2023,1,25,15,0,-3.3000000000000003,0.039,7,128,620,337,0.359,49.34,816,3.1,0.30000000000000004
2023,1,25,16,0,-4.6000000000000005,0.031,7,117,150,146,0.36,51.33,816,2,0.30000000000000004
2023,1,25,17,0,-6.2,0.027,6,7,0,7,0.362,54.27,817,1.5,0.30000000000000004
2023,1,25,18,0,-6.6000000000000005,0.027,7,0,0,0,0.363,53.120000000000005,817,2,0.30000000000000004
2023,1,25,19,0,-6.800000000000001,0.027,7,0,0,0,0.365,52.22,818,2.5,0.30000000000000004
2023,1,25,20,0,-7.2,0.026000000000000002,7,0,0,0,0.368,51.7,818,2.6,0.30000000000000004
2023,1,25,21,0,-7.6000000000000005,0.023,7,0,0,0,0.372,50.78,818,2.6,0.30000000000000004
2023,1,25,22,0,-8.1,0.021,7,0,0,0,0.376,50.04,818,2.9000000000000004,0.30000000000000004
2023,1,25,23,0,-8.700000000000001,0.021,7,0,0,0,0.379,50.120000000000005,819,3.1,0.30000000000000004
2023,1,26,0,0,-9.3,0.02,0,0,0,0,0.38,50.27,819,3.1,0.30000000000000004
2023,1,26,1,0,-10,0.019,0,0,0,0,0.376,50.28,819,3.1,0.30000000000000004
2023,1,26,2,0,-10.700000000000001,0.018000000000000002,0,0,0,0,0.371,49.800000000000004,819,2.8000000000000003,0.30000000000000004
2023,1,26,3,0,-11.4,0.016,0,0,0,0,0.369,49.53,819,2.8000000000000003,0.30000000000000004
2023,1,26,4,0,-12,0.015,0,0,0,0,0.368,49.65,818,2.8000000000000003,0.30000000000000004
2023,1,26,5,0,-12.3,0.014,0,0,0,0,0.366,49.870000000000005,818,2.9000000000000004,0.2
2023,1,26,6,0,-12.3,0.013000000000000001,0,0,0,0,0.363,49.88,819,3,0.2
2023,1,26,7,0,-11.600000000000001,0.013000000000000001,0,0,0,0,0.359,48.83,819,3.4000000000000004,0.2
2023,1,26,8,0,-8.6,0.015,0,29,682,113,0.355,45.45,819,4.2,0.2
2023,1,26,9,0,-5.2,0.017,0,48,893,298,0.352,41.99,819,4.7,0.2
2023,1,26,10,0,-2.9000000000000004,0.017,0,59,983,456,0.34800000000000003,37.730000000000004,818,5.2,0.2
2023,1,26,11,0,-1.7000000000000002,0.018000000000000002,0,66,1023,564,0.34600000000000003,36.89,817,5.300000000000001,0.2
2023,1,26,12,0,-1,0.018000000000000002,0,68,1023,604,0.34600000000000003,37.19,816,5.5,0.30000000000000004
2023,1,26,13,0,-0.8,0.017,0,66,1019,586,0.34500000000000003,38.550000000000004,815,5.7,0.30000000000000004
2023,1,26,14,0,-0.8,0.017,0,61,979,500,0.343,40.25,815,5.7,0.4
2023,1,26,15,0,-1.5,0.018000000000000002,7,133,662,359,0.342,43.4,814,5.4,0.5
2023,1,26,16,0,-3,0.018000000000000002,6,50,0,51,0.34,48.04,814,4.9,0.6000000000000001
2023,1,26,17,0,-4,0.016,6,9,0,9,0.337,49.93,814,5.4,0.6000000000000001
2023,1,26,18,0,-4.3,0.015,7,0,0,0,0.335,49.93,814,6,0.6000000000000001
2023,1,26,19,0,-4.6000000000000005,0.015,7,0,0,0,0.334,50.38,814,6,0.6000000000000001
2023,1,26,20,0,-4.9,0.015,7,0,0,0,0.331,51.1,814,5.4,0.6000000000000001
2023,1,26,21,0,-5,0.018000000000000002,7,0,0,0,0.33,51.33,814,5.300000000000001,0.6000000000000001
2023,1,26,22,0,-4.9,0.02,7,0,0,0,0.328,51.63,814,5.300000000000001,0.6000000000000001
2023,1,26,23,0,-4.6000000000000005,0.02,6,0,0,0,0.328,51.89,814,5.300000000000001,0.6000000000000001
2023,1,27,0,0,-4.5,0.018000000000000002,6,0,0,0,0.328,52.1,814,5.1000000000000005,0.6000000000000001
2023,1,27,1,0,-4.7,0.016,6,0,0,0,0.329,52.78,814,4.7,0.5
2023,1,27,2,0,-4.9,0.014,7,0,0,0,0.326,53.69,813,4.4,0.5
2023,1,27,3,0,-5,0.013000000000000001,6,0,0,0,0.322,54.52,813,4,0.5
2023,1,27,4,0,-5.300000000000001,0.013000000000000001,7,0,0,0,0.318,55.4,813,3.6,0.5
2023,1,27,5,0,-5.4,0.012,6,0,0,0,0.314,55.83,813,3.3000000000000003,0.5
2023,1,27,6,0,-5.300000000000001,0.011,6,0,0,0,0.31,55.68,812,2.8000000000000003,0.5
2023,1,27,7,0,-4.800000000000001,0.011,6,0,0,0,0.307,54.9,812,2.5,0.5
2023,1,27,8,0,-2.4000000000000004,0.013000000000000001,9,22,0,22,0.307,52.99,812,2.6,0.6000000000000001
2023,1,27,9,0,-0.30000000000000004,0.016,9,173,62,191,0.307,50.63,811,2.5,0.6000000000000001
2023,1,27,10,0,1.5,0.02,9,101,1,101,0.307,50.11,811,2.2,0.7000000000000001
2023,1,27,11,0,2.6,0.023,7,70,968,546,0.306,51.54,810,1.9000000000000001,0.7000000000000001
2023,1,27,12,0,3.2,0.027,7,234,575,537,0.306,53.47,808,1.6,0.7000000000000001
2023,1,27,13,0,3.4000000000000004,0.028,7,332,151,410,0.306,54.86,807,1.5,0.7000000000000001
2023,1,27,14,0,3.1,0.027,7,162,694,475,0.306,55.550000000000004,807,1.8,0.7000000000000001
2023,1,27,15,0,2.2,0.024,6,146,9,149,0.307,56.69,806,1.9000000000000001,0.6000000000000001
2023,1,27,16,0,0.6000000000000001,0.018000000000000002,7,111,223,156,0.307,57.660000000000004,806,1.6,0.6000000000000001
2023,1,27,17,0,-1.3,0.016,0,14,358,26,0.309,58.160000000000004,806,1.6,0.6000000000000001
2023,1,27,18,0,-2.2,0.016,0,0,0,0,0.31,59.24,806,2.1,0.6000000000000001
2023,1,27,19,0,-2.6,0.016,0,0,0,0,0.312,59.61,806,2.7,0.5
2023,1,27,20,0,-3.1,0.017,7,0,0,0,0.315,59.96,806,2.8000000000000003,0.5
2023,1,27,21,0,-3.4000000000000004,0.018000000000000002,7,0,0,0,0.317,59.83,806,2.8000000000000003,0.5
2023,1,27,22,0,-3.4000000000000004,0.018000000000000002,1,0,0,0,0.318,59.18,806,3,0.5
2023,1,27,23,0,-3.6,0.016,0,0,0,0,0.318,59.21,806,3,0.4
2023,1,28,0,0,-4.1000000000000005,0.015,0,0,0,0,0.318,59.64,806,2.6,0.4
2023,1,28,1,0,-4.7,0.015,0,0,0,0,0.316,59.870000000000005,806,2,0.4
2023,1,28,2,0,-5.300000000000001,0.015,0,0,0,0,0.313,59.93,806,1.3,0.4
2023,1,28,3,0,-5.9,0.016,0,0,0,0,0.31,60.9,806,0.8,0.4
2023,1,28,4,0,-6.4,0.017,0,0,0,0,0.307,62.06,806,0.5,0.4
2023,1,28,5,0,-7.300000000000001,0.018000000000000002,0,0,0,0,0.306,64.22,807,0.8,0.4
2023,1,28,6,0,-7.9,0.021,0,0,0,0,0.307,64.79,807,0.9,0.4
2023,1,28,7,0,-7.4,0.023,0,0,0,0,0.309,61.71,808,0.8,0.4
2023,1,28,8,0,-4.7,0.026000000000000002,0,33,622,113,0.313,57.18,808,1.2000000000000002,0.5
2023,1,28,9,0,-2.2,0.029,0,54,838,294,0.317,56.51,808,1.1,0.5
2023,1,28,10,0,-0.2,0.03,0,67,931,450,0.319,53.27,808,1.2000000000000002,0.5
2023,1,28,11,0,1,0.027,1,73,980,557,0.317,49.79,807,1.1,0.5
2023,1,28,12,0,1.6,0.025,7,305,402,518,0.314,48.03,806,1.3,0.5
2023,1,28,13,0,1.6,0.024,8,244,6,247,0.312,46.83,806,1.5,0.5
2023,1,28,14,0,1,0.023,7,181,629,467,0.311,47.89,806,1.6,0.5
2023,1,28,15,0,-0.1,0.022,7,126,3,127,0.311,51.54,807,1.5,0.4
2023,1,28,16,0,-2.2,0.021,4,13,0,13,0.311,57.97,808,1.4000000000000001,0.4
2023,1,28,17,0,-4.3,0.025,4,12,0,12,0.312,64.13,809,1.5,0.4
2023,1,28,18,0,-5.6000000000000005,0.028,4,0,0,0,0.313,68.43,809,1.5,0.5
2023,1,28,19,0,-6.5,0.031,4,0,0,0,0.314,70.21000000000001,810,1.5,0.5
2023,1,28,20,0,-7.2,0.037,4,0,0,0,0.315,70.94,810,1.5,0.5
2023,1,28,21,0,-8.5,0.043000000000000003,4,0,0,0,0.316,72.83,810,1.7000000000000002,0.5
2023,1,28,22,0,-9.600000000000001,0.047,4,0,0,0,0.316,72.59,811,1.9000000000000001,0.5
2023,1,28,23,0,-10.700000000000001,0.058,4,0,0,0,0.316,71.54,811,1.9000000000000001,0.4
2023,1,29,0,0,-11.700000000000001,0.063,4,0,0,0,0.316,70.55,811,1.7000000000000002,0.4
2023,1,29,1,0,-12.3,0.058,4,0,0,0,0.317,69.45,811,1.5,0.4
2023,1,29,2,0,-12.5,0.055,4,0,0,0,0.316,68.04,810,1.5,0.4
2023,1,29,3,0,-12.8,0.049,4,0,0,0,0.316,67.5,810,1.6,0.4
2023,1,29,4,0,-12.9,0.042,4,0,0,0,0.318,66.99,809,1.7000000000000002,0.4
2023,1,29,5,0,-12.8,0.039,4,0,0,0,0.319,66.73,809,1.7000000000000002,0.4
2023,1,29,6,0,-12.8,0.039,4,0,0,0,0.319,66.92,809,1.7000000000000002,0.4
2023,1,29,7,0,-12.4,0.039,4,0,0,0,0.318,65.94,809,1.8,0.4
2023,1,29,8,0,-10.100000000000001,0.039,4,57,0,57,0.317,61.72,809,1.8,0.4
2023,1,29,9,0,-7.300000000000001,0.037,4,207,38,218,0.316,58.94,809,1.7000000000000002,0.4
2023,1,29,10,0,-4.6000000000000005,0.035,4,281,17,288,0.316,55.1,809,1.7000000000000002,0.4
2023,1,29,11,0,-2.9000000000000004,0.036000000000000004,4,334,12,340,0.315,52.95,808,1.8,0.5
2023,1,29,12,0,-2,0.037,4,313,1,313,0.315,52.08,808,2,0.5
2023,1,29,13,0,-1.8,0.038,8,107,0,107,0.315,52.08,807,2.3000000000000003,0.5
2023,1,29,14,0,-2.4000000000000004,0.042,4,39,0,39,0.315,53.76,807,2.5,0.5
2023,1,29,15,0,-3.8000000000000003,0.047,5,213,5,215,0.316,57.25,808,2.5,0.5
2023,1,29,16,0,-6.5,0.054,4,36,0,36,0.317,63.47,809,2.6,0.5
2023,1,29,17,0,-9.4,0.065,0,19,231,29,0.319,68.95,810,2.7,0.5
2023,1,29,18,0,-10.8,0.075,7,0,0,0,0.321,70.7,810,2.5,0.5
2023,1,29,19,0,-11.700000000000001,0.074,4,0,0,0,0.322,71.13,811,2.2,0.5
2023,1,29,20,0,-12,0.07200000000000001,4,0,0,0,0.324,70.69,811,2.1,0.5
2023,1,29,21,0,-12.100000000000001,0.069,7,0,0,0,0.327,70.44,811,2.1,0.5
2023,1,29,22,0,-12.3,0.064,8,0,0,0,0.329,71.46000000000001,811,2,0.5
2023,1,29,23,0,-12.3,0.062,4,0,0,0,0.329,72.55,810,1.9000000000000001,0.5
2023,1,30,0,0,-12.100000000000001,0.061,4,0,0,0,0.327,72.71000000000001,810,2,0.5
2023,1,30,1,0,-12.100000000000001,0.055,0,0,0,0,0.324,73.59,810,2,0.5
2023,1,30,2,0,-12,0.05,0,0,0,0,0.32,73.41,809,2,0.5
2023,1,30,3,0,-12,0.046,0,0,0,0,0.317,73.35000000000001,809,1.9000000000000001,0.4
2023,1,30,4,0,-12.100000000000001,0.042,0,0,0,0,0.316,73.75,809,1.8,0.4
2023,1,30,5,0,-12,0.04,0,0,0,0,0.315,73.63,809,1.7000000000000002,0.4
2023,1,30,6,0,-12,0.039,0,0,0,0,0.315,73.45,809,1.6,0.4
2023,1,30,7,0,-11.9,0.038,0,0,0,0,0.316,72.72,809,1.6,0.4
2023,1,30,8,0,-10.4,0.038,0,37,605,118,0.318,69.35000000000001,810,1.5,0.4
2023,1,30,9,0,-8.4,0.037,0,59,836,303,0.321,65.66,810,1.6,0.4
2023,1,30,10,0,-6.6000000000000005,0.037,8,77,0,77,0.324,62.300000000000004,810,1.7000000000000002,0.4
2023,1,30,11,0,-5.300000000000001,0.038,7,194,678,534,0.326,59.49,810,2,0.4
2023,1,30,12,0,-4.6000000000000005,0.038,0,84,991,618,0.327,57.51,809,2.2,0.4
2023,1,30,13,0,-4.6000000000000005,0.039,0,84,984,601,0.328,56.84,809,2.4000000000000004,0.4
2023,1,30,14,0,-5,0.042,7,163,678,477,0.328,56.65,809,2.4000000000000004,0.4
2023,1,30,15,0,-6.1000000000000005,0.045,7,186,401,329,0.327,58.43,810,2.3000000000000003,0.4
2023,1,30,16,0,-7.9,0.047,0,52,723,206,0.327,61.14,811,1.9000000000000001,0.4
2023,1,30,17,0,-9.9,0.051000000000000004,7,15,0,15,0.329,64.21000000000001,812,1.5,0.4
2023,1,30,18,0,-10.700000000000001,0.058,0,0,0,0,0.33,65.01,812,1.2000000000000002,0.4
2023,1,30,19,0,-11.100000000000001,0.064,4,0,0,0,0.331,65.13,813,1,0.4
2023,1,30,20,0,-11.3,0.066,4,0,0,0,0.331,64,813,1.1,0.4
2023,1,30,21,0,-11.700000000000001,0.065,8,0,0,0,0.332,63.15,813,1.2000000000000002,0.4
2023,1,30,22,0,-12.200000000000001,0.065,0,0,0,0,0.333,62.67,813,1.2000000000000002,0.4
2023,1,30,23,0,-12.600000000000001,0.059000000000000004,4,0,0,0,0.336,62.84,813,1.2000000000000002,0.4
2023,1,31,0,0,-13,0.052000000000000005,8,0,0,0,0.338,63.02,813,1.2000000000000002,0.4
2023,1,31,1,0,-13.700000000000001,0.044,8,0,0,0,0.34,64.45,813,1.1,0.30000000000000004
2023,1,31,2,0,-14,0.036000000000000004,0,0,0,0,0.34,63.61,813,1.1,0.30000000000000004
2023,1,31,3,0,-14.5,0.029,0,0,0,0,0.339,63.14,813,1.1,0.30000000000000004
2023,1,31,4,0,-15.3,0.023,0,0,0,0,0.34,63.800000000000004,813,1.3,0.2
2023,1,31,5,0,-15.700000000000001,0.019,0,0,0,0,0.341,63.49,813,1.6,0.2
2023,1,31,6,0,-15.9,0.017,0,0,0,0,0.343,62.78,813,1.9000000000000001,0.1
2023,1,31,7,0,-15.200000000000001,0.015,0,0,0,0,0.343,59.480000000000004,813,2.3000000000000003,0.1
2023,1,31,8,0,-11.600000000000001,0.013000000000000001,0,29,742,131,0.342,52.25,814,2.8000000000000003,0.1
2023,1,31,9,0,-7.9,0.012,0,44,942,323,0.34,42.56,814,3,0.1
2023,1,31,10,0,-4.6000000000000005,0.012,0,54,1024,486,0.337,33.21,814,3.2,0.1
2023,1,31,11,0,-2.6,0.012,0,60,1063,598,0.333,31.23,814,2.6,0.1
2023,1,31,12,0,-1.3,0.013000000000000001,0,64,1076,648,0.33,30.62,813,2,0.1
2023,1,31,13,0,-0.6000000000000001,0.014,0,64,1047,619,0.326,31.05,813,1.7000000000000002,0.2
2023,1,31,14,0,-0.4,0.015,0,61,1020,538,0.324,32.95,813,1.5,0.2
2023,1,31,15,0,-1.1,0.016,0,54,960,400,0.323,36.76,813,1.4000000000000001,0.2
2023,1,31,16,0,-3.8000000000000003,0.017,0,41,829,221,0.323,45.33,814,1,0.2
2023,1,31,17,0,-7,0.018000000000000002,0,17,439,38,0.325,46.32,814,0.9,0.30000000000000004
2023,1,31,18,0,-8.3,0.018000000000000002,0,0,0,0,0.327,46.37,814,1.5,0.30000000000000004
2023,1,31,19,0,-9.200000000000001,0.017,0,0,0,0,0.328,49.04,814,2.4000000000000004,0.30000000000000004
2023,1,31,20,0,-9.600000000000001,0.016,0,0,0,0,0.328,51.06,815,3,0.30000000000000004
2023,1,31,21,0,-9.700000000000001,0.016,0,0,0,0,0.325,52.21,815,3.4000000000000004,0.30000000000000004
2023,1,31,22,0,-9.8,0.015,0,0,0,0,0.323,54.08,815,3.6,0.30000000000000004
2023,1,31,23,0,-9.600000000000001,0.015,0,0,0,0,0.32,54.17,815,3.7,0.30000000000000004
2023,2,1,0,0,-9.600000000000001,0.015,0,0,0,0,0.318,54.82,815,3.7,0.30000000000000004
2023,2,1,1,0,-9.600000000000001,0.016,0,0,0,0,0.316,55.14,815,3.7,0.30000000000000004
2023,2,1,2,0,-9.4,0.017,0,0,0,0,0.314,54.97,814,3.6,0.30000000000000004
2023,2,1,3,0,-9.1,0.018000000000000002,0,0,0,0,0.312,55.1,814,3.5,0.30000000000000004
2023,2,1,4,0,-8.8,0.019,0,0,0,0,0.311,55.33,814,3.4000000000000004,0.4
2023,2,1,5,0,-8.5,0.02,0,0,0,0,0.31,55.84,815,3.4000000000000004,0.4
2023,2,1,6,0,-8.200000000000001,0.02,0,0,0,0,0.31,56.52,815,3.4000000000000004,0.4
2023,2,1,7,0,-7.1000000000000005,0.019,0,0,0,0,0.31,55.74,815,3.5,0.4
2023,2,1,8,0,-3.8000000000000003,0.018000000000000002,0,32,676,127,0.31,52.730000000000004,816,4,0.4
2023,2,1,9,0,-0.6000000000000001,0.017,0,49,882,313,0.311,49.18,816,4.4,0.4
2023,2,1,10,0,1.8,0.017,0,60,968,471,0.309,46.79,816,3.8000000000000003,0.4
2023,2,1,11,0,3.4000000000000004,0.016,0,65,1000,575,0.308,44.47,816,2.8000000000000003,0.5
2023,2,1,12,0,4.2,0.016,0,68,1015,623,0.307,42.980000000000004,816,2.5,0.5
2023,2,1,13,0,4.5,0.015,0,66,1012,606,0.306,42.21,815,2.4000000000000004,0.5
2023,2,1,14,0,4.3,0.015,0,61,985,526,0.305,42.4,815,2.2,0.5
2023,2,1,15,0,3.3000000000000003,0.015,0,53,926,391,0.303,48.18,815,1.7000000000000002,0.5
2023,2,1,16,0,0.4,0.015,0,40,798,217,0.303,56.9,816,0.8,0.5
2023,2,1,17,0,-2.3000000000000003,0.015,0,17,442,40,0.303,57.21,816,0.6000000000000001,0.5
2023,2,1,18,0,-3.3000000000000003,0.015,0,0,0,0,0.302,58.21,817,0.8,0.5
2023,2,1,19,0,-3.9000000000000004,0.015,0,0,0,0,0.299,58.11,817,1.6,0.5
2023,2,1,20,0,-4.9,0.015,0,0,0,0,0.295,59.72,817,2.3000000000000003,0.5
2023,2,1,21,0,-5.2,0.014,0,0,0,0,0.291,58.44,817,2.8000000000000003,0.5
2023,2,1,22,0,-5.1000000000000005,0.014,0,0,0,0,0.28700000000000003,57.01,817,3.3000000000000003,0.5
2023,2,1,23,0,-4.800000000000001,0.014,0,0,0,0,0.28400000000000003,56.54,817,3.6,0.5
2023,2,2,0,0,-4.7,0.015,0,0,0,0,0.28200000000000003,57.28,817,3.7,0.5
2023,2,2,1,0,-4.7,0.016,0,0,0,0,0.28200000000000003,58.22,818,3.7,0.5
2023,2,2,2,0,-4.9,0.018000000000000002,0,0,0,0,0.28400000000000003,59.410000000000004,818,3.5,0.6000000000000001
2023,2,2,3,0,-5,0.021,0,0,0,0,0.28600000000000003,59.660000000000004,818,3.3000000000000003,0.6000000000000001
2023,2,2,4,0,-5.2,0.024,0,0,0,0,0.28800000000000003,60.14,819,3.1,0.6000000000000001
2023,2,2,5,0,-5.4,0.025,0,0,0,0,0.289,60.2,819,2.9000000000000004,0.6000000000000001
2023,2,2,6,0,-5.6000000000000005,0.026000000000000002,0,0,0,0,0.291,59.84,820,2.6,0.6000000000000001
2023,2,2,7,0,-4.800000000000001,0.026000000000000002,0,0,0,0,0.292,57.300000000000004,821,2.3000000000000003,0.6000000000000001
2023,2,2,8,0,-1.1,0.025,7,88,56,96,0.294,52.21,821,2.7,0.6000000000000001
2023,2,2,9,0,2,0.023,0,53,854,311,0.296,46.95,822,2.3000000000000003,0.6000000000000001
2023,2,2,10,0,4.6000000000000005,0.02,0,62,946,468,0.298,41.660000000000004,822,1.4000000000000001,0.6000000000000001
2023,2,2,11,0,5.800000000000001,0.018000000000000002,0,67,998,580,0.298,39.68,822,1.3,0.5
2023,2,2,12,0,6.5,0.017,0,69,1014,628,0.299,38.08,822,1.5,0.5
2023,2,2,13,0,6.7,0.016,0,67,1011,611,0.299,37.15,821,1.7000000000000002,0.5
2023,2,2,14,0,6.6000000000000005,0.018000000000000002,0,65,990,537,0.299,37.07,821,1.8,0.4
2023,2,2,15,0,5.6000000000000005,0.017,0,55,933,400,0.298,44.18,821,1.3,0.4
2023,2,2,16,0,2.8000000000000003,0.016,0,41,809,223,0.298,50.14,822,0.7000000000000001,0.4
2023,2,2,17,0,0,0.014,0,17,465,43,0.298,51.46,823,0.8,0.4
2023,2,2,18,0,-1.3,0.013000000000000001,0,0,0,0,0.299,54.03,823,1.7000000000000002,0.30000000000000004
2023,2,2,19,0,-2.9000000000000004,0.011,0,0,0,0,0.298,58.76,824,2.6,0.30000000000000004
2023,2,2,20,0,-3.4000000000000004,0.01,0,0,0,0,0.298,57.25,824,3.3000000000000003,0.30000000000000004
2023,2,2,21,0,-3.5,0.01,0,0,0,0,0.298,53.13,824,3.7,0.30000000000000004
2023,2,2,22,0,-3.4000000000000004,0.01,0,0,0,0,0.299,48.22,824,4,0.30000000000000004
2023,2,2,23,0,-3.3000000000000003,0.01,0,0,0,0,0.299,44.31,823,4.1000000000000005,0.30000000000000004
2023,2,3,0,0,-3.3000000000000003,0.01,0,0,0,0,0.299,42.83,823,4,0.30000000000000004
2023,2,3,1,0,-3.3000000000000003,0.01,0,0,0,0,0.298,42.39,823,4,0.30000000000000004
2023,2,3,2,0,-3.3000000000000003,0.01,0,0,0,0,0.296,42.2,822,3.9000000000000004,0.30000000000000004
2023,2,3,3,0,-3.2,0.01,0,0,0,0,0.294,41.94,822,3.7,0.30000000000000004
2023,2,3,4,0,-3.1,0.01,0,0,0,0,0.29,41.6,822,3.7,0.30000000000000004
2023,2,3,5,0,-3.1,0.01,0,0,0,0,0.28700000000000003,41.52,822,3.7,0.30000000000000004
2023,2,3,6,0,-3,0.01,0,0,0,0,0.28400000000000003,41.35,822,3.9000000000000004,0.2
2023,2,3,7,0,-1.8,0.01,0,0,0,0,0.281,40.09,823,4.3,0.2
2023,2,3,8,0,1.3,0.01,0,29,745,138,0.281,38.12,823,4.9,0.2
2023,2,3,9,0,4.3,0.01,7,43,932,328,0.28400000000000003,36.34,823,4.6000000000000005,0.2
2023,2,3,10,0,7.1000000000000005,0.011,0,53,1009,489,0.28600000000000003,34.67,822,3.6,0.2
2023,2,3,11,0,9.700000000000001,0.012,7,60,1045,601,0.28700000000000003,27.38,822,2.9000000000000004,0.2
2023,2,3,12,0,10.9,0.014,7,191,821,646,0.28700000000000003,24.82,821,2.5,0.2
2023,2,3,13,0,11.200000000000001,0.017,7,178,808,616,0.28700000000000003,24.990000000000002,820,2.2,0.2
2023,2,3,14,0,10.5,0.02,7,167,765,534,0.28700000000000003,33.54,819,1.4000000000000001,0.2
2023,2,3,15,0,8.1,0.021,7,173,514,365,0.28800000000000003,44.11,819,0.5,0.2
2023,2,3,16,0,5.2,0.018000000000000002,7,97,503,212,0.291,42.93,819,0.5,0.2
2023,2,3,17,0,2.6,0.016,7,33,7,34,0.295,43.56,820,0.8,0.2
2023,2,3,18,0,0.9,0.014,7,0,0,0,0.297,47.88,820,2,0.2
2023,2,3,19,0,-1.1,0.014,7,0,0,0,0.297,54.81,820,3,0.2
2023,2,3,20,0,-1.8,0.017,7,0,0,0,0.298,54.81,819,3.4000000000000004,0.2
2023,2,3,21,0,-1,0.019,7,0,0,0,0.301,48.57,819,3.7,0.2
2023,2,3,22,0,-0.30000000000000004,0.023,7,0,0,0,0.304,44.1,818,3.9000000000000004,0.2
2023,2,3,23,0,0.2,0.027,6,0,0,0,0.308,41.46,817,3.9000000000000004,0.2
2023,2,4,0,0,0.30000000000000004,0.028,6,0,0,0,0.311,40.93,817,4,0.30000000000000004
2023,2,4,1,0,0.2,0.027,6,0,0,0,0.315,40.99,816,4,0.4
2023,2,4,2,0,0.2,0.026000000000000002,6,0,0,0,0.318,41.33,816,4.1000000000000005,0.4
2023,2,4,3,0,0.1,0.026000000000000002,6,0,0,0,0.32,42.29,816,4.1000000000000005,0.5
2023,2,4,4,0,-0.2,0.028,6,0,0,0,0.321,43.68,815,4,0.5
2023,2,4,5,0,-0.4,0.031,7,0,0,0,0.324,45.19,815,3.6,0.5
2023,2,4,6,0,-0.6000000000000001,0.031,7,0,0,0,0.325,46.86,816,3.2,0.4
2023,2,4,7,0,-0.30000000000000004,0.03,0,0,0,0,0.326,47.800000000000004,816,2.9000000000000004,0.4
2023,2,4,8,0,1.4000000000000001,0.028,0,36,665,136,0.325,47.160000000000004,816,2.8000000000000003,0.4
2023,2,4,9,0,3.9000000000000004,0.027,0,54,870,324,0.324,43.69,816,3,0.4
2023,2,4,10,0,6.300000000000001,0.024,0,64,961,484,0.318,35.56,817,4.1000000000000005,0.4
2023,2,4,11,0,7.800000000000001,0.021,0,68,1006,593,0.316,30.8,816,5.2,0.4
2023,2,4,12,0,8.3,0.024,0,72,1017,641,0.315,30.28,816,5.5,0.4
2023,2,4,13,0,8.200000000000001,0.027,0,74,1008,625,0.31,31.63,816,5.4,0.4
2023,2,4,14,0,7.800000000000001,0.028,0,69,980,545,0.309,33.58,816,5.1000000000000005,0.4
2023,2,4,15,0,6.4,0.029,0,61,919,408,0.312,40.160000000000004,816,4,0.4
2023,2,4,16,0,3.2,0.032,7,110,388,200,0.313,50.94,816,2.9000000000000004,0.4
2023,2,4,17,0,0.9,0.035,7,28,3,28,0.313,55.51,817,2.5,0.4
2023,2,4,18,0,0.6000000000000001,0.039,6,0,0,0,0.311,54.61,817,2.5,0.4
2023,2,4,19,0,0.2,0.041,7,0,0,0,0.308,53.6,817,2.7,0.4
2023,2,4,20,0,-0.5,0.04,7,0,0,0,0.304,54.09,817,2.7,0.4
2023,2,4,21,0,-1.1,0.038,0,0,0,0,0.3,55.160000000000004,817,2.6,0.4
2023,2,4,22,0,-1.3,0.036000000000000004,0,0,0,0,0.297,55.52,817,2.5,0.4
2023,2,4,23,0,-1.3,0.035,7,0,0,0,0.294,55.370000000000005,817,2.4000000000000004,0.4
2023,2,5,0,0,-1.2000000000000002,0.037,7,0,0,0,0.292,55.56,817,2.4000000000000004,0.4
2023,2,5,1,0,-0.8,0.04,7,0,0,0,0.291,55.25,817,2.4000000000000004,0.4
2023,2,5,2,0,-0.2,0.043000000000000003,7,0,0,0,0.289,54.84,817,2.3000000000000003,0.5
2023,2,5,3,0,0.2,0.043000000000000003,7,0,0,0,0.28700000000000003,55.45,816,1.9000000000000001,0.5
2023,2,5,4,0,0.30000000000000004,0.041,7,0,0,0,0.28600000000000003,56.79,816,1.5,0.5
2023,2,5,5,0,0.1,0.037,7,0,0,0,0.28400000000000003,58.550000000000004,816,1.1,0.6000000000000001
2023,2,5,6,0,-0.4,0.03,7,0,0,0,0.28400000000000003,60.24,816,1,0.6000000000000001
2023,2,5,7,0,-0.1,0.025,7,0,0,0,0.28300000000000003,59.19,816,1.3,0.5
2023,2,5,8,0,2.4000000000000004,0.024,7,62,460,133,0.28300000000000003,52.88,816,2,0.5
2023,2,5,9,0,5,0.024,7,112,616,305,0.28300000000000003,45.37,815,1.9000000000000001,0.5
2023,2,5,10,0,8.1,0.024,7,55,956,476,0.28400000000000003,35.43,815,1.9000000000000001,0.5
2023,2,5,11,0,10.3,0.027,7,161,757,560,0.28500000000000003,31.14,814,2.1,0.5
2023,2,5,12,0,11.600000000000001,0.027,0,63,1007,631,0.28400000000000003,29.37,813,2.3000000000000003,0.5
2023,2,5,13,0,12,0.027,0,62,1003,615,0.28300000000000003,29.13,812,2.4000000000000004,0.5
2023,2,5,14,0,11.700000000000001,0.03,0,61,971,536,0.28200000000000003,30.48,811,2.3000000000000003,0.5
2023,2,5,15,0,9.700000000000001,0.03,0,55,912,403,0.28,41.81,810,1.6,0.5
2023,2,5,16,0,5,0.029,0,43,786,230,0.28,52,810,1.4000000000000001,0.5
2023,2,5,17,0,2,0.03,0,21,436,50,0.28200000000000003,56.51,810,2,0.5
2023,2,5,18,0,1.7000000000000002,0.031,0,0,0,0,0.28500000000000003,56.410000000000004,810,2.9000000000000004,0.5
2023,2,5,19,0,1.4000000000000001,0.032,0,0,0,0,0.28800000000000003,56.7,809,3.7,0.5
2023,2,5,20,0,1,0.033,0,0,0,0,0.29,57.94,809,3.7,0.5
2023,2,5,21,0,0.4,0.034,0,0,0,0,0.293,59.74,808,3.1,0.4
2023,2,5,22,0,-0.30000000000000004,0.035,0,0,0,0,0.295,61.43,808,2.6,0.4
2023,2,5,23,0,-0.8,0.038,0,0,0,0,0.295,61.67,808,2.2,0.5
2023,2,6,0,0,-1.5,0.043000000000000003,0,0,0,0,0.297,61.940000000000005,807,1.9000000000000001,0.5
2023,2,6,1,0,-2.1,0.049,0,0,0,0,0.301,62.65,807,1.8,0.6000000000000001
2023,2,6,2,0,-1.9000000000000001,0.057,7,0,0,0,0.306,62.4,806,1.9000000000000001,0.7000000000000001
2023,2,6,3,0,-1.2000000000000002,0.065,7,0,0,0,0.313,60.79,806,2,0.7000000000000001
2023,2,6,4,0,-0.8,0.066,7,0,0,0,0.322,60.29,807,1.9000000000000001,0.7000000000000001
2023,2,6,5,0,-1,0.063,7,0,0,0,0.331,61.11,807,1.6,0.6000000000000001
2023,2,6,6,0,-1.6,0.053,7,0,0,0,0.337,61.870000000000005,807,1.5,0.5
2023,2,6,7,0,-1,0.044,7,0,0,0,0.34,57.18,808,2,0.5
2023,2,6,8,0,0.2,0.04,7,88,99,104,0.342,50.47,808,3.3000000000000003,0.4
2023,2,6,9,0,1.2000000000000002,0.037,0,54,856,325,0.343,43.19,809,4.4,0.4
2023,2,6,10,0,1.9000000000000001,0.034,0,61,949,483,0.343,39.62,809,5,0.4
2023,2,6,11,0,2.5,0.03,0,64,996,592,0.34400000000000003,36.87,810,5.1000000000000005,0.4
2023,2,6,12,0,3,0.027,0,64,1015,641,0.34500000000000003,34.26,810,5,0.4
2023,2,6,13,0,3.3000000000000003,0.024,7,158,722,560,0.34700000000000003,32.64,810,4.7,0.4
2023,2,6,14,0,3.1,0.022,6,157,5,159,0.34700000000000003,32.49,811,4.5,0.30000000000000004
2023,2,6,15,0,2.2,0.022,0,51,934,412,0.34500000000000003,34.47,812,4.1000000000000005,0.4
2023,2,6,16,0,0.1,0.022,7,133,114,160,0.343,42.18,813,2.5,0.4
2023,2,6,17,0,-3,0.024,0,21,479,54,0.34,52.77,814,1.4000000000000001,0.4
2023,2,6,18,0,-3.7,0.025,0,0,0,0,0.336,54.11,815,1.6,0.5
2023,2,6,19,0,-4.1000000000000005,0.024,0,0,0,0,0.333,54.59,816,2.1,0.5
2023,2,6,20,0,-4.6000000000000005,0.021,0,0,0,0,0.331,55.27,816,2.3000000000000003,0.5
2023,2,6,21,0,-5.2,0.02,0,0,0,0,0.331,55.92,817,2.2,0.5
2023,2,6,22,0,-5.7,0.019,0,0,0,0,0.331,56.47,817,1.9000000000000001,0.4
2023,2,6,23,0,-5.800000000000001,0.019,0,0,0,0,0.33,56.46,817,1.8,0.4
2023,2,7,0,0,-5.7,0.019,0,0,0,0,0.329,55.89,818,1.9000000000000001,0.4
2023,2,7,1,0,-5.6000000000000005,0.019,0,0,0,0,0.329,55.92,818,1.9000000000000001,0.4
2023,2,7,2,0,-5.800000000000001,0.019,0,0,0,0,0.329,56.64,818,2,0.4
2023,2,7,3,0,-6,0.019,0,0,0,0,0.33,56.81,818,2.2,0.4
2023,2,7,4,0,-6.2,0.018000000000000002,0,0,0,0,0.332,56.61,818,2.4000000000000004,0.30000000000000004
2023,2,7,5,0,-6.5,0.017,0,0,0,0,0.333,56.36,818,2.4000000000000004,0.30000000000000004
2023,2,7,6,0,-6.800000000000001,0.017,0,0,0,0,0.333,55.550000000000004,818,2.3000000000000003,0.30000000000000004
2023,2,7,7,0,-5.300000000000001,0.017,0,0,0,0,0.333,49.75,819,2.5,0.30000000000000004
2023,2,7,8,0,-2,0.016,8,31,727,148,0.332,40.81,820,2.9000000000000004,0.30000000000000004
2023,2,7,9,0,1.9000000000000001,0.016,0,44,910,336,0.331,33.980000000000004,820,1.5,0.30000000000000004
2023,2,7,10,0,3.9000000000000004,0.016,0,50,989,494,0.329,30.48,820,0.9,0.30000000000000004
2023,2,7,11,0,5.1000000000000005,0.016,0,54,1027,603,0.327,28.52,820,0.6000000000000001,0.30000000000000004
2023,2,7,12,0,6,0.016,0,55,1041,652,0.325,27.12,819,0.9,0.30000000000000004
2023,2,7,13,0,6.4,0.016,0,55,1037,636,0.323,26.82,819,1,0.30000000000000004
2023,2,7,14,0,6.300000000000001,0.017,0,53,1011,557,0.321,27.36,818,1,0.30000000000000004
2023,2,7,15,0,5.4,0.018000000000000002,0,49,955,422,0.318,30.84,819,0.9,0.30000000000000004
2023,2,7,16,0,2,0.018000000000000002,0,39,838,245,0.317,46.81,819,0.5,0.30000000000000004
2023,2,7,17,0,-1.2000000000000002,0.019,0,21,518,59,0.315,46.08,819,0.5,0.30000000000000004
2023,2,7,18,0,-2.5,0.019,0,0,0,0,0.313,49.42,819,0.6000000000000001,0.30000000000000004
2023,2,7,19,0,-3.6,0.019,0,0,0,0,0.31,53.6,819,1.8,0.30000000000000004
2023,2,7,20,0,-4.5,0.019,0,0,0,0,0.308,56.74,819,2.5,0.30000000000000004
2023,2,7,21,0,-4.9,0.018000000000000002,0,0,0,0,0.306,56.51,819,2.8000000000000003,0.30000000000000004
2023,2,7,22,0,-5,0.018000000000000002,0,0,0,0,0.305,55.03,818,3,0.30000000000000004
2023,2,7,23,0,-5.1000000000000005,0.019,0,0,0,0,0.304,54.18,818,3,0.30000000000000004
2023,2,8,0,0,-5.1000000000000005,0.019,0,0,0,0,0.303,53.2,818,2.9000000000000004,0.30000000000000004
2023,2,8,1,0,-5,0.02,0,0,0,0,0.302,52.45,817,2.8000000000000003,0.4
2023,2,8,2,0,-4.6000000000000005,0.021,0,0,0,0,0.3,51.99,817,2.9000000000000004,0.4
2023,2,8,3,0,-4.3,0.021,0,0,0,0,0.297,53.17,816,3,0.4
2023,2,8,4,0,-3.9000000000000004,0.021,0,0,0,0,0.295,54.25,816,3.1,0.4
2023,2,8,5,0,-3.9000000000000004,0.021,0,0,0,0,0.293,55.36,816,3.2,0.5
2023,2,8,6,0,-3.8000000000000003,0.021,0,0,0,0,0.291,55.99,816,3.3000000000000003,0.5
2023,2,8,7,0,-2.5,0.022,0,0,0,0,0.289,53.22,815,3.8000000000000003,0.6000000000000001
2023,2,8,8,0,0.5,0.025,0,35,680,147,0.28800000000000003,46.72,815,4.2,0.6000000000000001
2023,2,8,9,0,3.5,0.03,0,51,860,331,0.28700000000000003,41.79,815,4.2,0.6000000000000001
2023,2,8,10,0,5.2,0.032,0,60,941,487,0.28800000000000003,39.43,815,4,0.6000000000000001
2023,2,8,11,0,6.2,0.031,0,65,990,599,0.28800000000000003,37.82,815,4.2,0.5
2023,2,8,12,0,6.7,0.028,7,155,811,622,0.289,35.86,814,4.4,0.5
2023,2,8,13,0,6.6000000000000005,0.024,6,165,4,167,0.289,33.65,813,4.4,0.4
2023,2,8,14,0,6,0.02,9,126,2,127,0.291,32.84,813,4.3,0.30000000000000004
2023,2,8,15,0,4.800000000000001,0.017,0,48,962,429,0.294,35.18,812,3.8000000000000003,0.30000000000000004
2023,2,8,16,0,2,0.017,0,39,835,248,0.297,45.730000000000004,812,2.2,0.4
2023,2,8,17,0,-1.4000000000000001,0.019,0,22,521,63,0.299,55.72,813,1.5,0.4
2023,2,8,18,0,-1.9000000000000001,0.022,0,0,0,0,0.3,56.69,813,1.3,0.4
2023,2,8,19,0,-2.1,0.028,7,0,0,0,0.302,56.67,813,1,0.4
2023,2,8,20,0,-2.6,0.037,9,0,0,0,0.303,57.68,813,0.9,0.5
2023,2,8,21,0,-2.8000000000000003,0.049,6,0,0,0,0.305,58.51,814,1.6,0.5
2023,2,8,22,0,-2.8000000000000003,0.051000000000000004,6,0,0,0,0.309,56.67,814,2.7,0.4
2023,2,8,23,0,-3.6,0.047,7,0,0,0,0.313,54.22,814,3.1,0.4
2023,2,9,0,0,-4.4,0.048,9,0,0,0,0.317,51.980000000000004,815,3.4000000000000004,0.4
2023,2,9,1,0,-4.9,0.052000000000000005,9,0,0,0,0.32,53.61,815,3.9000000000000004,0.4
2023,2,9,2,0,-5.4,0.056,6,0,0,0,0.323,58.160000000000004,816,3.8000000000000003,0.4
2023,2,9,3,0,-5.6000000000000005,0.056,7,0,0,0,0.325,59.25,816,3.7,0.4
2023,2,9,4,0,-5.800000000000001,0.048,7,0,0,0,0.326,57.980000000000004,817,3.6,0.4
2023,2,9,5,0,-6.1000000000000005,0.035,0,0,0,0,0.327,55.910000000000004,818,3.7,0.30000000000000004
2023,2,9,6,0,-6.7,0.029,4,0,0,0,0.328,54.38,819,3.9000000000000004,0.30000000000000004
2023,2,9,7,0,-6.2,0.028,7,0,0,0,0.329,50.18,820,4.6000000000000005,0.30000000000000004
2023,2,9,8,0,-4.5,0.027,7,38,710,158,0.331,44.980000000000004,821,6.1000000000000005,0.30000000000000004
2023,2,9,9,0,-3.6,0.026000000000000002,7,181,312,284,0.333,43.26,821,6.7,0.30000000000000004
2023,2,9,10,0,-3.1,0.025,8,268,49,290,0.335,41.33,822,6.6000000000000005,0.30000000000000004
2023,2,9,11,0,-2.5,0.023,7,317,352,508,0.337,37.99,822,6.2,0.30000000000000004
2023,2,9,12,0,-1.9000000000000001,0.02,7,327,41,351,0.339,35,821,5.800000000000001,0.30000000000000004
2023,2,9,13,0,-1.5,0.019,7,163,769,601,0.343,33.14,821,5.6000000000000005,0.30000000000000004
2023,2,9,14,0,-1.6,0.018000000000000002,7,168,698,522,0.34500000000000003,32.54,821,5.4,0.30000000000000004
2023,2,9,15,0,-2.3000000000000003,0.018000000000000002,8,39,0,39,0.34400000000000003,33.19,821,5,0.2
2023,2,9,16,0,-3.7,0.018000000000000002,8,158,112,186,0.343,35.88,822,3.9000000000000004,0.2
2023,2,9,17,0,-6.2,0.019,7,40,5,40,0.343,43.24,823,2.1,0.2
2023,2,9,18,0,-7.9,0.019,0,0,0,0,0.342,49.59,823,1.2000000000000002,0.2
2023,2,9,19,0,-9,0.019,0,0,0,0,0.342,53.18,824,0.9,0.2
2023,2,9,20,0,-9.8,0.019,0,0,0,0,0.342,54.92,824,0.8,0.2
2023,2,9,21,0,-10.4,0.019,0,0,0,0,0.34,55.49,824,0.9,0.2
2023,2,9,22,0,-10.9,0.019,0,0,0,0,0.338,55.85,824,1.2000000000000002,0.2
2023,2,9,23,0,-11.100000000000001,0.02,0,0,0,0,0.335,54.49,823,1.6,0.2
2023,2,10,0,0,-11.200000000000001,0.02,0,0,0,0,0.333,52.14,823,2,0.2
2023,2,10,1,0,-11.5,0.019,0,0,0,0,0.332,48.97,823,2.5,0.2
2023,2,10,2,0,-11.600000000000001,0.018000000000000002,0,0,0,0,0.33,45.230000000000004,822,3,0.2
2023,2,10,3,0,-11.4,0.018000000000000002,0,0,0,0,0.327,42.39,822,3.3000000000000003,0.2
2023,2,10,4,0,-10.9,0.017,0,0,0,0,0.324,40.480000000000004,822,3.5,0.2
2023,2,10,5,0,-10.4,0.016,0,0,0,0,0.321,40.1,821,3.5,0.2
2023,2,10,6,0,-9.700000000000001,0.015,0,0,0,0,0.318,40.36,821,3.3000000000000003,0.2
2023,2,10,7,0,-7.6000000000000005,0.015,0,0,0,0,0.315,37.71,822,3.3000000000000003,0.2
2023,2,10,8,0,-3.9000000000000004,0.015,0,34,768,166,0.313,33.74,822,3.5,0.2
2023,2,10,9,0,-0.5,0.015,0,48,922,356,0.311,33.57,822,2.9000000000000004,0.30000000000000004
2023,2,10,10,0,3,0.015,0,58,997,519,0.311,30.11,822,2,0.30000000000000004
2023,2,10,11,0,5.7,0.016,0,64,1032,630,0.31,26.37,821,1.3,0.30000000000000004
2023,2,10,12,0,7.1000000000000005,0.016,0,67,1034,673,0.309,26.2,821,1.2000000000000002,0.4
2023,2,10,13,0,7.9,0.017,0,67,1029,657,0.307,26.59,820,1.2000000000000002,0.4
2023,2,10,14,0,8,0.017,0,63,1005,577,0.303,28.330000000000002,820,1.1,0.4
2023,2,10,15,0,6.800000000000001,0.017,0,55,953,440,0.299,37.480000000000004,820,0.7000000000000001,0.4
2023,2,10,16,0,3.4000000000000004,0.017,0,43,842,261,0.295,49.04,820,0.30000000000000004,0.4
2023,2,10,17,0,0.30000000000000004,0.017,0,23,549,70,0.294,49.08,820,0.8,0.4
2023,2,10,18,0,-0.6000000000000001,0.017,0,0,0,0,0.293,51.050000000000004,820,1.8,0.4
2023,2,10,19,0,-1.5,0.017,0,0,0,0,0.293,54.43,820,2.7,0.4
2023,2,10,20,0,-1.9000000000000001,0.017,0,0,0,0,0.293,54.78,820,3,0.4
2023,2,10,21,0,-1.8,0.016,0,0,0,0,0.294,50.74,820,3,0.4
2023,2,10,22,0,-1.5,0.016,0,0,0,0,0.295,45.61,819,2.7,0.4
2023,2,10,23,0,-1.4000000000000001,0.016,0,0,0,0,0.295,42.37,819,2.5,0.4
2023,2,11,0,0,-1.4000000000000001,0.016,0,0,0,0,0.293,40.67,819,2.4000000000000004,0.30000000000000004
2023,2,11,1,0,-1.4000000000000001,0.016,0,0,0,0,0.292,39.72,819,2.3000000000000003,0.30000000000000004
2023,2,11,2,0,-1.6,0.016,0,0,0,0,0.29,39.37,818,2.3000000000000003,0.30000000000000004
2023,2,11,3,0,-1.7000000000000002,0.016,0,0,0,0,0.289,39,818,2.3000000000000003,0.30000000000000004
2023,2,11,4,0,-1.8,0.016,0,0,0,0,0.28800000000000003,38.74,818,2.3000000000000003,0.30000000000000004
2023,2,11,5,0,-1.6,0.017,0,0,0,0,0.289,37.44,818,2.3000000000000003,0.30000000000000004
2023,2,11,6,0,-1.4000000000000001,0.017,0,0,0,0,0.29,35.89,818,2.2,0.30000000000000004
2023,2,11,7,0,0.5,0.018000000000000002,0,0,0,0,0.291,34.18,818,2.1,0.30000000000000004
2023,2,11,8,0,4.6000000000000005,0.018000000000000002,0,35,768,171,0.291,35.51,818,2.2,0.2
2023,2,11,9,0,8.4,0.018000000000000002,0,50,937,367,0.29,30.3,818,2.3000000000000003,0.2
2023,2,11,10,0,11,0.018000000000000002,7,59,1012,531,0.28700000000000003,27.67,817,1.4000000000000001,0.2
2023,2,11,11,0,13,0.019,0,65,1031,635,0.28400000000000003,23.79,817,0.8,0.30000000000000004
2023,2,11,12,0,14,0.021,7,172,815,654,0.28200000000000003,22.16,816,0.8,0.30000000000000004
2023,2,11,13,0,14.100000000000001,0.023,7,224,668,611,0.28,21.72,815,1,0.30000000000000004
2023,2,11,14,0,13.600000000000001,0.024,7,192,689,548,0.279,24.8,815,1.1,0.30000000000000004
2023,2,11,15,0,11.3,0.025,7,174,546,397,0.279,37.25,814,0.8,0.30000000000000004
2023,2,11,16,0,7.7,0.028,7,115,426,227,0.28,38.58,814,0.8,0.30000000000000004
2023,2,11,17,0,4.1000000000000005,0.032,7,51,15,52,0.28200000000000003,42.980000000000004,814,1,0.30000000000000004
2023,2,11,18,0,2.5,0.035,7,0,0,0,0.28500000000000003,49.83,814,1.5,0.4
2023,2,11,19,0,1.9000000000000001,0.035,7,0,0,0,0.289,54.38,814,1.8,0.4
2023,2,11,20,0,1.8,0.032,7,0,0,0,0.292,54.480000000000004,814,2.1,0.4
2023,2,11,21,0,1.1,0.029,7,0,0,0,0.295,52.94,814,2.1,0.4
2023,2,11,22,0,0.30000000000000004,0.031,7,0,0,0,0.297,49.050000000000004,814,2,0.4
2023,2,11,23,0,0.8,0.036000000000000004,0,0,0,0,0.299,42.77,814,2.1,0.5
2023,2,12,0,0,1,0.04,7,0,0,0,0.301,39.68,814,2.3000000000000003,0.5
2023,2,12,1,0,0.9,0.043000000000000003,7,0,0,0,0.302,39.99,815,2.5,0.6000000000000001
2023,2,12,2,0,0.7000000000000001,0.045,7,0,0,0,0.302,42.38,815,2.6,0.6000000000000001
2023,2,12,3,0,0.6000000000000001,0.046,7,0,0,0,0.304,45.27,814,2.6,0.6000000000000001
2023,2,12,4,0,0.30000000000000004,0.046,7,0,0,0,0.305,48.2,814,2.4000000000000004,0.6000000000000001
2023,2,12,5,0,0,0.044,7,0,0,0,0.307,50.27,814,2.3000000000000003,0.7000000000000001
2023,2,12,6,0,-0.2,0.043000000000000003,0,0,0,0,0.309,51.09,814,2.1,0.7000000000000001
2023,2,12,7,0,0.6000000000000001,0.045,0,0,0,0,0.309,50.300000000000004,814,2.2,0.7000000000000001
2023,2,12,8,0,3,0.048,0,44,641,160,0.31,45.58,815,2.3000000000000003,0.7000000000000001
2023,2,12,9,0,5.5,0.052000000000000005,7,66,825,348,0.31,40.33,815,2.1,0.7000000000000001
2023,2,12,10,0,7.2,0.056,7,179,644,482,0.311,37.44,815,2.4000000000000004,0.7000000000000001
2023,2,12,11,0,8,0.067,7,94,929,612,0.312,36.78,815,2.8000000000000003,0.8
2023,2,12,12,0,8.200000000000001,0.066,0,97,947,661,0.312,37.82,815,2.9000000000000004,0.8
2023,2,12,13,0,8.3,0.059000000000000004,0,92,950,646,0.314,38.74,815,2.5,0.8
2023,2,12,14,0,8.4,0.044,7,193,666,540,0.315,38.79,815,2,0.8
2023,2,12,15,0,8,0.037,0,65,900,437,0.316,40.04,815,1.5,0.7000000000000001
2023,2,12,16,0,5.7,0.033,0,50,789,260,0.317,49.28,815,0.5,0.7000000000000001
2023,2,12,17,0,2.4000000000000004,0.031,0,26,506,73,0.318,53.64,815,0.8,0.6000000000000001
2023,2,12,18,0,0.5,0.03,0,0,0,0,0.319,59.980000000000004,815,1.3,0.6000000000000001
2023,2,12,19,0,-0.9,0.029,0,0,0,0,0.32,65.27,816,1.9000000000000001,0.5
2023,2,12,20,0,-1.4000000000000001,0.027,0,0,0,0,0.32,64.7,816,2.4000000000000004,0.5
2023,2,12,21,0,-1.8,0.026000000000000002,0,0,0,0,0.319,61.08,815,2.5,0.5
2023,2,12,22,0,-2,0.026000000000000002,0,0,0,0,0.32,56.300000000000004,815,2.3000000000000003,0.5
2023,2,12,23,0,-1.9000000000000001,0.025,0,0,0,0,0.322,51.59,815,2,0.5
2023,2,13,0,0,-1.8,0.024,0,0,0,0,0.323,47.99,814,1.9000000000000001,0.4
2023,2,13,1,0,-1.6,0.023,0,0,0,0,0.325,45.24,814,1.8,0.4
2023,2,13,2,0,-1.8,0.022,0,0,0,0,0.325,44.050000000000004,813,1.9000000000000001,0.4
2023,2,13,3,0,-2.1,0.021,0,0,0,0,0.324,42.96,813,2,0.30000000000000004
2023,2,13,4,0,-2.4000000000000004,0.02,0,0,0,0,0.324,41.54,812,2,0.30000000000000004
2023,2,13,5,0,-2.5,0.019,0,0,0,0,0.325,39.56,812,2.4000000000000004,0.30000000000000004
2023,2,13,6,0,-2.6,0.018000000000000002,0,0,0,0,0.325,37.480000000000004,811,2.7,0.2
2023,2,13,7,0,-0.30000000000000004,0.018000000000000002,0,0,0,0,0.325,32.33,811,3.3000000000000003,0.2
2023,2,13,8,0,4,0.019,0,36,760,176,0.325,27.36,811,3.9000000000000004,0.30000000000000004
2023,2,13,9,0,7.4,0.019,0,50,913,367,0.322,27.52,810,3.4000000000000004,0.4
2023,2,13,10,0,10.3,0.021,0,61,984,528,0.319,26.7,809,3.6,0.4
2023,2,13,11,0,11.700000000000001,0.024,0,68,1007,634,0.315,27.5,808,3.7,0.5
2023,2,13,12,0,12.3,0.03,0,75,1006,679,0.312,28.22,807,3.6,0.6000000000000001
2023,2,13,13,0,12.4,0.036000000000000004,0,78,988,658,0.31,28.73,806,3.3000000000000003,0.7000000000000001
2023,2,13,14,0,12,0.041,6,207,6,210,0.311,29.79,805,3,0.7000000000000001
2023,2,13,15,0,10.600000000000001,0.047,7,199,369,353,0.313,36.35,804,2.2,0.8
2023,2,13,16,0,7.5,0.056,7,110,14,114,0.316,47.4,803,1.3,0.8
2023,2,13,17,0,4.6000000000000005,0.068,7,40,2,41,0.32,52.47,803,1.6,0.9
2023,2,13,18,0,3.5,0.07100000000000001,6,0,0,0,0.323,56.980000000000004,802,1.8,0.9
2023,2,13,19,0,2.7,0.067,7,0,0,0,0.324,61.27,801,1.7000000000000002,0.9
2023,2,13,20,0,2,0.061,7,0,0,0,0.326,64.78,800,1.5,0.9
2023,2,13,21,0,1.4000000000000001,0.055,7,0,0,0,0.329,67.55,799,1.5,0.9
2023,2,13,22,0,0.8,0.043000000000000003,7,0,0,0,0.332,69.55,798,1.6,0.8
2023,2,13,23,0,0.2,0.035,7,0,0,0,0.335,71.06,797,1.8,0.7000000000000001
2023,2,14,0,0,-0.2,0.034,6,0,0,0,0.336,71.59,796,2.2,0.7000000000000001
2023,2,14,1,0,-0.1,0.036000000000000004,0,0,0,0,0.336,68.75,795,2.6,0.6000000000000001
2023,2,14,2,0,-0.1,0.04,0,0,0,0,0.33,65.8,795,2.8000000000000003,0.6000000000000001
2023,2,14,3,0,0.1,0.043000000000000003,0,0,0,0,0.321,61.76,794,3,0.6000000000000001
2023,2,14,4,0,0,0.045,0,0,0,0,0.312,59.46,794,3.2,0.5
2023,2,14,5,0,-0.30000000000000004,0.045,0,0,0,0,0.307,57.76,794,3.5,0.5
2023,2,14,6,0,-0.6000000000000001,0.042,7,0,0,0,0.307,56.78,795,3.5,0.4
2023,2,14,7,0,0.30000000000000004,0.036000000000000004,6,0,0,0,0.31,52.620000000000005,795,3.7,0.4
2023,2,14,8,0,2.1,0.033,9,37,0,37,0.316,45.74,795,4.800000000000001,0.30000000000000004
2023,2,14,9,0,3.5,0.031,7,58,907,377,0.319,38.7,795,5.5,0.30000000000000004
2023,2,14,10,0,4.4,0.029,7,187,650,499,0.319,33.27,796,5.4,0.30000000000000004
2023,2,14,11,0,4.800000000000001,0.027,7,73,1026,654,0.319,29.35,796,5.2,0.30000000000000004
2023,2,14,12,0,4.800000000000001,0.027,0,75,1039,704,0.32,27.23,796,5.1000000000000005,0.30000000000000004
2023,2,14,13,0,4.3,0.026000000000000002,7,177,746,619,0.324,26.8,796,4.9,0.30000000000000004
2023,2,14,14,0,3.7,0.024,7,259,481,513,0.329,27.310000000000002,797,4.4,0.30000000000000004
2023,2,14,15,0,2.9000000000000004,0.026000000000000002,7,258,98,299,0.334,28.990000000000002,798,3.5,0.30000000000000004
2023,2,14,16,0,1.1,0.031,0,51,841,282,0.339,34.85,799,2.2,0.30000000000000004
2023,2,14,17,0,-2.5,0.035,6,37,1,37,0.34700000000000003,44.25,799,2,0.4
2023,2,14,18,0,-4.4,0.049,7,0,0,0,0.356,48.29,800,2.3000000000000003,0.4
2023,2,14,19,0,-5.2,0.067,6,0,0,0,0.364,50.68,801,2.3000000000000003,0.5
2023,2,14,20,0,-5.4,0.075,6,0,0,0,0.371,51.72,802,2.1,0.5
2023,2,14,21,0,-5.4,0.07200000000000001,9,0,0,0,0.378,53.300000000000004,803,1.8,0.5
2023,2,14,22,0,-5.6000000000000005,0.07200000000000001,9,0,0,0,0.383,54.88,804,2.6,0.5
2023,2,14,23,0,-6.4,0.078,6,0,0,0,0.386,60.370000000000005,804,3.4000000000000004,0.4
2023,2,15,0,0,-7.2,0.081,7,0,0,0,0.387,64.16,804,3.8000000000000003,0.4
2023,2,15,1,0,-8,0.075,7,0,0,0,0.385,64.92,804,4.2,0.4
2023,2,15,2,0,-8.9,0.078,6,0,0,0,0.382,64.96000000000001,804,4.5,0.4
2023,2,15,3,0,-9.4,0.084,6,0,0,0,0.378,62.78,804,3.7,0.4
2023,2,15,4,0,-9.8,0.084,9,0,0,0,0.376,61.63,805,3.6,0.4
2023,2,15,5,0,-10.200000000000001,0.085,6,0,0,0,0.376,60.53,805,3.4000000000000004,0.4
2023,2,15,6,0,-10.600000000000001,0.084,6,0,0,0,0.376,59.84,805,3.5,0.4
2023,2,15,7,0,-10.8,0.083,9,0,0,0,0.375,59.13,806,3.6,0.4
2023,2,15,8,0,-10.700000000000001,0.081,9,45,0,45,0.374,58.11,807,3.6,0.4
2023,2,15,9,0,-10.4,0.076,9,97,1,97,0.375,56.68,808,3.7,0.4
2023,2,15,10,0,-9.9,0.07200000000000001,6,179,3,180,0.377,54.79,808,4.1000000000000005,0.4
2023,2,15,11,0,-9.3,0.068,6,257,8,261,0.38,53.08,807,4.7,0.4
2023,2,15,12,0,-9.200000000000001,0.065,7,246,671,655,0.38,53.01,808,4.5,0.30000000000000004
2023,2,15,13,0,-9.600000000000001,0.062,6,324,15,333,0.378,54.18,808,3.9000000000000004,0.30000000000000004
2023,2,15,14,0,-9.8,0.063,7,354,262,494,0.378,54.44,809,3.5,0.30000000000000004
2023,2,15,15,0,-10.100000000000001,0.065,7,284,197,368,0.38,55.11,809,3.3000000000000003,0.30000000000000004
2023,2,15,16,0,-10.4,0.064,6,86,1,86,0.381,55.59,810,3.2,0.30000000000000004
2023,2,15,17,0,-11.100000000000001,0.062,6,31,0,31,0.384,56.35,810,3,0.30000000000000004
2023,2,15,18,0,-11.4,0.061,6,0,0,0,0.386,56.160000000000004,811,2.8000000000000003,0.30000000000000004
2023,2,15,19,0,-11.5,0.061,6,0,0,0,0.387,56.120000000000005,812,2.4000000000000004,0.30000000000000004
2023,2,15,20,0,-11.600000000000001,0.06,6,0,0,0,0.386,55.93,812,2.1,0.30000000000000004
2023,2,15,21,0,-11.700000000000001,0.059000000000000004,6,0,0,0,0.384,55.4,812,2.1,0.30000000000000004
2023,2,15,22,0,-11.8,0.059000000000000004,9,0,0,0,0.382,54.77,812,2.3000000000000003,0.30000000000000004
2023,2,15,23,0,-11.9,0.06,7,0,0,0,0.381,54.32,812,2.4000000000000004,0.30000000000000004
2023,2,16,0,0,-11.9,0.059000000000000004,7,0,0,0,0.38,53.86,812,2.4000000000000004,0.30000000000000004
2023,2,16,1,0,-11.9,0.054,4,0,0,0,0.38,53.11,812,2.4000000000000004,0.30000000000000004
2023,2,16,2,0,-11.9,0.049,4,0,0,0,0.38,52,812,2.2,0.30000000000000004
2023,2,16,3,0,-11.8,0.045,4,0,0,0,0.38,50.57,813,2.1,0.30000000000000004
2023,2,16,4,0,-12.100000000000001,0.039,4,0,0,0,0.382,49.42,813,2,0.30000000000000004
2023,2,16,5,0,-13.100000000000001,0.033,4,0,0,0,0.384,50.04,814,1.9000000000000001,0.2
2023,2,16,6,0,-14.4,0.029,4,0,0,0,0.386,51.71,814,2,0.2
2023,2,16,7,0,-13.8,0.027,4,0,0,0,0.386,46.45,815,2.9000000000000004,0.1
2023,2,16,8,0,-10,0.025,8,84,516,186,0.385,38.75,816,3,0.1
2023,2,16,9,0,-6.6000000000000005,0.022,5,279,45,295,0.382,32.47,816,2.9000000000000004,0.2
2023,2,16,10,0,-4.5,0.021,4,370,23,381,0.379,30.75,816,3.2,0.2
2023,2,16,11,0,-3,0.021,4,441,21,453,0.378,30.79,816,3.4000000000000004,0.2
2023,2,16,12,0,-2,0.022,1,79,1057,728,0.378,31.51,816,3.6,0.2
2023,2,16,13,0,-1.5,0.023,0,79,1051,711,0.378,32.47,816,3.7,0.2
2023,2,16,14,0,-1.5,0.024,0,75,1027,628,0.377,34.11,816,3.5,0.2
2023,2,16,15,0,-2.1,0.024,0,65,976,485,0.376,36.910000000000004,816,3.1,0.2
2023,2,16,16,0,-3.7,0.022,0,50,876,298,0.375,40.910000000000004,816,2.2,0.2
2023,2,16,17,0,-6.7,0.021,0,28,619,95,0.372,45.69,817,1.6,0.2
2023,2,16,18,0,-8.6,0.02,0,0,0,0,0.368,49.160000000000004,817,2.1,0.2
2023,2,16,19,0,-9.9,0.019,0,0,0,0,0.364,51.47,818,2.9000000000000004,0.2
2023,2,16,20,0,-10.200000000000001,0.018000000000000002,0,0,0,0,0.358,49.9,818,3.5,0.2
2023,2,16,21,0,-10,0.017,0,0,0,0,0.35000000000000003,47.86,818,4,0.2
2023,2,16,22,0,-9.5,0.018000000000000002,0,0,0,0,0.341,47.17,818,4.2,0.30000000000000004
2023,2,16,23,0,-9.1,0.018000000000000002,0,0,0,0,0.334,48.25,818,4.3,0.30000000000000004
2023,2,17,0,0,-8.700000000000001,0.019,0,0,0,0,0.328,49.36,818,4.2,0.30000000000000004
2023,2,17,1,0,-8.4,0.019,0,0,0,0,0.322,50.480000000000004,818,4,0.30000000000000004
2023,2,17,2,0,-7.9,0.02,0,0,0,0,0.317,50.410000000000004,818,3.9000000000000004,0.30000000000000004
2023,2,17,3,0,-7.5,0.02,0,0,0,0,0.312,50.410000000000004,818,3.6,0.30000000000000004
2023,2,17,4,0,-7.4,0.02,0,0,0,0,0.308,50.81,818,3.3000000000000003,0.30000000000000004
2023,2,17,5,0,-7.2,0.02,0,0,0,0,0.305,50.72,818,3.4000000000000004,0.30000000000000004
2023,2,17,6,0,-6.800000000000001,0.02,0,0,0,0,0.302,50.29,818,3.5,0.30000000000000004
2023,2,17,7,0,-4.4,0.02,0,11,297,17,0.299,47.93,818,3.7,0.30000000000000004
2023,2,17,8,0,-0.1,0.02,0,40,779,198,0.301,44.74,819,4.2,0.30000000000000004
2023,2,17,9,0,3.2,0.021,0,58,931,397,0.302,43.69,819,3.6,0.30000000000000004
2023,2,17,10,0,6.5,0.022,0,69,999,563,0.303,35.78,819,2.7,0.30000000000000004
2023,2,17,11,0,8.4,0.022,0,76,1034,676,0.304,30.580000000000002,818,2.3000000000000003,0.30000000000000004
2023,2,17,12,0,9.3,0.021,0,78,1048,727,0.305,28.59,818,2.2,0.30000000000000004
2023,2,17,13,0,9.600000000000001,0.021,0,77,1044,710,0.304,28.03,817,2.2,0.30000000000000004
2023,2,17,14,0,9.4,0.02,0,71,1023,627,0.302,29.27,817,2.1,0.30000000000000004
2023,2,17,15,0,8.1,0.021,0,63,973,486,0.3,41.59,817,1.5,0.30000000000000004
2023,2,17,16,0,5,0.023,0,51,868,300,0.298,48.69,817,0.9,0.30000000000000004
2023,2,17,17,0,1.4000000000000001,0.024,7,63,155,81,0.298,48.5,817,0.9,0.30000000000000004
2023,2,17,18,0,-0.30000000000000004,0.026000000000000002,7,0,0,0,0.3,51.79,818,1.2000000000000002,0.30000000000000004
2023,2,17,19,0,-1.1,0.029,7,0,0,0,0.301,53.050000000000004,818,2,0.30000000000000004
2023,2,17,20,0,-1.9000000000000001,0.031,7,0,0,0,0.302,54.04,818,2.6,0.2
2023,2,17,21,0,-2.2,0.031,7,0,0,0,0.304,51.56,817,2.7,0.2
2023,2,17,22,0,-2.2,0.029,7,0,0,0,0.305,45.88,817,2.8000000000000003,0.2
2023,2,17,23,0,-2.2,0.028,7,0,0,0,0.305,40.160000000000004,816,2.6,0.2
2023,2,18,0,0,-2.1,0.029,7,0,0,0,0.308,36.63,816,2.5,0.2
2023,2,18,1,0,-1.4000000000000001,0.03,6,0,0,0,0.313,34.81,815,2.4000000000000004,0.2
2023,2,18,2,0,-1.1,0.031,7,0,0,0,0.317,35.02,815,2.3000000000000003,0.2
2023,2,18,3,0,-0.9,0.033,7,0,0,0,0.319,35.53,814,2.3000000000000003,0.2
2023,2,18,4,0,-1,0.033,6,0,0,0,0.32,36.9,814,2.3000000000000003,0.2
2023,2,18,5,0,-1.5,0.032,6,0,0,0,0.32,38.83,813,2.4000000000000004,0.2
2023,2,18,6,0,-2,0.032,7,0,0,0,0.32,41.21,813,2.5,0.2
2023,2,18,7,0,-1,0.032,7,8,0,8,0.322,43.34,813,2.7,0.2
2023,2,18,8,0,1.5,0.032,6,51,0,51,0.325,41.19,812,3,0.2
2023,2,18,9,0,3.4000000000000004,0.032,6,125,1,125,0.327,35.97,812,3.1,0.2
2023,2,18,10,0,5.300000000000001,0.034,7,76,998,574,0.327,31.11,812,3.4000000000000004,0.2
2023,2,18,11,0,6.4,0.035,7,200,798,667,0.327,28.45,811,3.4000000000000004,0.2
2023,2,18,12,0,6.800000000000001,0.036000000000000004,7,88,1045,740,0.327,28.03,811,3.3000000000000003,0.2
2023,2,18,13,0,6.7,0.035,7,215,776,689,0.327,30.35,810,3.2,0.30000000000000004
2023,2,18,14,0,6,0.034,8,215,711,604,0.328,38.29,810,2.9000000000000004,0.30000000000000004
2023,2,18,15,0,5.2,0.033,0,70,954,489,0.332,41.44,809,2.6,0.30000000000000004
2023,2,18,16,0,3.4000000000000004,0.031,0,54,853,303,0.336,45.71,809,2,0.30000000000000004
2023,2,18,17,0,0.6000000000000001,0.03,0,31,595,100,0.34,48.89,809,1.7000000000000002,0.30000000000000004
2023,2,18,18,0,-0.4,0.029,0,0,0,0,0.343,50.26,809,2.1,0.30000000000000004
2023,2,18,19,0,-1.2000000000000002,0.029,0,0,0,0,0.34600000000000003,52.29,810,2.6,0.30000000000000004
2023,2,18,20,0,-1.7000000000000002,0.029,0,0,0,0,0.35000000000000003,53.120000000000005,810,2.9000000000000004,0.2
2023,2,18,21,0,-2,0.029,0,0,0,0,0.352,52.58,810,3,0.2
2023,2,18,22,0,-2.1,0.028,0,0,0,0,0.355,50.74,810,3.1,0.2
2023,2,18,23,0,-2.1,0.027,0,0,0,0,0.356,49.01,810,3,0.30000000000000004
2023,2,19,0,0,-2.3000000000000003,0.027,0,0,0,0,0.355,48.9,810,2.6,0.30000000000000004
2023,2,19,1,0,-2.6,0.029,0,0,0,0,0.352,50.44,810,2.2,0.4
2023,2,19,2,0,-2.7,0.031,0,0,0,0,0.34800000000000003,52.38,810,2.1,0.4
2023,2,19,3,0,-2.6,0.034,0,0,0,0,0.343,53.69,810,2,0.4
2023,2,19,4,0,-2.5,0.036000000000000004,0,0,0,0,0.341,54.870000000000005,810,1.9000000000000001,0.4
2023,2,19,5,0,-2.7,0.036000000000000004,0,0,0,0,0.341,56.52,810,1.8,0.4
2023,2,19,6,0,-2.7,0.037,0,0,0,0,0.343,56.75,810,1.7000000000000002,0.5
2023,2,19,7,0,-0.7000000000000001,0.036000000000000004,0,13,246,20,0.34600000000000003,53.03,811,2.1,0.5
2023,2,19,8,0,2.1,0.035,0,46,727,199,0.35000000000000003,44.300000000000004,811,3.5,0.5
2023,2,19,9,0,3.6,0.035,0,64,887,396,0.355,38.28,811,5,0.5
2023,2,19,10,0,4.6000000000000005,0.032,7,200,652,529,0.359,34.89,811,5.7,0.5
2023,2,19,11,0,5.2,0.025,0,77,1010,673,0.363,33.26,811,6.1000000000000005,0.5
2023,2,19,12,0,5.5,0.024,7,215,796,715,0.366,32.96,810,6.300000000000001,0.4
2023,2,19,13,0,5.5,0.025,0,79,1027,712,0.369,33.14,810,6.800000000000001,0.4
2023,2,19,14,0,5.1000000000000005,0.027,0,76,1001,629,0.369,33.910000000000004,810,6.9,0.4
2023,2,19,15,0,4.2,0.031,0,69,944,488,0.368,36.58,810,6.1000000000000005,0.4
2023,2,19,16,0,2.2,0.032,0,55,837,303,0.367,44.51,810,4.5,0.4
2023,2,19,17,0,0,0.033,0,31,574,100,0.366,50.44,810,3.8000000000000003,0.4
2023,2,19,18,0,-0.1,0.033,0,0,0,0,0.364,50.36,810,3.9000000000000004,0.5
2023,2,19,19,0,-0.2,0.031,0,0,0,0,0.36,50.95,810,4.2,0.5
2023,2,19,20,0,-0.2,0.029,0,0,0,0,0.357,51.32,810,4.3,0.5
2023,2,19,21,0,-0.1,0.027,0,0,0,0,0.354,51.04,809,4.4,0.5
2023,2,19,22,0,0,0.023,0,0,0,0,0.35100000000000003,50.1,809,4.7,0.5
2023,2,19,23,0,0.1,0.02,0,0,0,0,0.34900000000000003,48.76,809,4.9,0.5
2023,2,20,0,0,0.1,0.018000000000000002,0,0,0,0,0.34600000000000003,48.08,809,5.1000000000000005,0.5
2023,2,20,1,0,0.30000000000000004,0.016,0,0,0,0,0.34500000000000003,47.1,809,5,0.5
2023,2,20,2,0,0.5,0.016,0,0,0,0,0.34500000000000003,46.32,809,4.7,0.5
2023,2,20,3,0,0.6000000000000001,0.017,0,0,0,0,0.343,45.81,809,4.5,0.5
2023,2,20,4,0,0.8,0.019,0,0,0,0,0.34,44.96,809,4.5,0.6000000000000001
2023,2,20,5,0,0.8,0.019,0,0,0,0,0.336,45.27,808,4.7,0.6000000000000001
2023,2,20,6,0,0.7000000000000001,0.017,0,0,0,0,0.33,46.410000000000004,808,5,0.6000000000000001
2023,2,20,7,0,1.6,0.017,0,13,330,24,0.325,46.67,808,5.5,0.6000000000000001
2023,2,20,8,0,3.7,0.016,0,36,771,202,0.321,45.160000000000004,808,5.800000000000001,0.6000000000000001
2023,2,20,9,0,5.6000000000000005,0.015,7,45,911,391,0.319,40.46,809,6.6000000000000005,0.7000000000000001
2023,2,20,10,0,7,0.014,0,50,980,549,0.318,38.69,809,7.4,0.7000000000000001
2023,2,20,11,0,8.1,0.015,7,145,799,620,0.318,37.34,809,7.800000000000001,0.7000000000000001
2023,2,20,12,0,8.700000000000001,0.015,0,56,1031,709,0.318,37.18,809,7.800000000000001,0.6000000000000001
2023,2,20,13,0,8.8,0.017,7,287,343,500,0.316,37.75,809,7.7,0.6000000000000001
2023,2,20,14,0,8.5,0.02,7,170,715,569,0.315,38.74,810,7.2,0.6000000000000001
2023,2,20,15,0,7.300000000000001,0.023,0,55,944,478,0.315,42.81,810,6.2,0.6000000000000001
2023,2,20,16,0,5.1000000000000005,0.023,0,46,844,299,0.315,51.370000000000005,809,4.7,0.6000000000000001
2023,2,20,17,0,3.7,0.024,0,29,594,103,0.317,54.44,810,3.7,0.6000000000000001
2023,2,20,18,0,2.9000000000000004,0.024,0,0,0,0,0.318,55.64,810,2.6,0.5
2023,2,20,19,0,1.9000000000000001,0.023,7,0,0,0,0.316,58.18,811,1.9000000000000001,0.6000000000000001
2023,2,20,20,0,1.3,0.024,0,0,0,0,0.314,59.79,811,1.9000000000000001,0.6000000000000001
2023,2,20,21,0,0.8,0.025,0,0,0,0,0.312,61.11,810,2.2,0.6000000000000001
2023,2,20,22,0,0.5,0.024,0,0,0,0,0.311,61.75,810,2.3000000000000003,0.6000000000000001
2023,2,20,23,0,0.4,0.022,0,0,0,0,0.31,61.51,809,2.5,0.6000000000000001
2023,2,21,0,0,0.4,0.021,0,0,0,0,0.308,61.120000000000005,808,3,0.6000000000000001
2023,2,21,1,0,0.4,0.02,0,0,0,0,0.308,60.78,807,3.2,0.5
2023,2,21,2,0,0.30000000000000004,0.02,0,0,0,0,0.308,60.99,806,3.2,0.5
2023,2,21,3,0,0.30000000000000004,0.02,0,0,0,0,0.307,60.78,805,3,0.5
2023,2,21,4,0,0.2,0.02,0,0,0,0,0.304,60.84,804,2.8000000000000003,0.5
2023,2,21,5,0,-0.1,0.022,1,0,0,0,0.301,61.870000000000005,803,2.3000000000000003,0.5
2023,2,21,6,0,-0.1,0.022,7,0,0,0,0.298,61.9,802,2.2,0.5
2023,2,21,7,0,2.4000000000000004,0.022,7,16,2,16,0.295,54.74,802,2.7,0.6000000000000001
2023,2,21,8,0,5.5,0.022,7,116,164,152,0.293,46.58,801,3.5,0.6000000000000001
2023,2,21,9,0,8.200000000000001,0.022,7,50,905,398,0.292,40.980000000000004,801,3.5,0.7000000000000001
2023,2,21,10,0,10.200000000000001,0.021,3,273,337,446,0.293,37.22,800,3.2,0.7000000000000001
2023,2,21,11,0,11.4,0.054,0,79,967,660,0.293,35.22,799,3.1,0.7000000000000001
2023,2,21,12,0,12.200000000000001,0.046,0,77,991,710,0.293,33.67,798,2.9000000000000004,0.7000000000000001
2023,2,21,13,0,12.5,0.036000000000000004,7,166,774,650,0.293,32.57,797,2.9000000000000004,0.7000000000000001
2023,2,21,14,0,12,0.039,0,69,970,615,0.293,32.9,796,2.6,0.7000000000000001
2023,2,21,15,0,10.9,0.037,7,179,495,403,0.291,35.02,796,2.2,0.7000000000000001
2023,2,21,16,0,7.800000000000001,0.037,7,160,107,193,0.289,47.86,796,1,0.8
2023,2,21,17,0,4.3,0.039,6,43,1,43,0.28600000000000003,52.77,796,0.7000000000000001,0.8
2023,2,21,18,0,3.2,0.041,7,0,0,0,0.28400000000000003,56.31,796,0.9,0.9
2023,2,21,19,0,2.1,0.041,7,0,0,0,0.28300000000000003,61.67,796,1.3,0.9
2023,2,21,20,0,1.3,0.041,7,0,0,0,0.28200000000000003,65.19,796,1.3,0.9
2023,2,21,21,0,1,0.041,7,0,0,0,0.28200000000000003,65.97,796,1.2000000000000002,0.9
2023,2,21,22,0,0.8,0.041,6,0,0,0,0.28200000000000003,65.82000000000001,796,0.9,0.9
2023,2,21,23,0,0,0.047,6,0,0,0,0.28300000000000003,70.10000000000001,795,1,0.9
2023,2,22,0,0,-0.7000000000000001,0.052000000000000005,6,0,0,0,0.28400000000000003,75.22,795,1.3,0.9
2023,2,22,1,0,-1.4000000000000001,0.054,7,0,0,0,0.28600000000000003,79.37,795,1.9000000000000001,0.9
2023,2,22,2,0,-2.4000000000000004,0.076,7,0,0,0,0.289,79.58,795,3.1,0.9
2023,2,22,3,0,-4.2,0.084,7,0,0,0,0.293,76.8,795,3.6,0.8
2023,2,22,4,0,-6.2,0.084,7,0,0,0,0.297,73.16,796,3.6,0.8
2023,2,22,5,0,-7.9,0.094,6,0,0,0,0.301,70.17,796,3.1,0.8
2023,2,22,6,0,-8.700000000000001,0.094,6,0,0,0,0.304,68.18,796,2.5,0.7000000000000001
2023,2,22,7,0,-8.4,0.085,0,20,179,27,0.308,65.95,796,2.2,0.7000000000000001
2023,2,22,8,0,-7.5,0.084,0,63,635,206,0.312,64.38,796,2.3000000000000003,0.7000000000000001
2023,2,22,9,0,-5.7,0.076,1,86,829,408,0.316,62.21,795,2.8000000000000003,0.6000000000000001
2023,2,22,10,0,-3.8000000000000003,0.065,4,83,0,83,0.322,58.38,794,3.6,0.6000000000000001
2023,2,22,11,0,-2.6,0.065,0,106,962,688,0.327,55.53,793,4.7,0.6000000000000001
2023,2,22,12,0,-1.9000000000000001,0.07,7,425,244,582,0.33,54.32,792,5.4,0.6000000000000001
2023,2,22,13,0,-1.9000000000000001,0.07200000000000001,7,416,323,619,0.334,56.13,792,5.300000000000001,0.6000000000000001
2023,2,22,14,0,-2.4000000000000004,0.07,7,290,515,582,0.339,53.76,792,4.9,0.5
2023,2,22,15,0,-3,0.058,7,287,29,300,0.34400000000000003,49.26,793,4.3,0.4
2023,2,22,16,0,-4.5,0.058,7,201,162,251,0.34600000000000003,50.14,794,3.4000000000000004,0.4
2023,2,22,17,0,-7.2,0.066,9,36,0,36,0.34800000000000003,55.17,795,2.5,0.4
2023,2,22,18,0,-8.700000000000001,0.066,8,0,0,0,0.34900000000000003,56.96,796,1.9000000000000001,0.30000000000000004
2023,2,22,19,0,-9.8,0.052000000000000005,4,0,0,0,0.34800000000000003,57.300000000000004,798,1.8,0.30000000000000004
2023,2,22,20,0,-10.5,0.04,9,0,0,0,0.34500000000000003,55.49,799,1.6,0.2
2023,2,22,21,0,-10.8,0.033,4,0,0,0,0.34,53.050000000000004,800,1.4000000000000001,0.2
2023,2,22,22,0,-11.200000000000001,0.03,9,0,0,0,0.334,51.6,801,1.6,0.2
2023,2,22,23,0,-11.600000000000001,0.028,9,0,0,0,0.329,50.44,801,1.7000000000000002,0.2
2023,2,23,0,0,-12.100000000000001,0.025,6,0,0,0,0.327,49.56,802,1.9000000000000001,0.2
2023,2,23,1,0,-12.700000000000001,0.023,4,0,0,0,0.326,49.15,803,1.9000000000000001,0.2
2023,2,23,2,0,-13.100000000000001,0.021,8,0,0,0,0.326,48.78,804,1.8,0.2
2023,2,23,3,0,-13.200000000000001,0.021,8,0,0,0,0.328,48.620000000000005,805,1.6,0.2
2023,2,23,4,0,-13.3,0.023,4,0,0,0,0.329,48.89,805,1.3,0.2
2023,2,23,5,0,-13.9,0.029,4,0,0,0,0.333,50.370000000000005,806,1.1,0.2
2023,2,23,6,0,-14.600000000000001,0.039,4,0,0,0,0.337,52.07,806,1.3,0.2
2023,2,23,7,0,-12.9,0.047,8,20,0,20,0.341,49.61,807,1.6,0.2
2023,2,23,8,0,-9.3,0.048,8,56,748,228,0.34400000000000003,45.45,807,1.8,0.2
2023,2,23,9,0,-6.2,0.044,8,213,436,384,0.34600000000000003,39.52,808,2.4000000000000004,0.2
2023,2,23,10,0,-3.8000000000000003,0.04,8,377,247,506,0.34600000000000003,34.94,808,2.6,0.2
2023,2,23,11,0,-2.4000000000000004,0.039,7,385,385,620,0.34600000000000003,33.29,808,2.6,0.30000000000000004
2023,2,23,12,0,-1.4000000000000001,0.043000000000000003,7,471,46,500,0.34500000000000003,32.45,808,2.6,0.30000000000000004
2023,2,23,13,0,-0.7000000000000001,0.051000000000000004,7,422,29,441,0.342,32.31,807,2.6,0.30000000000000004
2023,2,23,14,0,-0.9,0.056,7,407,62,442,0.339,33.980000000000004,807,2.7,0.30000000000000004
2023,2,23,15,0,-1.7000000000000002,0.052000000000000005,8,312,68,343,0.338,36.74,808,2.8000000000000003,0.4
2023,2,23,16,0,-3,0.043000000000000003,7,166,11,170,0.339,40.550000000000004,808,2.6,0.4
2023,2,23,17,0,-5.2,0.038,7,68,5,69,0.34,46.410000000000004,810,2,0.4
2023,2,23,18,0,-6.9,0.034,7,0,0,0,0.341,51.57,811,1.7000000000000002,0.4
2023,2,23,19,0,-8.200000000000001,0.031,7,0,0,0,0.34,55.82,812,1.3,0.30000000000000004
2023,2,23,20,0,-9.1,0.028,7,0,0,0,0.34,58.71,812,1,0.30000000000000004
2023,2,23,21,0,-9.700000000000001,0.027,8,0,0,0,0.34,60.730000000000004,813,1,0.30000000000000004
2023,2,23,22,0,-10.200000000000001,0.027,0,0,0,0,0.34,61.940000000000005,813,1.2000000000000002,0.30000000000000004
2023,2,23,23,0,-10.3,0.029,7,0,0,0,0.339,62,813,1.7000000000000002,0.4
2023,2,24,0,0,-10.200000000000001,0.029,0,0,0,0,0.337,61.6,813,2,0.4
2023,2,24,1,0,-10.3,0.028,0,0,0,0,0.336,62.300000000000004,813,2,0.4
2023,2,24,2,0,-10.4,0.027,0,0,0,0,0.335,63.06,813,2.1,0.4
2023,2,24,3,0,-10.600000000000001,0.028,0,0,0,0,0.334,63.9,812,2.1,0.4
2023,2,24,4,0,-10.5,0.028,0,0,0,0,0.333,63.58,812,2.3000000000000003,0.4
2023,2,24,5,0,-10,0.028,0,0,0,0,0.331,62.54,812,2.6,0.4
2023,2,24,6,0,-9.3,0.029,0,0,0,0,0.33,62.02,812,2.9000000000000004,0.4
2023,2,24,7,0,-6.800000000000001,0.027,0,18,378,37,0.33,58.38,812,3.5,0.4
2023,2,24,8,0,-2.8000000000000003,0.027,0,47,784,231,0.328,52.58,812,3.5,0.4
2023,2,24,9,0,0.8,0.029,0,65,921,432,0.326,45.4,812,3.9000000000000004,0.4
2023,2,24,10,0,2.8000000000000003,0.03,7,185,709,559,0.325,38.93,813,4.7,0.4
2023,2,24,11,0,3.4000000000000004,0.027,7,230,3,232,0.327,34.89,813,5.5,0.4
2023,2,24,12,0,3.2,0.027,7,266,647,689,0.328,33.93,814,5.800000000000001,0.4
2023,2,24,13,0,2.8000000000000003,0.026000000000000002,7,252,734,721,0.327,34.52,814,5.6000000000000005,0.30000000000000004
2023,2,24,14,0,2.7,0.027,7,80,1009,661,0.324,35.02,814,5,0.4
2023,2,24,15,0,2.3000000000000003,0.025,0,69,965,518,0.321,36.61,815,4.1000000000000005,0.4
2023,2,24,16,0,0.8,0.023,0,54,875,331,0.317,44.58,815,2.5,0.4
2023,2,24,17,0,-1.8,0.022,0,33,653,124,0.314,47.24,816,1.1,0.4
2023,2,24,18,0,-3.4000000000000004,0.022,0,0,0,0,0.312,49.67,816,0.8,0.4
2023,2,24,19,0,-5,0.022,0,0,0,0,0.312,53.49,817,1.1,0.4
2023,2,24,20,0,-5.6000000000000005,0.023,0,0,0,0,0.312,53.93,817,1.6,0.4
2023,2,24,21,0,-5.7,0.023,0,0,0,0,0.311,53.36,817,2.1,0.4
2023,2,24,22,0,-5.4,0.023,0,0,0,0,0.31,52.09,816,2.7,0.4
2023,2,24,23,0,-5.1000000000000005,0.024,0,0,0,0,0.308,51.26,816,3.1,0.4
2023,2,25,0,0,-4.9,0.024,0,0,0,0,0.307,51.59,816,3.3000000000000003,0.5
2023,2,25,1,0,-4.4,0.024,0,0,0,0,0.305,52.44,816,3.4000000000000004,0.5
2023,2,25,2,0,-4.1000000000000005,0.022,0,0,0,0,0.303,54.870000000000005,815,3,0.6000000000000001
2023,2,25,3,0,-3.9000000000000004,0.022,0,0,0,0,0.3,57.27,815,2.5,0.6000000000000001
2023,2,25,4,0,-3.5,0.022,0,0,0,0,0.298,58.07,815,2.2,0.6000000000000001
2023,2,25,5,0,-3.2,0.022,0,0,0,0,0.296,58.730000000000004,815,2.1,0.6000000000000001
2023,2,25,6,0,-2.9000000000000004,0.022,0,0,0,0,0.295,59.02,815,2.1,0.6000000000000001
2023,2,25,7,0,-0.2,0.022,0,18,401,40,0.293,55.2,816,2.5,0.6000000000000001
2023,2,25,8,0,3.2,0.022,0,45,784,233,0.292,49.56,816,2.9000000000000004,0.6000000000000001
2023,2,25,9,0,6.300000000000001,0.021,0,59,922,431,0.292,43.67,816,3,0.6000000000000001
2023,2,25,10,0,8.700000000000001,0.021,0,69,985,595,0.292,39.13,816,3.6,0.6000000000000001
2023,2,25,11,0,10.200000000000001,0.021,0,76,1025,712,0.291,36.82,815,3.8000000000000003,0.5
2023,2,25,12,0,11.200000000000001,0.021,0,79,1037,761,0.29,35.02,815,3.9000000000000004,0.5
2023,2,25,13,0,11.5,0.02,0,77,1034,743,0.289,34.01,814,3.8000000000000003,0.5
2023,2,25,14,0,11.3,0.02,0,72,1013,660,0.289,34.03,814,3,0.5
2023,2,25,15,0,10,0.02,0,64,976,523,0.289,42.4,814,1.8,0.4
2023,2,25,16,0,6.6000000000000005,0.02,7,130,595,321,0.29,51.89,814,0.6000000000000001,0.4
2023,2,25,17,0,3.2,0.022,7,72,22,75,0.293,52.97,814,0.7000000000000001,0.5
2023,2,25,18,0,1.5,0.021,0,0,0,0,0.298,54.42,814,0.8,0.5
2023,2,25,19,0,0.30000000000000004,0.02,0,0,0,0,0.302,57.480000000000004,814,1,0.4
2023,2,25,20,0,0.1,0.018000000000000002,0,0,0,0,0.305,55.81,813,1.6,0.4
2023,2,25,21,0,-0.5,0.018000000000000002,0,0,0,0,0.304,55.04,813,2.2,0.4
2023,2,25,22,0,-0.7000000000000001,0.02,0,0,0,0,0.301,52.9,812,2.4000000000000004,0.4
2023,2,25,23,0,-0.6000000000000001,0.022,0,0,0,0,0.298,49.71,812,2.7,0.30000000000000004
2023,2,26,0,0,-0.5,0.023,0,0,0,0,0.297,47.050000000000004,811,2.9000000000000004,0.30000000000000004
2023,2,26,1,0,-0.4,0.023,0,0,0,0,0.296,45.52,811,3,0.30000000000000004
2023,2,26,2,0,-0.4,0.024,0,0,0,0,0.294,45.2,810,3,0.30000000000000004
2023,2,26,3,0,-0.30000000000000004,0.026000000000000002,0,0,0,0,0.294,45.17,809,2.7,0.30000000000000004
2023,2,26,4,0,-0.2,0.028,0,0,0,0,0.295,45.050000000000004,808,2.4000000000000004,0.4
2023,2,26,5,0,0,0.029,0,0,0,0,0.298,44.77,807,2,0.4
2023,2,26,6,0,0,0.028,0,0,0,0,0.304,45.33,807,1.7000000000000002,0.4
2023,2,26,7,0,3.2,0.028,0,19,414,44,0.312,43.410000000000004,806,1.8,0.4
2023,2,26,8,0,7.6000000000000005,0.028,0,43,785,234,0.322,39.230000000000004,805,2.3000000000000003,0.5
2023,2,26,9,0,10.200000000000001,0.03,0,55,917,430,0.337,35,804,3.7,0.5
2023,2,26,10,0,11.8,0.034,0,65,976,590,0.355,31.95,803,4.9,0.5
2023,2,26,11,0,12.4,0.039,7,140,773,623,0.375,29.990000000000002,802,5.2,0.6000000000000001
2023,2,26,12,0,12.3,0.042,7,198,734,685,0.395,29.19,801,5.1000000000000005,0.6000000000000001
2023,2,26,13,0,11.3,0.041,7,159,839,704,0.40800000000000003,30.72,800,4.5,0.6000000000000001
2023,2,26,14,0,10.200000000000001,0.037,7,161,745,597,0.41200000000000003,34.68,799,3.3000000000000003,0.6000000000000001
2023,2,26,15,0,9.200000000000001,0.036000000000000004,0,62,933,504,0.40800000000000003,39.910000000000004,799,2.2,0.6000000000000001
2023,2,26,16,0,6.6000000000000005,0.041,7,141,385,266,0.382,50.11,799,1.6,0.7000000000000001
2023,2,26,17,0,3.6,0.035,7,79,46,85,0.342,56.17,800,2.6,0.7000000000000001
2023,2,26,18,0,3.2,0.025,0,0,0,0,0.313,54.660000000000004,801,5.300000000000001,0.6000000000000001
2023,2,26,19,0,1.8,0.018000000000000002,0,0,0,0,0.3,53.92,801,6.5,0.4
2023,2,26,20,0,0.5,0.015,0,0,0,0,0.295,51.75,801,6.4,0.30000000000000004
2023,2,26,21,0,-0.4,0.014,0,0,0,0,0.289,51.54,802,6,0.30000000000000004
2023,2,26,22,0,-0.9,0.014,0,0,0,0,0.28500000000000003,51.82,802,6,0.30000000000000004
2023,2,26,23,0,-1.1,0.015,0,0,0,0,0.28600000000000003,51.6,802,6,0.30000000000000004
2023,2,27,0,0,-1.4000000000000001,0.016,0,0,0,0,0.28800000000000003,52.13,803,5.800000000000001,0.30000000000000004
2023,2,27,1,0,-1.6,0.017,0,0,0,0,0.28800000000000003,52.08,803,5.5,0.4
2023,2,27,2,0,-1.8,0.018000000000000002,0,0,0,0,0.28700000000000003,51.77,804,5.4,0.4
2023,2,27,3,0,-2.1,0.017,0,0,0,0,0.28400000000000003,50.57,804,5.4,0.4
2023,2,27,4,0,-2.6,0.016,0,0,0,0,0.281,49.120000000000005,805,5.300000000000001,0.4
2023,2,27,5,0,-3,0.015,0,0,0,0,0.279,47.660000000000004,805,5,0.4
2023,2,27,6,0,-3.2,0.016,0,0,0,0,0.279,46.94,806,4.6000000000000005,0.4
2023,2,27,7,0,-1.1,0.017,0,19,475,49,0.28,40.96,807,4.800000000000001,0.4
2023,2,27,8,0,1.4000000000000001,0.017,0,39,828,245,0.28,35.2,807,5.2,0.4
2023,2,27,9,0,3.6,0.018000000000000002,0,50,952,443,0.279,31.84,807,5.4,0.4
2023,2,27,10,0,5.4,0.018000000000000002,1,56,1012,605,0.279,29.94,807,4.9,0.4
2023,2,27,11,0,6.6000000000000005,0.019,7,135,906,707,0.279,28.68,807,4.6000000000000005,0.4
2023,2,27,12,0,7.300000000000001,0.019,0,61,1052,764,0.279,28.060000000000002,806,4.4,0.4
2023,2,27,13,0,7.4,0.019,7,182,743,668,0.278,28.29,806,4.4,0.4
2023,2,27,14,0,7,0.021,8,107,1,107,0.278,28.990000000000002,806,4.3,0.4
2023,2,27,15,0,6,0.021,7,213,377,393,0.278,30.78,806,3.9000000000000004,0.4
2023,2,27,16,0,4.2,0.02,7,87,4,89,0.278,36.65,807,2.6,0.4
2023,2,27,17,0,-0.4,0.02,0,31,685,134,0.28,51.15,807,1.2000000000000002,0.4
2023,2,27,18,0,-2.5,0.02,1,0,0,0,0.28200000000000003,54.47,807,1.1,0.30000000000000004
2023,2,27,19,0,-3.4000000000000004,0.021,0,0,0,0,0.28500000000000003,56.07,807,1.1,0.4
2023,2,27,20,0,-3.6,0.023,1,0,0,0,0.289,54.69,807,1.3,0.4
2023,2,27,21,0,-3.3000000000000003,0.025,0,0,0,0,0.291,52.82,807,1.5,0.4
2023,2,27,22,0,-3.2,0.025,0,0,0,0,0.295,52.620000000000005,806,1.7000000000000002,0.4
2023,2,27,23,0,-3.2,0.027,0,0,0,0,0.3,53.09,805,1.9000000000000001,0.4
2023,2,28,0,0,-3.3000000000000003,0.029,0,0,0,0,0.307,53.51,804,2,0.4
2023,2,28,1,0,-3.2,0.029,4,0,0,0,0.312,53.660000000000004,804,2.3000000000000003,0.4
2023,2,28,2,0,-2.9000000000000004,0.032,4,0,0,0,0.315,53.72,803,2.6,0.4
2023,2,28,3,0,-2.6,0.034,7,0,0,0,0.32,53.54,802,2.9000000000000004,0.4
2023,2,28,4,0,-2.4000000000000004,0.034,6,0,0,0,0.326,53.56,802,3.2,0.4
2023,2,28,5,0,-2.2,0.03,7,0,0,0,0.33,53.25,802,3.4000000000000004,0.4
2023,2,28,6,0,-1.9000000000000001,0.028,7,0,0,0,0.33,52.230000000000004,802,3.6,0.4
2023,2,28,7,0,-0.1,0.025,7,22,1,22,0.329,46.93,802,4.3,0.4
2023,2,28,8,0,2.1,0.022,7,73,3,74,0.33,39.84,802,5.2,0.4
2023,2,28,9,0,3.5,0.021,7,172,477,372,0.334,33.05,802,6.1000000000000005,0.4
2023,2,28,10,0,4.1000000000000005,0.021,8,143,730,543,0.336,28.8,802,6.5,0.4
2023,2,28,11,0,4.3,0.019,8,189,6,193,0.332,27.8,802,6.6000000000000005,0.4
2023,2,28,12,0,4.4,0.023,4,360,417,640,0.328,28.07,801,6.4,0.4
2023,2,28,13,0,4.5,0.025,8,250,568,624,0.327,28.41,802,6.1000000000000005,0.4
2023,2,28,14,0,4,0.026000000000000002,7,199,605,558,0.328,29.16,802,6,0.4
2023,2,28,15,0,2.8000000000000003,0.025,8,167,10,172,0.328,30.45,803,5.9,0.4
2023,2,28,16,0,1.1,0.025,4,177,291,274,0.329,33.410000000000004,804,5.300000000000001,0.30000000000000004
2023,2,28,17,0,-1.7000000000000002,0.024,8,72,343,125,0.328,41.660000000000004,805,3.4000000000000004,0.30000000000000004
2023,2,28,18,0,-3.3000000000000003,0.023,4,0,0,0,0.329,46.71,806,2.9000000000000004,0.30000000000000004
2023,2,28,19,0,-4.2,0.021,1,0,0,0,0.33,48.28,806,2.8000000000000003,0.30000000000000004
2023,2,28,20,0,-5,0.019,0,0,0,0,0.33,49.1,807,2.4000000000000004,0.2
2023,2,28,21,0,-5.5,0.017,0,0,0,0,0.33,48.53,807,2.2,0.2
2023,2,28,22,0,-6.300000000000001,0.016,0,0,0,0,0.33,48.78,807,2,0.2
2023,2,28,23,0,-6.7,0.016,0,0,0,0,0.329,48.07,807,2.2,0.2
2023,3,1,0,0,-7,0.016,0,0,0,0,0.329,47.67,807,2.4000000000000004,0.2
2023,3,1,1,0,-7.2,0.017,0,0,0,0,0.328,46.93,806,2.6,0.2
2023,3,1,2,0,-7.4,0.017,0,0,0,0,0.327,46.68,806,2.6,0.30000000000000004
2023,3,1,3,0,-7.4,0.02,0,0,0,0,0.326,47,805,2.5,0.30000000000000004
2023,3,1,4,0,-7.1000000000000005,0.026000000000000002,0,0,0,0,0.324,47.22,805,2.2,0.4
2023,3,1,5,0,-6.300000000000001,0.032,7,0,0,0,0.324,47.160000000000004,805,1.9000000000000001,0.4
2023,3,1,6,0,-5.4,0.037,7,0,0,0,0.324,48.38,805,1.6,0.5
2023,3,1,7,0,-3.1,0.045,7,32,1,32,0.326,43.800000000000004,805,1.7000000000000002,0.5
2023,3,1,8,0,-1,0.054,7,160,188,209,0.327,44.62,805,3,0.6000000000000001
2023,3,1,9,0,-0.2,0.062,7,288,183,366,0.329,49.69,805,4.3,0.6000000000000001
2023,3,1,10,0,0.2,0.066,7,338,354,534,0.332,53.03,805,5.1000000000000005,0.7000000000000001
2023,3,1,11,0,0.7000000000000001,0.069,7,463,134,549,0.335,52.81,805,5.4,0.6000000000000001
2023,3,1,12,0,1.4000000000000001,0.064,7,459,322,677,0.337,50.56,804,5.5,0.6000000000000001
2023,3,1,13,0,2,0.059000000000000004,7,473,288,665,0.342,48.730000000000004,804,5.300000000000001,0.6000000000000001
2023,3,1,14,0,2.2,0.058,7,426,167,526,0.35000000000000003,48.49,803,4.800000000000001,0.6000000000000001
2023,3,1,15,0,2.1,0.055,7,325,54,352,0.36,49.35,804,4.1000000000000005,0.6000000000000001
2023,3,1,16,0,1.5,0.047,5,159,1,160,0.371,52.11,804,2.9000000000000004,0.6000000000000001
2023,3,1,17,0,-0.5,0.036000000000000004,7,77,21,80,0.384,59.160000000000004,805,1.4000000000000001,0.6000000000000001
2023,3,1,18,0,-1.7000000000000002,0.027,7,0,0,0,0.396,60.99,805,1,0.5
2023,3,1,19,0,-2.3000000000000003,0.023,7,0,0,0,0.403,61.870000000000005,806,0.9,0.5
2023,3,1,20,0,-3.1,0.02,7,0,0,0,0.406,63.06,807,1,0.4
2023,3,1,21,0,-4,0.017,7,0,0,0,0.40800000000000003,63.15,807,1.5,0.4
2023,3,1,22,0,-5,0.015,7,0,0,0,0.40900000000000003,63.4,807,1.9000000000000001,0.4
2023,3,1,23,0,-5.800000000000001,0.013000000000000001,6,0,0,0,0.40900000000000003,63.15,807,2.2,0.30000000000000004
2023,3,2,0,0,-6.4,0.012,8,0,0,0,0.40800000000000003,61.77,807,2.4000000000000004,0.30000000000000004
2023,3,2,1,0,-7.1000000000000005,0.012,0,0,0,0,0.40900000000000003,60.86,807,2.2,0.30000000000000004
2023,3,2,2,0,-7.7,0.013000000000000001,0,0,0,0,0.41000000000000003,59.81,806,1.8,0.30000000000000004
2023,3,2,3,0,-7.9,0.014,0,0,0,0,0.41200000000000003,57.27,806,1.6,0.30000000000000004
2023,3,2,4,0,-8.1,0.014,0,0,0,0,0.41300000000000003,55.04,806,1.7000000000000002,0.4
2023,3,2,5,0,-8.1,0.014,0,0,0,0,0.41300000000000003,51.59,806,2,0.4
2023,3,2,6,0,-7.7,0.015,8,0,0,0,0.41000000000000003,49.15,806,2.2,0.4
2023,3,2,7,0,-5.1000000000000005,0.015,7,37,7,38,0.405,47.09,806,2.5,0.4
2023,3,2,8,0,-1.4000000000000001,0.016,7,95,508,229,0.398,42.5,806,2.7,0.4
2023,3,2,9,0,1.6,0.017,0,49,955,459,0.389,39.5,807,2.7,0.4
2023,3,2,10,0,3.4000000000000004,0.017,0,55,1013,621,0.381,37.22,807,2.3000000000000003,0.4
2023,3,2,11,0,4.6000000000000005,0.018000000000000002,1,59,1041,731,0.376,35.160000000000004,807,1.8,0.4
2023,3,2,12,0,5.6000000000000005,0.018000000000000002,0,60,1052,779,0.371,32.87,806,1.5,0.4
2023,3,2,13,0,6.1000000000000005,0.019,4,314,540,675,0.365,31.27,806,1.4000000000000001,0.4
2023,3,2,14,0,6,0.023,4,320,400,561,0.362,30.73,806,1.4000000000000001,0.4
2023,3,2,15,0,5.4,0.022,0,56,979,536,0.361,31.490000000000002,806,1.4000000000000001,0.4
2023,3,2,16,0,3.3000000000000003,0.021,5,168,360,291,0.356,42.18,806,0.9,0.4
2023,3,2,17,0,-0.5,0.02,1,32,699,145,0.34700000000000003,48.4,806,0.7000000000000001,0.4
2023,3,2,18,0,-2.2,0.021,0,0,0,0,0.342,49.58,807,1.3,0.4
2023,3,2,19,0,-3.1,0.023,0,0,0,0,0.34,51.69,807,2.1,0.4
2023,3,2,20,0,-3.4000000000000004,0.025,7,0,0,0,0.34,52.43,807,2.7,0.4
2023,3,2,21,0,-3.1,0.026000000000000002,7,0,0,0,0.339,51.9,807,3.2,0.5
2023,3,2,22,0,-3,0.022,7,0,0,0,0.337,50.88,806,3.7,0.5
2023,3,2,23,0,-3.2,0.019,7,0,0,0,0.337,50.24,806,4.1000000000000005,0.6000000000000001
2023,3,3,0,0,-3.2,0.021,0,0,0,0,0.336,49.94,806,4.3,0.6000000000000001
2023,3,3,1,0,-2.7,0.024,0,0,0,0,0.334,49.19,806,4.3,0.7000000000000001
2023,3,3,2,0,-2.4000000000000004,0.028,0,0,0,0,0.33,48.83,805,4.2,0.7000000000000001
2023,3,3,3,0,-2.5,0.032,8,0,0,0,0.323,49.7,805,3.9000000000000004,0.7000000000000001
2023,3,3,4,0,-2.7,0.037,6,0,0,0,0.318,51.01,806,3.5,0.7000000000000001
2023,3,3,5,0,-2.6,0.042,9,0,0,0,0.316,52.06,806,3.2,0.7000000000000001
2023,3,3,6,0,-2.3000000000000003,0.048,9,0,0,0,0.318,53.300000000000004,806,2.6,0.7000000000000001
2023,3,3,7,0,-0.6000000000000001,0.056,7,35,4,35,0.321,51.120000000000005,806,2.2,0.7000000000000001
2023,3,3,8,0,1.4000000000000001,0.065,5,84,1,84,0.322,46.76,806,1.6,0.7000000000000001
2023,3,3,9,0,3.3000000000000003,0.07200000000000001,5,193,7,196,0.322,45.04,806,1.3,0.7000000000000001
2023,3,3,10,0,4.4,0.078,8,261,291,426,0.324,44.97,806,1,0.7000000000000001
2023,3,3,11,0,5.300000000000001,0.06,7,270,429,549,0.327,43.47,805,0.9,0.7000000000000001
2023,3,3,12,0,5.800000000000001,0.073,8,312,319,531,0.329,42.12,805,0.9,0.7000000000000001
2023,3,3,13,0,5.7,0.08,7,352,160,460,0.333,42.14,804,0.9,0.7000000000000001
2023,3,3,14,0,5.1000000000000005,0.075,7,184,4,187,0.339,44.19,804,1,0.7000000000000001
2023,3,3,15,0,4.4,0.062,7,12,0,12,0.339,46.42,804,1.1,0.6000000000000001
2023,3,3,16,0,2.9000000000000004,0.054,8,171,254,258,0.336,53.31,804,0.9,0.6000000000000001
2023,3,3,17,0,-0.1,0.052000000000000005,7,39,1,39,0.336,63.74,805,0.8,0.6000000000000001
2023,3,3,18,0,-1.6,0.051000000000000004,8,0,0,0,0.337,69.14,806,0.8,0.6000000000000001
2023,3,3,19,0,-2.4000000000000004,0.05,4,0,0,0,0.338,72.06,807,0.7000000000000001,0.5
2023,3,3,20,0,-2.9000000000000004,0.049,4,0,0,0,0.338,71.95,807,0.7000000000000001,0.4
2023,3,3,21,0,-3.2,0.048,0,0,0,0,0.339,70.52,808,1,0.4
2023,3,3,22,0,-3.2,0.045,4,0,0,0,0.338,67.42,808,1.2000000000000002,0.30000000000000004
2023,3,3,23,0,-3.5,0.042,1,0,0,0,0.332,64.9,808,1.2000000000000002,0.30000000000000004
2023,3,4,0,0,-3.7,0.039,0,0,0,0,0.326,61.82,809,1.1,0.30000000000000004
2023,3,4,1,0,-3.9000000000000004,0.037,0,0,0,0,0.319,59.39,809,0.9,0.2
2023,3,4,2,0,-4.5,0.038,0,0,0,0,0.314,59.730000000000004,809,0.9,0.2
2023,3,4,3,0,-4.9,0.037,0,0,0,0,0.311,59.910000000000004,809,0.7000000000000001,0.2
2023,3,4,4,0,-5.6000000000000005,0.037,0,0,0,0,0.311,62.230000000000004,810,0.6000000000000001,0.2
2023,3,4,5,0,-6.4,0.037,0,0,0,0,0.308,64.71000000000001,810,1,0.30000000000000004
2023,3,4,6,0,-6.9,0.038,0,0,0,0,0.303,63.620000000000005,810,1.3,0.30000000000000004
2023,3,4,7,0,-4.9,0.039,7,45,12,46,0.302,53.64,810,1.9000000000000001,0.30000000000000004
2023,3,4,8,0,-1.4000000000000001,0.043000000000000003,1,52,807,273,0.3,41.71,810,2.1,0.30000000000000004
2023,3,4,9,0,1.6,0.049,4,215,469,421,0.297,32.65,810,2.2,0.30000000000000004
2023,3,4,10,0,3.8000000000000003,0.056,1,79,967,629,0.294,27.740000000000002,810,2.1,0.4
2023,3,4,11,0,5.4,0.06,4,340,464,644,0.293,24.400000000000002,809,1.9000000000000001,0.4
2023,3,4,12,0,6.1000000000000005,0.058,6,347,344,585,0.292,23.13,808,1.9000000000000001,0.4
2023,3,4,13,0,6.4,0.056,6,377,191,506,0.29,22.89,807,2.1,0.4
2023,3,4,14,0,6.4,0.059000000000000004,7,249,469,536,0.289,23.61,807,2.5,0.4
2023,3,4,15,0,5.6000000000000005,0.062,6,178,8,182,0.29,27.89,806,2.7,0.4
2023,3,4,16,0,4,0.067,6,133,10,137,0.29,34.01,806,2.8000000000000003,0.5
2023,3,4,17,0,2.3000000000000003,0.073,6,26,0,26,0.289,40.050000000000004,806,3.4000000000000004,0.6000000000000001
2023,3,4,18,0,1.3,0.073,6,0,0,0,0.292,46.25,806,3.8000000000000003,0.7000000000000001
2023,3,4,19,0,0.5,0.064,6,0,0,0,0.296,51.410000000000004,806,3.3000000000000003,0.7000000000000001
2023,3,4,20,0,-0.5,0.054,0,0,0,0,0.301,55.58,805,3.1,0.6000000000000001
2023,3,4,21,0,-1.1,0.051000000000000004,0,0,0,0,0.308,58.230000000000004,805,2.7,0.5
2023,3,4,22,0,-1.4000000000000001,0.049,0,0,0,0,0.315,59.51,805,2.3000000000000003,0.5
2023,3,4,23,0,-1.4000000000000001,0.048,0,0,0,0,0.317,60.06,805,2.1,0.5
2023,3,5,0,0,-1.2000000000000002,0.049,0,0,0,0,0.319,59.67,805,2,0.4
2023,3,5,1,0,-1,0.05,0,0,0,0,0.322,58.89,805,1.9000000000000001,0.4
2023,3,5,2,0,-1.1,0.052000000000000005,0,0,0,0,0.325,58.730000000000004,805,1.8,0.4
2023,3,5,3,0,-1.5,0.052000000000000005,0,0,0,0,0.329,59.17,805,1.7000000000000002,0.4
2023,3,5,4,0,-1.9000000000000001,0.052000000000000005,0,0,0,0,0.334,59.230000000000004,805,1.8,0.30000000000000004
2023,3,5,5,0,-2.3000000000000003,0.052000000000000005,0,0,0,0,0.337,59.36,806,2.1,0.30000000000000004
2023,3,5,6,0,-2.3000000000000003,0.052000000000000005,0,0,0,0,0.339,58.06,806,2.4000000000000004,0.30000000000000004
2023,3,5,7,0,-0.1,0.052000000000000005,0,28,461,71,0.342,51.800000000000004,806,3.2,0.30000000000000004
2023,3,5,8,0,3.3000000000000003,0.05,0,53,785,273,0.34500000000000003,42.52,806,3.8000000000000003,0.4
2023,3,5,9,0,6.1000000000000005,0.048,0,66,916,473,0.34700000000000003,34.51,806,4.6000000000000005,0.4
2023,3,5,10,0,7.2,0.048,3,317,353,520,0.34700000000000003,29.78,806,5.1000000000000005,0.4
2023,3,5,11,0,7.7,0.042,8,106,952,736,0.34500000000000003,27.88,806,5.6000000000000005,0.4
2023,3,5,12,0,8.1,0.041,1,77,1029,795,0.343,27.400000000000002,806,5.9,0.4
2023,3,5,13,0,8.1,0.04,3,299,637,734,0.343,27.87,806,5.9,0.4
2023,3,5,14,0,7.6000000000000005,0.038,3,355,312,547,0.34400000000000003,29.21,806,5.6000000000000005,0.5
2023,3,5,15,0,6.5,0.04,0,66,949,544,0.343,32.29,807,4.6000000000000005,0.5
2023,3,5,16,0,4.800000000000001,0.041,0,57,856,359,0.34,39.69,808,2.8000000000000003,0.5
2023,3,5,17,0,1.1,0.044,0,40,643,151,0.34,52.75,809,1.3,0.5
2023,3,5,18,0,-0.8,0.046,4,0,0,0,0.339,57.33,810,1,0.5
2023,3,5,19,0,-1.7000000000000002,0.048,7,0,0,0,0.335,59.79,811,1,0.5
2023,3,5,20,0,-2.7,0.049,7,0,0,0,0.33,62.64,811,0.8,0.6000000000000001
2023,3,5,21,0,-3.4000000000000004,0.05,7,0,0,0,0.327,65.09,811,0.6000000000000001,0.6000000000000001
2023,3,5,22,0,-3.9000000000000004,0.05,7,0,0,0,0.326,66.99,811,0.7000000000000001,0.6000000000000001
2023,3,5,23,0,-4.3,0.049,7,0,0,0,0.326,68.59,812,1,0.6000000000000001
2023,3,6,0,0,-4.3,0.048,7,0,0,0,0.325,68.09,812,1.1,0.6000000000000001
2023,3,6,1,0,-4.2,0.047,8,0,0,0,0.324,67.23,812,1.1,0.5
2023,3,6,2,0,-4.1000000000000005,0.049,7,0,0,0,0.324,65.74,812,1.1,0.5
2023,3,6,3,0,-4.4,0.045,0,0,0,0,0.323,65.64,813,1.1,0.5
2023,3,6,4,0,-4.800000000000001,0.039,0,0,0,0,0.323,65.32000000000001,813,1.1,0.5
2023,3,6,5,0,-5.2,0.034,0,0,0,0,0.322,64.2,812,1.2000000000000002,0.4
2023,3,6,6,0,-4.9,0.03,0,0,0,0,0.32,60.08,812,1.5,0.4
2023,3,6,7,0,-2,0.027,0,26,543,79,0.317,46.79,812,2.5,0.4
2023,3,6,8,0,1.1,0.024,0,45,844,285,0.314,37.82,812,3,0.4
2023,3,6,9,0,3.4000000000000004,0.023,0,54,958,485,0.311,33.85,812,3.1,0.4
2023,3,6,10,0,5.300000000000001,0.022,0,60,1015,648,0.307,31.17,811,2.9000000000000004,0.4
2023,3,6,11,0,7,0.022,1,63,1042,757,0.305,28.94,811,2.7,0.4
2023,3,6,12,0,8.1,0.02,1,63,1055,804,0.303,28.28,811,2.5,0.4
2023,3,6,13,0,8.6,0.021,0,63,1041,779,0.301,29.1,811,2.6,0.5
2023,3,6,14,0,8.4,0.023,0,62,1019,695,0.301,31.12,811,2.5,0.5
2023,3,6,15,0,7.4,0.025,0,59,974,553,0.3,34.37,811,2.3000000000000003,0.5
2023,3,6,16,0,5.7,0.027,0,51,878,364,0.299,41.64,812,1.9000000000000001,0.6000000000000001
2023,3,6,17,0,2.2,0.028,8,96,67,108,0.299,50.92,813,1.4000000000000001,0.6000000000000001
2023,3,6,18,0,-0.1,0.028,4,0,0,0,0.299,56.45,813,1.2000000000000002,0.6000000000000001
2023,3,6,19,0,-1.7000000000000002,0.028,4,0,0,0,0.299,61.92,814,0.9,0.6000000000000001
2023,3,6,20,0,-3,0.026000000000000002,4,0,0,0,0.299,66.35,814,0.8,0.6000000000000001
2023,3,6,21,0,-3.5,0.025,4,0,0,0,0.301,67.47,813,0.9,0.5
2023,3,6,22,0,-3.8000000000000003,0.024,4,0,0,0,0.303,67.47,813,1.1,0.5
2023,3,6,23,0,-4.1000000000000005,0.024,4,0,0,0,0.303,67.82000000000001,813,1.2000000000000002,0.5
2023,3,7,0,0,-4.6000000000000005,0.026000000000000002,4,0,0,0,0.303,70.05,814,1.2000000000000002,0.5
2023,3,7,1,0,-5,0.027,4,0,0,0,0.303,71.84,814,1.2000000000000002,0.5
2023,3,7,2,0,-5.2,0.03,4,0,0,0,0.302,72.51,813,1.4000000000000001,0.5
2023,3,7,3,0,-5.4,0.033,4,0,0,0,0.301,73.18,813,1.5,0.5
2023,3,7,4,0,-5.6000000000000005,0.034,4,0,0,0,0.301,73.43,813,1.5,0.5
2023,3,7,5,0,-5.6000000000000005,0.036000000000000004,4,0,0,0,0.302,72.06,813,1.5,0.5
2023,3,7,6,0,-5.300000000000001,0.037,4,0,0,0,0.302,69.37,813,1.6,0.5
2023,3,7,7,0,-3,0.035,4,24,0,24,0.302,60.51,814,1.5,0.5
2023,3,7,8,0,0,0.035,8,18,0,18,0.302,51.28,814,1.5,0.5
2023,3,7,9,0,2.3000000000000003,0.032,8,241,170,318,0.302,44.160000000000004,814,1.6,0.5
2023,3,7,10,0,4.2,0.029,4,113,0,113,0.302,39.38,813,1.5,0.5
2023,3,7,11,0,5.800000000000001,0.028,4,120,0,120,0.303,36.19,813,1.5,0.5
2023,3,7,12,0,7,0.027,4,106,0,106,0.304,34.17,812,1.5,0.4
2023,3,7,13,0,7.6000000000000005,0.027,4,175,0,175,0.307,33.56,812,1.7000000000000002,0.4
2023,3,7,14,0,7.6000000000000005,0.033,4,137,0,137,0.311,34.03,812,1.9000000000000001,0.5
2023,3,7,15,0,6.7,0.038,4,70,0,70,0.315,36.47,812,1.8,0.5
2023,3,7,16,0,4.800000000000001,0.04,4,15,0,15,0.319,42.61,813,1.5,0.5
2023,3,7,17,0,1.4000000000000001,0.042,4,5,0,5,0.324,52.300000000000004,814,1.3,0.5
2023,3,7,18,0,-1.3,0.044,4,0,0,0,0.331,58.51,815,1.3,0.5
2023,3,7,19,0,-3.4000000000000004,0.044,4,0,0,0,0.338,65.8,816,1,0.5
2023,3,7,20,0,-4.5,0.044,4,0,0,0,0.34600000000000003,69.33,816,0.7000000000000001,0.5
2023,3,7,21,0,-4.800000000000001,0.044,0,0,0,0,0.352,70.2,816,0.6000000000000001,0.5
2023,3,7,22,0,-4.9,0.043000000000000003,4,0,0,0,0.358,70.31,816,0.6000000000000001,0.5
2023,3,7,23,0,-5,0.043000000000000003,0,0,0,0,0.361,70.08,816,0.6000000000000001,0.5
2023,3,8,0,0,-5,0.042,4,0,0,0,0.359,69.35000000000001,816,0.7000000000000001,0.5
2023,3,8,1,0,-4.9,0.041,4,0,0,0,0.36,68.35000000000001,816,0.7000000000000001,0.5
2023,3,8,2,0,-4.9,0.04,4,0,0,0,0.362,67.96000000000001,815,0.8,0.5
2023,3,8,3,0,-4.9,0.038,4,0,0,0,0.362,67.5,815,0.9,0.5
2023,3,8,4,0,-4.9,0.036000000000000004,4,0,0,0,0.359,67.13,815,1,0.5
2023,3,8,5,0,-4.9,0.035,4,0,0,0,0.356,66.57000000000001,815,1.2000000000000002,0.5
2023,3,8,6,0,-4.4,0.036000000000000004,4,0,0,0,0.352,63.82,815,1.6,0.5
2023,3,8,7,0,-2.2,0.036000000000000004,4,22,0,22,0.34900000000000003,55.27,815,2.5,0.5
2023,3,8,8,0,0.8,0.035,4,64,0,64,0.34500000000000003,48.09,815,2.8000000000000003,0.5
2023,3,8,9,0,3.6,0.033,4,111,0,111,0.342,40.76,814,2.7,0.5
2023,3,8,10,0,5.800000000000001,0.031,4,276,7,280,0.341,34.42,814,2.4000000000000004,0.5
2023,3,8,11,0,7.5,0.03,5,287,638,718,0.342,29.66,813,2.3000000000000003,0.5
2023,3,8,12,0,8.6,0.03,7,155,773,705,0.343,26.990000000000002,812,2.4000000000000004,0.5
2023,3,8,13,0,8.8,0.033,7,270,480,604,0.342,26.72,812,2.6,0.5
2023,3,8,14,0,8.200000000000001,0.035,7,321,222,461,0.339,28.91,811,2.6,0.6000000000000001
2023,3,8,15,0,6.800000000000001,0.039,7,186,520,455,0.336,34.82,811,2.4000000000000004,0.6000000000000001
2023,3,8,16,0,4.4,0.042,7,186,205,260,0.335,47.08,812,1.8,0.7000000000000001
2023,3,8,17,0,1.9000000000000001,0.039,7,91,43,99,0.336,53.33,812,1.6,0.7000000000000001
2023,3,8,18,0,-0.30000000000000004,0.035,7,0,0,0,0.34,58.7,812,1.5,0.7000000000000001
2023,3,8,19,0,-1.7000000000000002,0.033,7,0,0,0,0.343,63.940000000000005,812,1.4000000000000001,0.6000000000000001
2023,3,8,20,0,-2.7,0.032,0,0,0,0,0.34400000000000003,68.32000000000001,812,1,0.6000000000000001
2023,3,8,21,0,-3.1,0.032,4,0,0,0,0.34600000000000003,69.45,812,0.9,0.6000000000000001
2023,3,8,22,0,-3.3000000000000003,0.034,4,0,0,0,0.35100000000000003,69.23,812,1,0.6000000000000001
2023,3,8,23,0,-3.6,0.035,4,0,0,0,0.355,69.29,812,0.9,0.6000000000000001
2023,3,9,0,0,-3.8000000000000003,0.034,8,0,0,0,0.354,68.88,811,0.8,0.5
2023,3,9,1,0,-4,0.032,7,0,0,0,0.355,68.1,811,0.9,0.5
2023,3,9,2,0,-4.1000000000000005,0.033,4,0,0,0,0.358,66.19,811,1.2000000000000002,0.4
2023,3,9,3,0,-3.8000000000000003,0.033,4,0,0,0,0.359,61.940000000000005,811,1.7000000000000002,0.4
2023,3,9,4,0,-3.3000000000000003,0.031,4,0,0,0,0.357,56.2,812,2.9000000000000004,0.4
2023,3,9,5,0,-3,0.029,0,0,0,0,0.354,52.800000000000004,813,3.3000000000000003,0.30000000000000004
2023,3,9,6,0,-2.5,0.028,0,0,0,0,0.35100000000000003,50.550000000000004,814,3.2,0.30000000000000004
2023,3,9,7,0,-0.30000000000000004,0.026000000000000002,0,28,591,95,0.35000000000000003,44.2,815,4,0.30000000000000004
2023,3,9,8,0,1.6,0.022,0,45,869,307,0.34800000000000003,37.09,815,4.9,0.30000000000000004
2023,3,9,9,0,3.2,0.019,0,53,979,509,0.34500000000000003,31.05,815,5.300000000000001,0.30000000000000004
2023,3,9,10,0,4.7,0.017,0,57,1033,672,0.34,27.01,815,5.2,0.30000000000000004
2023,3,9,11,0,6,0.017,0,60,1059,781,0.335,25.07,815,4.9,0.30000000000000004
2023,3,9,12,0,6.9,0.019,0,64,1067,828,0.331,24.76,815,4.4,0.30000000000000004
2023,3,9,13,0,7.300000000000001,0.021,0,65,1049,800,0.327,25.6,815,3.9000000000000004,0.4
2023,3,9,14,0,7.4,0.021,0,62,1030,715,0.324,26.96,815,3,0.4
2023,3,9,15,0,7.2,0.02,0,56,991,572,0.323,28.490000000000002,815,1.9000000000000001,0.4
2023,3,9,16,0,6.1000000000000005,0.019,0,48,904,381,0.323,34.45,816,1,0.5
2023,3,9,17,0,2.3000000000000003,0.018000000000000002,7,89,266,139,0.323,43,816,1.2000000000000002,0.5
2023,3,9,18,0,-0.6000000000000001,0.018000000000000002,0,0,0,0,0.325,45.36,816,2.1,0.5
2023,3,9,19,0,-2.2,0.02,0,0,0,0,0.326,48.45,817,2.2,0.5
2023,3,9,20,0,-3.2,0.021,0,0,0,0,0.328,51.480000000000004,816,2,0.5
2023,3,9,21,0,-3.6,0.021,7,0,0,0,0.329,53.230000000000004,816,2.1,0.5
2023,3,9,22,0,-3.3000000000000003,0.024,7,0,0,0,0.33,53.42,815,2.2,0.4
2023,3,9,23,0,-2.6,0.026000000000000002,7,0,0,0,0.329,52.29,815,2.6,0.4
2023,3,10,0,0,-2.5,0.026000000000000002,0,0,0,0,0.325,52.21,814,2.8000000000000003,0.4
2023,3,10,1,0,-2.6,0.03,0,0,0,0,0.321,52.14,813,3,0.4
2023,3,10,2,0,-2.5,0.029,7,0,0,0,0.316,52.72,812,3.1,0.5
2023,3,10,3,0,-2.8000000000000003,0.028,0,0,0,0,0.311,55.480000000000004,812,3.1,0.6000000000000001
2023,3,10,4,0,-2.8000000000000003,0.03,7,0,0,0,0.308,57.2,811,3.1,0.7000000000000001
2023,3,10,5,0,-2.5,0.032,7,0,0,0,0.307,57.84,810,2.9000000000000004,0.8
2023,3,10,6,0,-1.9000000000000001,0.036000000000000004,6,0,0,0,0.306,58.54,810,2.7,0.9
2023,3,10,7,0,0,0.042,6,11,0,11,0.306,55.92,810,2.4000000000000004,0.9
2023,3,10,8,0,3.2,0.042,7,111,567,284,0.303,49.63,810,2,0.9
2023,3,10,9,0,6.7,0.039,8,63,904,489,0.298,44.550000000000004,809,2.1,1
2023,3,10,10,0,9.200000000000001,0.035,0,68,962,645,0.293,41.62,809,1.9000000000000001,1.1
2023,3,10,11,0,10.8,0.031,7,206,679,672,0.289,39.76,809,2.1,1.1
2023,3,10,12,0,11.700000000000001,0.03,7,205,672,690,0.28500000000000003,38.74,808,2.5,1.1
2023,3,10,13,0,12,0.029,7,223,576,630,0.28200000000000003,38.92,807,2.6,1.1
2023,3,10,14,0,12.100000000000001,0.029,7,219,574,585,0.279,39.59,807,2.4000000000000004,1.1
2023,3,10,15,0,11.4,0.027,7,222,378,420,0.279,44.81,806,2,1.1
2023,3,10,16,0,9.600000000000001,0.023,7,177,179,244,0.28,51.97,806,1.2000000000000002,1.1
2023,3,10,17,0,6.5,0.024,7,94,205,133,0.28200000000000003,58.57,806,1.2000000000000002,1
2023,3,10,18,0,5.1000000000000005,0.024,7,0,0,0,0.28400000000000003,62.050000000000004,806,1.6,1
2023,3,10,19,0,4.5,0.022,0,0,0,0,0.28400000000000003,63.68,805,2,1.1
2023,3,10,20,0,4.2,0.017,8,0,0,0,0.28300000000000003,64.87,805,2.7,1.1
2023,3,10,21,0,3.9000000000000004,0.016,0,0,0,0,0.28300000000000003,66.16,804,2.9000000000000004,1
2023,3,10,22,0,3.9000000000000004,0.018000000000000002,7,0,0,0,0.28500000000000003,66.72,804,3.3000000000000003,0.9
2023,3,10,23,0,3.7,0.018000000000000002,7,0,0,0,0.28800000000000003,68.82000000000001,804,3.1,0.9
2023,3,11,0,0,3.6,0.015,7,0,0,0,0.28800000000000003,70.43,804,2.8000000000000003,0.9
2023,3,11,1,0,3.4000000000000004,0.013000000000000001,7,0,0,0,0.28600000000000003,71.98,804,2.3000000000000003,1
2023,3,11,2,0,3.5,0.013000000000000001,8,0,0,0,0.28200000000000003,71.79,804,1.9000000000000001,1.1
2023,3,11,3,0,3.2,0.015,4,0,0,0,0.28,74.83,804,1.6,1.2000000000000002
2023,3,11,4,0,3,0.021,7,0,0,0,0.28,76.13,805,1.5,1.2000000000000002
2023,3,11,5,0,1.8,0.025,6,0,0,0,0.28200000000000003,78.77,806,1.2000000000000002,1
2023,3,11,6,0,1.1,0.025,4,0,0,0,0.28300000000000003,78.64,806,0.8,0.8
2023,3,11,7,0,3.4000000000000004,0.023,8,52,10,53,0.28500000000000003,66.33,807,1.3,0.6000000000000001
2023,3,11,8,0,5.2,0.022,0,46,859,313,0.289,53.01,807,2,0.5
2023,3,11,9,0,6.9,0.021,1,54,963,513,0.291,40.43,807,2.8000000000000003,0.5
2023,3,11,10,0,8,0.02,3,305,449,577,0.29,32.14,808,3.1,0.4
2023,3,11,11,0,8.9,0.019,3,361,458,677,0.29,27.29,808,3.3000000000000003,0.30000000000000004
2023,3,11,12,0,9.4,0.018000000000000002,0,63,1072,841,0.28800000000000003,25.21,808,3.4000000000000004,0.30000000000000004
2023,3,11,13,0,9.600000000000001,0.017,0,61,1069,820,0.28800000000000003,24.68,808,3.3000000000000003,0.30000000000000004
2023,3,11,14,0,9.4,0.02,1,62,1035,727,0.28700000000000003,25.25,808,3,0.4
2023,3,11,15,0,8.8,0.02,8,217,469,465,0.28600000000000003,27,808,2.5,0.5
2023,3,11,16,0,7.5,0.02,5,209,240,299,0.28500000000000003,31.44,808,2,0.5
2023,3,11,17,0,3.8000000000000003,0.021,8,5,0,5,0.28600000000000003,47.65,809,0.9,0.5
2023,3,11,18,0,1.3,0.024,7,0,0,0,0.289,53.300000000000004,810,0.8,0.5
2023,3,11,19,0,0.30000000000000004,0.025,8,0,0,0,0.293,56.13,810,0.6000000000000001,0.5
2023,3,11,20,0,-1,0.025,4,0,0,0,0.297,59.71,811,0.6000000000000001,0.5
2023,3,11,21,0,-2.3000000000000003,0.025,1,0,0,0,0.299,62.67,811,0.6000000000000001,0.5
2023,3,11,22,0,-3.3000000000000003,0.026000000000000002,5,0,0,0,0.3,64.9,812,0.7000000000000001,0.5
2023,3,11,23,0,-3.9000000000000004,0.027,6,0,0,0,0.3,64.9,812,1,0.5
2023,3,12,0,0,-4.5,0.029,7,0,0,0,0.3,64.44,812,1.3,0.5
2023,3,12,1,0,-5,0.031,8,0,0,0,0.3,63.46,812,1.6,0.5
2023,3,12,2,0,-5.6000000000000005,0.032,1,0,0,0,0.301,63.35,812,1.5,0.5
2023,3,12,3,0,-6,0.033,4,0,0,0,0.302,62.800000000000004,812,1.4000000000000001,0.5
2023,3,12,4,0,-6.1000000000000005,0.031,0,0,0,0,0.302,61.83,812,1.2000000000000002,0.5
2023,3,12,5,0,-5.9,0.029,4,0,0,0,0.303,60.84,813,0.9,0.4
2023,3,12,6,0,-5.300000000000001,0.027,1,0,0,0,0.303,58.5,813,0.8,0.4
2023,3,12,7,0,-2.6,0.025,4,71,26,74,0.303,52.26,813,0.9,0.5
2023,3,12,8,0,0.7000000000000001,0.024,0,47,857,319,0.304,45.93,814,1.4000000000000001,0.5
2023,3,12,9,0,3.3000000000000003,0.023,7,142,729,492,0.306,40.87,813,1.9000000000000001,0.6000000000000001
2023,3,12,10,0,5.1000000000000005,0.023,8,194,620,572,0.307,37.88,813,2.4000000000000004,0.6000000000000001
2023,3,12,11,0,6.300000000000001,0.021,8,196,745,715,0.308,36.39,813,2.6,0.7000000000000001
2023,3,12,12,0,7,0.023,8,190,798,773,0.309,35.7,813,2.6,0.7000000000000001
2023,3,12,13,0,7.2,0.025,8,343,94,411,0.31,36.03,813,2.4000000000000004,0.7000000000000001
2023,3,12,14,0,6.9,0.03,5,368,80,420,0.31,37.25,813,2.2,0.7000000000000001
2023,3,12,15,0,6.2,0.031,8,242,280,391,0.31,39.22,813,1.9000000000000001,0.7000000000000001
2023,3,12,16,0,5.1000000000000005,0.03,5,186,15,192,0.31,42.35,813,1.8,0.7000000000000001
2023,3,12,17,0,2.5,0.032,8,85,15,88,0.31,52.75,814,1.2000000000000002,0.7000000000000001
2023,3,12,18,0,-0.1,0.033,4,0,0,0,0.312,57.42,815,1.2000000000000002,0.7000000000000001
2023,3,12,19,0,-1,0.032,4,0,0,0,0.313,59,815,1,0.7000000000000001
2023,3,12,20,0,-1.6,0.032,4,0,0,0,0.313,60.83,815,0.8,0.7000000000000001
2023,3,12,21,0,-2.4000000000000004,0.032,4,0,0,0,0.313,64.6,816,0.6000000000000001,0.7000000000000001
2023,3,12,22,0,-3.2,0.032,0,0,0,0,0.311,68.46000000000001,815,0.6000000000000001,0.7000000000000001
2023,3,12,23,0,-3.8000000000000003,0.033,0,0,0,0,0.309,71.19,815,0.5,0.7000000000000001
2023,3,13,0,0,-3.9000000000000004,0.033,0,0,0,0,0.308,71.38,815,0.6000000000000001,0.7000000000000001
2023,3,13,1,0,-3.9000000000000004,0.035,0,0,0,0,0.307,70.76,815,0.7000000000000001,0.7000000000000001
2023,3,13,2,0,-3.7,0.035,0,0,0,0,0.309,69.72,815,0.8,0.6000000000000001
2023,3,13,3,0,-3.7,0.035,0,0,0,0,0.313,68.86,815,0.9,0.6000000000000001
2023,3,13,4,0,-4,0.034,0,0,0,0,0.318,68.67,815,1,0.6000000000000001
2023,3,13,5,0,-4.1000000000000005,0.033,0,0,0,0,0.321,67.9,815,1.1,0.6000000000000001
2023,3,13,6,0,-3.6,0.033,0,0,0,0,0.323,64.67,815,1.4000000000000001,0.5
2023,3,13,7,0,-0.9,0.033,0,32,594,112,0.325,56.32,815,1.8,0.5
2023,3,13,8,0,2.7,0.032,0,51,836,320,0.325,48.660000000000004,815,1.6,0.6000000000000001
2023,3,13,9,0,5.4,0.032,8,157,678,486,0.326,42.57,815,1.5,0.6000000000000001
2023,3,13,10,0,7.300000000000001,0.032,8,145,849,667,0.326,37.92,815,1.6,0.6000000000000001
2023,3,13,11,0,8.700000000000001,0.031,8,183,814,753,0.326,34.74,815,1.8,0.6000000000000001
2023,3,13,12,0,9.600000000000001,0.033,3,321,598,762,0.327,32.77,814,1.8,0.7000000000000001
2023,3,13,13,0,9.9,0.035,7,183,797,756,0.328,32.2,814,1.7000000000000002,0.7000000000000001
2023,3,13,14,0,9.8,0.036000000000000004,8,193,686,639,0.328,32.480000000000004,814,1.5,0.7000000000000001
2023,3,13,15,0,9.200000000000001,0.037,3,313,237,440,0.328,34.160000000000004,813,1.2000000000000002,0.8
2023,3,13,16,0,8.200000000000001,0.036000000000000004,7,167,365,307,0.327,40.89,814,0.9,0.8
2023,3,13,17,0,6,0.034,7,103,177,139,0.327,46.06,814,0.6000000000000001,0.8
2023,3,13,18,0,4.2,0.031,7,0,0,0,0.327,47.11,814,0.6000000000000001,0.8
2023,3,13,19,0,2.3000000000000003,0.028,4,0,0,0,0.326,51,814,0.6000000000000001,0.7000000000000001
2023,3,13,20,0,0.5,0.027,0,0,0,0,0.325,56.81,814,1,0.7000000000000001
2023,3,13,21,0,-0.4,0.025,0,0,0,0,0.323,60.75,814,1.5,0.7000000000000001
2023,3,13,22,0,-0.7000000000000001,0.024,0,0,0,0,0.321,62.14,814,1.9000000000000001,0.7000000000000001
2023,3,13,23,0,-0.9,0.022,7,0,0,0,0.319,62.160000000000004,814,2.4000000000000004,0.6000000000000001
2023,3,14,0,0,-1.2000000000000002,0.021,0,0,0,0,0.318,62.26,814,2.6,0.6000000000000001
2023,3,14,1,0,-1.5,0.02,0,0,0,0,0.317,62.25,814,2.8000000000000003,0.6000000000000001
2023,3,14,2,0,-1.6,0.019,0,0,0,0,0.318,61.660000000000004,814,3,0.5
2023,3,14,3,0,-1.5,0.02,0,0,0,0,0.32,60.480000000000004,814,3.1,0.5
2023,3,14,4,0,-1.3,0.021,7,0,0,0,0.321,59.65,814,3.2,0.5
2023,3,14,5,0,-1.3,0.022,7,0,0,0,0.32,59.93,814,3.1,0.4
2023,3,14,6,0,-0.5,0.025,0,0,0,0,0.32,57.39,814,3.2,0.4
2023,3,14,7,0,2.9000000000000004,0.029,6,67,292,107,0.321,48.4,814,3.8000000000000003,0.4
2023,3,14,8,0,6.300000000000001,0.032,7,120,637,329,0.323,40.57,814,4.2,0.5
2023,3,14,9,0,8.700000000000001,0.032,6,233,339,399,0.321,34.57,815,3.9000000000000004,0.5
2023,3,14,10,0,10.5,0.032,7,221,597,591,0.318,30.55,815,3.6,0.6000000000000001
2023,3,14,11,0,11.9,0.031,0,73,1021,793,0.314,28.060000000000002,815,3.4000000000000004,0.6000000000000001
2023,3,14,12,0,12.8,0.03,8,169,824,779,0.311,26.810000000000002,814,2.9000000000000004,0.7000000000000001
2023,3,14,13,0,13.3,0.027,0,71,1024,812,0.308,26.32,813,2.3000000000000003,0.7000000000000001
2023,3,14,14,0,13.5,0.025,0,67,1007,726,0.305,26.03,813,1.9000000000000001,0.7000000000000001
2023,3,14,15,0,13.200000000000001,0.024,8,172,627,511,0.302,26.35,813,1.4000000000000001,0.7000000000000001
2023,3,14,16,0,12,0.024,7,177,312,297,0.298,30.76,813,1,0.7000000000000001
2023,3,14,17,0,8.5,0.024,7,99,43,108,0.295,43.92,813,0.5,0.7000000000000001
2023,3,14,18,0,5.9,0.024,8,0,0,0,0.295,47.13,813,0.6000000000000001,0.7000000000000001
2023,3,14,19,0,4.800000000000001,0.026000000000000002,6,0,0,0,0.295,50.17,813,0.7000000000000001,0.8
2023,3,14,20,0,4.5,0.027,7,0,0,0,0.296,50.94,812,1,0.9
2023,3,14,21,0,4.5,0.03,7,0,0,0,0.299,51.370000000000005,812,2,1
2023,3,14,22,0,3.8000000000000003,0.03,7,0,0,0,0.3,54.550000000000004,811,2.6,1
2023,3,14,23,0,3.3000000000000003,0.028,0,0,0,0,0.299,57.11,811,2.7,1.1
2023,3,15,0,0,2.8000000000000003,0.027,7,0,0,0,0.299,59.25,810,2.7,1
2023,3,15,1,0,2.6,0.028,7,0,0,0,0.301,60.28,809,3,1
2023,3,15,2,0,2.6,0.03,7,0,0,0,0.304,61.410000000000004,808,2.7,0.9
2023,3,15,3,0,2.3000000000000003,0.032,7,0,0,0,0.305,63.63,808,2.3000000000000003,0.9
2023,3,15,4,0,2,0.033,7,0,0,0,0.306,65.36,808,2,0.9
2023,3,15,5,0,1.8,0.032,0,0,0,0,0.309,66.11,807,1.9000000000000001,0.8
2023,3,15,6,0,2.5,0.031,0,0,0,0,0.308,63.7,807,1.8,0.8
2023,3,15,7,0,6.800000000000001,0.029,0,33,596,119,0.306,51.14,807,2.5,0.9
2023,3,15,8,0,10.5,0.028,0,50,833,327,0.304,43.11,807,2.8000000000000003,0.9
2023,3,15,9,0,13.200000000000001,0.031,0,62,924,521,0.302,38.75,807,3.1,1
2023,3,15,10,0,14.5,0.032,7,109,890,666,0.301,36.12,807,3,1
2023,3,15,11,0,15.700000000000001,0.028,7,246,557,642,0.301,33.15,807,2.7,1.1
2023,3,15,12,0,16.6,0.03,8,168,788,755,0.3,30.94,806,2.5,1.2000000000000002
2023,3,15,13,0,16.7,0.033,7,339,304,560,0.298,30.490000000000002,806,2.3000000000000003,1.2000000000000002
2023,3,15,14,0,16,0.035,7,66,0,66,0.296,31.970000000000002,805,2.1,1.3
2023,3,15,15,0,14.8,0.037,7,11,0,11,0.296,35.33,805,1.8,1.3
2023,3,15,16,0,12.8,0.039,7,148,18,155,0.297,46.6,805,1.2000000000000002,1.3
2023,3,15,17,0,10.700000000000001,0.045,7,28,0,28,0.297,52.99,805,1.2000000000000002,1.3
2023,3,15,18,0,9.5,0.051000000000000004,6,0,0,0,0.298,56.38,806,1.6,1.3
2023,3,15,19,0,8,0.055,6,0,0,0,0.299,64.82000000000001,806,2.1,1.3
2023,3,15,20,0,6.4,0.064,7,0,0,0,0.303,74.78,806,2.2,1.4000000000000001
2023,3,15,21,0,5.1000000000000005,0.069,7,0,0,0,0.312,82.32000000000001,807,2.1,1.4000000000000001
2023,3,15,22,0,3.9000000000000004,0.069,8,0,0,0,0.323,86.05,807,2.3000000000000003,1.3
2023,3,15,23,0,3,0.075,4,0,0,0,0.332,83.39,807,3.4000000000000004,1.2000000000000002
2023,3,16,0,0,1.8,0.063,7,0,0,0,0.336,80.62,808,3.7,1.1
2023,3,16,1,0,0.4,0.062,6,0,0,0,0.34,78.48,808,3.7,1.1
2023,3,16,2,0,-1,0.076,6,0,0,0,0.34500000000000003,76.57000000000001,808,3.2,1
2023,3,16,3,0,-2.2,0.081,7,0,0,0,0.35000000000000003,76.09,809,2.6,0.9
2023,3,16,4,0,-2.8000000000000003,0.083,7,0,0,0,0.353,74.65,809,2.5,0.9
2023,3,16,5,0,-3.2,0.091,7,0,0,0,0.357,73.29,810,2.8000000000000003,0.8
2023,3,16,6,0,-3.3000000000000003,0.091,7,0,0,0,0.359,69.91,811,3.4000000000000004,0.8
2023,3,16,7,0,-2.3000000000000003,0.082,6,69,4,70,0.362,63.1,811,4.7,0.7000000000000001
2023,3,16,8,0,-1.1,0.076,6,52,0,52,0.364,55.14,812,5.800000000000001,0.6000000000000001
2023,3,16,9,0,0.1,0.068,7,151,1,152,0.368,47.870000000000005,812,6.1000000000000005,0.5
2023,3,16,10,0,1.1,0.061,7,399,54,433,0.372,42.88,812,5.9,0.5
2023,3,16,11,0,2,0.057,6,88,0,88,0.375,39.24,813,5.5,0.4
2023,3,16,12,0,2.6,0.056,7,471,346,730,0.377,36.96,813,5.2,0.4
2023,3,16,13,0,2.9000000000000004,0.056,7,456,331,699,0.376,35.54,812,4.800000000000001,0.4
2023,3,16,14,0,2.7,0.057,8,399,355,635,0.374,35.42,813,4.6000000000000005,0.4
2023,3,16,15,0,2.1,0.056,5,141,0,141,0.372,36.050000000000004,813,4.3,0.4
2023,3,16,16,0,1,0.054,5,178,1,178,0.37,37.94,814,3.9000000000000004,0.4
2023,3,16,17,0,-1.2000000000000002,0.053,4,54,0,54,0.369,42.68,814,3,0.4
2023,3,16,18,0,-4,0.055,5,6,0,6,0.368,49.26,815,2.1,0.4
2023,3,16,19,0,-4.7,0.057,4,0,0,0,0.365,51.04,816,1.8,0.4
2023,3,16,20,0,-5,0.058,4,0,0,0,0.361,52.9,817,1.4000000000000001,0.4
2023,3,16,21,0,-5.4,0.059000000000000004,4,0,0,0,0.358,54.85,817,1.1,0.30000000000000004
2023,3,16,22,0,-5.9,0.059000000000000004,4,0,0,0,0.357,56.59,817,0.9,0.30000000000000004
2023,3,16,23,0,-6.300000000000001,0.061,4,0,0,0,0.358,57.42,817,0.9,0.30000000000000004
2023,3,17,0,0,-6.5,0.06,4,0,0,0,0.36,57.22,817,0.8,0.30000000000000004
2023,3,17,1,0,-6.7,0.055,4,0,0,0,0.362,57.25,817,0.7000000000000001,0.30000000000000004
2023,3,17,2,0,-7.1000000000000005,0.053,4,0,0,0,0.361,58.43,817,0.7000000000000001,0.30000000000000004
2023,3,17,3,0,-7.4,0.051000000000000004,4,0,0,0,0.356,58.53,816,1,0.30000000000000004
2023,3,17,4,0,-7.800000000000001,0.049,4,0,0,0,0.35000000000000003,59.480000000000004,816,1.1,0.30000000000000004
2023,3,17,5,0,-8.200000000000001,0.048,4,0,0,0,0.34400000000000003,60.14,816,1.2000000000000002,0.30000000000000004
2023,3,17,6,0,-7.800000000000001,0.048,4,0,0,0,0.337,56.56,816,1.5,0.30000000000000004
2023,3,17,7,0,-4.9,0.048,4,87,195,117,0.331,45.7,816,1.2000000000000002,0.30000000000000004
2023,3,17,8,0,-1.7000000000000002,0.048,4,190,402,328,0.326,38.24,816,0.7000000000000001,0.30000000000000004
2023,3,17,9,0,0.30000000000000004,0.049,5,228,0,228,0.322,34.28,816,1.4000000000000001,0.30000000000000004
2023,3,17,10,0,1.6,0.051000000000000004,5,447,355,673,0.319,31.44,816,2.2,0.30000000000000004
2023,3,17,11,0,2.5,0.054,4,506,404,797,0.316,29.2,816,2.8000000000000003,0.30000000000000004
2023,3,17,12,0,3,0.056,4,461,547,874,0.315,27.89,816,3.3000000000000003,0.30000000000000004
2023,3,17,13,0,3.3000000000000003,0.056,4,533,386,818,0.315,27.11,816,3.5,0.30000000000000004
2023,3,17,14,0,3.1,0.055,4,499,325,716,0.315,27.16,815,3.7,0.30000000000000004
2023,3,17,15,0,2.6,0.052000000000000005,4,458,109,519,0.315,27.91,815,3.7,0.30000000000000004
2023,3,17,16,0,1.5,0.048,8,243,242,339,0.316,30.12,816,3.5,0.30000000000000004
2023,3,17,17,0,-1.3,0.043000000000000003,8,121,73,137,0.318,37.45,816,2.2,0.30000000000000004
2023,3,17,18,0,-4.800000000000001,0.04,8,7,0,7,0.321,46.35,817,1.6,0.30000000000000004
2023,3,17,19,0,-6.1000000000000005,0.038,4,0,0,0,0.325,49.99,817,1.5,0.30000000000000004
2023,3,17,20,0,-7,0.036000000000000004,1,0,0,0,0.328,53.03,818,1.2000000000000002,0.2
2023,3,17,21,0,-7.6000000000000005,0.034,0,0,0,0,0.331,54.11,818,0.9,0.2
2023,3,17,22,0,-8.200000000000001,0.034,0,0,0,0,0.332,55.33,819,1,0.2
2023,3,17,23,0,-8.6,0.034,0,0,0,0,0.333,55.54,819,1.2000000000000002,0.2
2023,3,18,0,0,-8.8,0.033,0,0,0,0,0.333,54.79,819,1.4000000000000001,0.2
2023,3,18,1,0,-8.9,0.032,0,0,0,0,0.332,53.65,818,1.6,0.2
2023,3,18,2,0,-9.1,0.031,0,0,0,0,0.332,52.28,818,1.7000000000000002,0.2
2023,3,18,3,0,-9.3,0.03,0,0,0,0,0.332,49.81,818,1.9000000000000001,0.2
2023,3,18,4,0,-9.4,0.029,0,0,0,0,0.332,46.65,819,2.2,0.2
2023,3,18,5,0,-9.5,0.027,0,0,0,0,0.332,43.27,819,2.4000000000000004,0.1
2023,3,18,6,0,-8.5,0.026000000000000002,0,0,0,0,0.332,36.78,820,2.9000000000000004,0.1
2023,3,18,7,0,-4.800000000000001,0.025,0,35,725,151,0.331,28.29,820,3.2,0.1
2023,3,18,8,0,-1.4000000000000001,0.024,0,50,935,376,0.33,25.150000000000002,821,3.6,0.1
2023,3,18,9,0,0.6000000000000001,0.024,0,59,1002,573,0.329,24.240000000000002,821,3.8000000000000003,0.2
2023,3,18,10,0,2.2,0.024,1,65,1048,737,0.328,23.22,820,3.8000000000000003,0.2
2023,3,18,11,0,3.4000000000000004,0.025,4,358,541,751,0.327,22.650000000000002,820,3.8000000000000003,0.2
2023,3,18,12,0,4.1000000000000005,0.025,0,71,1079,890,0.327,22.650000000000002,820,3.8000000000000003,0.2
2023,3,18,13,0,4.5,0.025,0,70,1074,866,0.327,22.8,819,3.8000000000000003,0.2
2023,3,18,14,0,4.5,0.026000000000000002,0,68,1055,776,0.327,23.35,819,3.7,0.2
2023,3,18,15,0,4,0.027,0,63,1000,619,0.327,24.580000000000002,819,3.4000000000000004,0.30000000000000004
2023,3,18,16,0,3,0.028,0,55,925,427,0.326,27.03,819,2.9000000000000004,0.30000000000000004
2023,3,18,17,0,-0.4,0.028,1,41,767,210,0.325,39.4,820,1.2000000000000002,0.30000000000000004
2023,3,18,18,0,-3.1,0.029,1,13,272,20,0.325,42.51,820,1,0.30000000000000004
2023,3,18,19,0,-3.5,0.029,0,0,0,0,0.326,42.15,820,0.8,0.30000000000000004
2023,3,18,20,0,-4.3,0.029,0,0,0,0,0.326,44.26,821,0.5,0.2
2023,3,18,21,0,-5.1000000000000005,0.028,0,0,0,0,0.327,47.03,821,0.8,0.2
2023,3,18,22,0,-5.800000000000001,0.028,0,0,0,0,0.328,49.44,820,1.1,0.2
2023,3,18,23,0,-6.2,0.028,0,0,0,0,0.329,50.26,820,1.4000000000000001,0.2
2023,3,19,0,0,-6.4,0.028,0,0,0,0,0.33,49.72,819,1.5,0.2
2023,3,19,1,0,-6.6000000000000005,0.028,0,0,0,0,0.33,48.620000000000005,819,1.7000000000000002,0.2
2023,3,19,2,0,-6.7,0.029,0,0,0,0,0.33,46.37,818,1.9000000000000001,0.2
2023,3,19,3,0,-7.1000000000000005,0.029,0,0,0,0,0.331,44.47,818,2.3000000000000003,0.1
2023,3,19,4,0,-7.4,0.029,0,0,0,0,0.331,42.64,817,2.6,0.1
2023,3,19,5,0,-7.5,0.029,1,0,0,0,0.33,40.06,817,2.9000000000000004,0.1
2023,3,19,6,0,-6.2,0.03,7,0,0,0,0.328,34.910000000000004,817,3.5,0.2
2023,3,19,7,0,-2.2,0.031,6,34,1,34,0.327,29.55,817,3.9000000000000004,0.2
2023,3,19,8,0,2.3000000000000003,0.031,7,146,441,302,0.327,26.6,816,3.5,0.2
2023,3,19,9,0,5.2,0.033,7,248,286,396,0.326,24.04,816,3.6,0.2
2023,3,19,10,0,6.800000000000001,0.034,1,72,1037,741,0.325,22.85,815,3.3000000000000003,0.2
2023,3,19,11,0,7.9,0.037,1,78,1058,849,0.324,22.07,815,3.2,0.2
2023,3,19,12,0,8.6,0.04,1,81,1049,882,0.324,21.85,814,3.4000000000000004,0.30000000000000004
2023,3,19,13,0,8.700000000000001,0.043000000000000003,0,82,1042,857,0.325,22.57,813,3.8000000000000003,0.30000000000000004
2023,3,19,14,0,8.5,0.046,1,80,1018,767,0.326,23.96,813,4.2,0.30000000000000004
2023,3,19,15,0,7.800000000000001,0.049,7,207,591,537,0.326,26.63,812,4.3,0.30000000000000004
2023,3,19,16,0,6.5,0.053,6,190,43,207,0.326,31.35,812,3.7,0.4
2023,3,19,17,0,2.8000000000000003,0.056,6,71,5,73,0.325,45.81,812,1.7000000000000002,0.4
2023,3,19,18,0,-0.1,0.057,7,12,0,12,0.324,54.71,812,1.2000000000000002,0.4
2023,3,19,19,0,-0.4,0.056,6,0,0,0,0.324,55.89,812,1,0.4
2023,3,19,20,0,-0.30000000000000004,0.057,6,0,0,0,0.325,54.800000000000004,811,0.9,0.4
2023,3,19,21,0,-0.1,0.061,6,0,0,0,0.326,53.54,811,1,0.4
2023,3,19,22,0,-0.1,0.065,6,0,0,0,0.328,53.17,811,1.3,0.5
2023,3,19,23,0,-0.5,0.07100000000000001,6,0,0,0,0.328,53.980000000000004,811,1.5,0.5
2023,3,20,0,0,-0.8,0.078,6,0,0,0,0.33,54.5,810,1.6,0.6000000000000001
2023,3,20,1,0,-0.9,0.085,6,0,0,0,0.331,55.09,810,1.5,0.6000000000000001
2023,3,20,2,0,-0.8,0.084,6,0,0,0,0.334,55.46,809,1.3,0.7000000000000001
2023,3,20,3,0,-0.7000000000000001,0.078,6,0,0,0,0.336,56.08,808,1.1,0.7000000000000001
2023,3,20,4,0,-0.4,0.075,6,0,0,0,0.337,56.43,808,1,0.8
2023,3,20,5,0,-0.2,0.073,6,0,0,0,0.337,57.370000000000005,808,1,0.8
2023,3,20,6,0,0.30000000000000004,0.07200000000000001,6,0,0,0,0.338,57.77,808,1,0.8
2023,3,20,7,0,2.3000000000000003,0.07,6,72,8,74,0.341,54.77,808,1.4000000000000001,0.8
2023,3,20,8,0,4.3,0.066,6,79,1,80,0.342,48.47,808,2.1,0.8
2023,3,20,9,0,6.4,0.059000000000000004,7,283,147,360,0.341,42.730000000000004,807,2.3000000000000003,0.8
2023,3,20,10,0,8,0.051000000000000004,7,327,333,543,0.339,37.52,807,2,0.7000000000000001
2023,3,20,11,0,9.3,0.04,8,203,773,770,0.338,33.83,807,1.6,0.7000000000000001
2023,3,20,12,0,9.9,0.036000000000000004,7,284,524,686,0.335,32.08,806,1.1,0.7000000000000001
2023,3,20,13,0,10.100000000000001,0.035,8,206,699,730,0.333,31.61,805,0.9,0.7000000000000001
2023,3,20,14,0,10,0.037,7,113,0,113,0.335,31.96,805,1,0.7000000000000001
2023,3,20,15,0,9.4,0.044,7,235,414,469,0.337,33.64,804,1,0.8
2023,3,20,16,0,7.6000000000000005,0.052000000000000005,6,164,16,171,0.339,42.39,805,0.7000000000000001,0.8
2023,3,20,17,0,5.7,0.057,6,106,17,110,0.343,48.63,805,0.5,0.8
2023,3,20,18,0,4.4,0.056,7,12,0,12,0.34800000000000003,50.800000000000004,805,0.6000000000000001,0.8
2023,3,20,19,0,3.5,0.048,7,0,0,0,0.352,53.77,805,0.7000000000000001,0.8
2023,3,20,20,0,2.4000000000000004,0.04,7,0,0,0,0.354,56.550000000000004,805,0.8,0.7000000000000001
2023,3,20,21,0,1.2000000000000002,0.036000000000000004,7,0,0,0,0.35100000000000003,59.83,805,0.7000000000000001,0.7000000000000001
2023,3,20,22,0,-0.1,0.036000000000000004,8,0,0,0,0.34600000000000003,63.49,805,0.7000000000000001,0.7000000000000001
2023,3,20,23,0,-1,0.035,0,0,0,0,0.342,65.62,804,0.9,0.7000000000000001
2023,3,21,0,0,-1.6,0.032,4,0,0,0,0.341,66.53,804,1.2000000000000002,0.7000000000000001
2023,3,21,1,0,-1.7000000000000002,0.029,0,0,0,0,0.343,65.95,804,1.7000000000000002,0.7000000000000001
2023,3,21,2,0,-1.5,0.028,7,0,0,0,0.34600000000000003,64.47,804,2.1,0.7000000000000001
2023,3,21,3,0,-1.3,0.029,0,0,0,0,0.34500000000000003,62.79,805,2.2,0.6000000000000001
2023,3,21,4,0,-1.6,0.031,0,0,0,0,0.342,62.21,806,1.9000000000000001,0.5
2023,3,21,5,0,-2.5,0.029,0,0,0,0,0.34,63.050000000000004,806,1.6,0.4
2023,3,21,6,0,-1.9000000000000001,0.026000000000000002,0,0,0,0,0.335,57.95,806,1.9000000000000001,0.30000000000000004
2023,3,21,7,0,1.3,0.026000000000000002,0,36,712,162,0.329,44.33,806,2.8000000000000003,0.30000000000000004
2023,3,21,8,0,4.6000000000000005,0.026000000000000002,0,51,906,381,0.325,26.28,807,3.3000000000000003,0.30000000000000004
2023,3,21,9,0,7,0.029,0,62,976,577,0.323,20.38,807,3.1,0.4
2023,3,21,10,0,8.3,0.033,1,71,1008,732,0.321,20.41,806,2.7,0.5
2023,3,21,11,0,9.200000000000001,0.036000000000000004,7,201,770,770,0.322,21.53,806,2.6,0.5
2023,3,21,12,0,9.8,0.038,7,210,787,818,0.323,23.2,806,2.7,0.6000000000000001
2023,3,21,13,0,9.8,0.037,7,167,844,803,0.322,25.73,806,2.7,0.7000000000000001
2023,3,21,14,0,9.600000000000001,0.038,7,321,354,563,0.318,28.63,806,2.4000000000000004,0.7000000000000001
2023,3,21,15,0,9.4,0.037,3,320,276,476,0.315,30.73,806,1.9000000000000001,0.8
2023,3,21,16,0,8.8,0.033,3,195,412,365,0.314,33.96,806,1.5,0.8
2023,3,21,17,0,6.7,0.029,4,122,187,165,0.312,43.660000000000004,806,1.1,0.7000000000000001
2023,3,21,18,0,4.1000000000000005,0.029,4,12,0,12,0.309,44.61,807,1.5,0.8
2023,3,21,19,0,3.4000000000000004,0.03,4,0,0,0,0.307,49.480000000000004,808,1.5,0.9
2023,3,21,20,0,2.8000000000000003,0.029,7,0,0,0,0.308,52.410000000000004,808,1.4000000000000001,0.9
2023,3,21,21,0,2.2,0.029,7,0,0,0,0.308,54.56,809,1.3,0.8
2023,3,21,22,0,1.5,0.027,7,0,0,0,0.306,56.96,809,1.1,0.8
2023,3,21,23,0,0.8,0.025,5,0,0,0,0.304,58.56,808,0.9,0.8
2023,3,22,0,0,0.6000000000000001,0.025,5,0,0,0,0.301,59.46,808,0.6000000000000001,0.9
2023,3,22,1,0,0.4,0.026000000000000002,0,0,0,0,0.301,63.29,807,0.6000000000000001,0.9
2023,3,22,2,0,0.2,0.023,0,0,0,0,0.303,66.06,807,1.1,0.8
2023,3,22,3,0,0,0.023,8,0,0,0,0.306,67.63,807,1.3,0.8
2023,3,22,4,0,-0.1,0.022,7,0,0,0,0.309,68.31,807,1.5,0.7000000000000001
2023,3,22,5,0,-0.5,0.021,4,0,0,0,0.309,70.23,807,1.2000000000000002,0.6000000000000001
2023,3,22,6,0,0.30000000000000004,0.02,0,0,0,0,0.307,67.16,806,1.3,0.8
2023,3,22,7,0,3.1,0.021,7,69,8,71,0.306,59.35,806,1.9000000000000001,0.9
2023,3,22,8,0,4.6000000000000005,0.026000000000000002,7,199,111,240,0.306,59.01,806,2.4000000000000004,1.1
2023,3,22,9,0,5,0.033,3,249,437,483,0.304,63.2,807,2.3000000000000003,1.2000000000000002
2023,3,22,10,0,5.4,0.036000000000000004,8,308,380,559,0.304,64.12,807,1.7000000000000002,1.2000000000000002
2023,3,22,11,0,7.4,0.063,7,347,34,372,0.305,56.18,807,1.6,1.1
2023,3,22,12,0,8.5,0.066,7,383,276,597,0.305,51.32,806,1.8,1.1
2023,3,22,13,0,9.3,0.056,7,247,5,251,0.305,47.58,806,1.8,1
2023,3,22,14,0,9.600000000000001,0.048,7,350,112,427,0.308,44.39,806,2.2,1
2023,3,22,15,0,9.3,0.038,7,104,1,104,0.313,41.9,806,2.5,0.8
2023,3,22,16,0,8,0.03,8,166,22,175,0.318,42.46,807,2.8000000000000003,0.7000000000000001
2023,3,22,17,0,5,0.024,8,120,44,130,0.322,51.54,808,2.2,0.6000000000000001
2023,3,22,18,0,1.3,0.021,4,12,0,12,0.325,60.870000000000005,809,1.4000000000000001,0.5
2023,3,22,19,0,-0.6000000000000001,0.02,5,0,0,0,0.325,65.52,810,1.1,0.4
2023,3,22,20,0,-1.8,0.019,4,0,0,0,0.323,67.23,810,1,0.4
2023,3,22,21,0,-2.4000000000000004,0.02,1,0,0,0,0.32,66.25,811,1.3,0.4
2023,3,22,22,0,-2.8000000000000003,0.02,0,0,0,0,0.317,64.19,811,1.6,0.4
2023,3,22,23,0,-3.3000000000000003,0.02,0,0,0,0,0.316,62.690000000000005,810,1.7000000000000002,0.4
2023,3,23,0,0,-3.6,0.019,0,0,0,0,0.316,60.64,810,2,0.4
2023,3,23,1,0,-3.7,0.019,0,0,0,0,0.316,58.79,811,2.4000000000000004,0.4
2023,3,23,2,0,-3.7,0.019,0,0,0,0,0.316,58.17,811,2.8000000000000003,0.4
2023,3,23,3,0,-3.5,0.019,0,0,0,0,0.315,57.32,811,2.7,0.30000000000000004
2023,3,23,4,0,-3.6,0.019,0,0,0,0,0.315,57.620000000000005,811,2.7,0.30000000000000004
2023,3,23,5,0,-3.7,0.019,0,0,0,0,0.316,57.83,811,2.5,0.30000000000000004
2023,3,23,6,0,-2.4000000000000004,0.019,0,0,0,0,0.318,54.6,811,2.7,0.30000000000000004
2023,3,23,7,0,1.6,0.019,0,34,747,174,0.322,45.03,812,3,0.30000000000000004
2023,3,23,8,0,4.5,0.02,0,48,910,389,0.327,37.67,812,2.6,0.4
2023,3,23,9,0,6.1000000000000005,0.021,0,57,989,589,0.333,33.03,812,1.9000000000000001,0.4
2023,3,23,10,0,7.4,0.023,1,64,1021,743,0.337,29.86,812,1.6,0.5
2023,3,23,11,0,8.200000000000001,0.026000000000000002,7,241,649,726,0.341,28.32,812,1.5,0.5
2023,3,23,12,0,8.1,0.031,7,318,13,329,0.341,28.92,811,1.5,0.5
2023,3,23,13,0,7.6000000000000005,0.036000000000000004,7,169,1,170,0.339,31.52,811,1.4000000000000001,0.6000000000000001
2023,3,23,14,0,6.800000000000001,0.04,7,323,34,347,0.337,36.03,811,1.5,0.6000000000000001
2023,3,23,15,0,5.7,0.045,7,203,11,209,0.333,42,811,1.7000000000000002,0.7000000000000001
2023,3,23,16,0,4.6000000000000005,0.048,7,8,0,8,0.33,48.13,811,1.8,0.7000000000000001
2023,3,23,17,0,3,0.054,7,78,5,80,0.327,59.18,811,1.4000000000000001,0.7000000000000001
2023,3,23,18,0,1.4000000000000001,0.058,7,10,0,10,0.327,64.69,812,1.1,0.7000000000000001
2023,3,23,19,0,0.4,0.058,8,0,0,0,0.329,68.48,812,1,0.7000000000000001
2023,3,23,20,0,-0.30000000000000004,0.058,7,0,0,0,0.331,70.91,812,0.8,0.7000000000000001
2023,3,23,21,0,-1.1,0.054,4,0,0,0,0.33,72.7,812,0.7000000000000001,0.7000000000000001
2023,3,23,22,0,-1.8,0.048,0,0,0,0,0.327,72.99,812,0.8,0.6000000000000001
2023,3,23,23,0,-2.3000000000000003,0.041,0,0,0,0,0.324,71.38,811,0.9,0.6000000000000001
2023,3,24,0,0,-2.6,0.036000000000000004,0,0,0,0,0.323,68.64,811,1.2000000000000002,0.5
2023,3,24,1,0,-3,0.031,0,0,0,0,0.324,65.83,811,1.5,0.5
2023,3,24,2,0,-3.5,0.028,4,0,0,0,0.327,63.940000000000005,810,1.6,0.5
2023,3,24,3,0,-3.8000000000000003,0.027,0,0,0,0,0.329,62.02,810,1.7000000000000002,0.5
2023,3,24,4,0,-4.2,0.026000000000000002,0,0,0,0,0.331,61.06,810,1.8,0.5
2023,3,24,5,0,-4.4,0.027,0,0,0,0,0.331,59.69,810,1.8,0.5
2023,3,24,6,0,-3.3000000000000003,0.029,0,0,0,0,0.331,55.83,810,2.2,0.5
2023,3,24,7,0,0.1,0.031,0,39,701,174,0.332,47.480000000000004,810,2.1,0.5
2023,3,24,8,0,3.1,0.033,0,55,882,390,0.336,40.24,810,1.2000000000000002,0.5
2023,3,24,9,0,4.7,0.033,0,65,966,589,0.341,36.15,809,0.6000000000000001,0.5
2023,3,24,10,0,5.800000000000001,0.034,1,72,1010,748,0.34800000000000003,33.480000000000004,809,0.5,0.5
2023,3,24,11,0,6.6000000000000005,0.068,8,244,702,772,0.352,31.330000000000002,808,0.6000000000000001,0.5
2023,3,24,12,0,6.800000000000001,0.075,7,381,176,519,0.352,30.34,807,0.8,0.5
2023,3,24,13,0,6.800000000000001,0.078,6,293,10,300,0.35000000000000003,30.2,806,1,0.5
2023,3,24,14,0,6.5,0.08,7,287,468,612,0.34700000000000003,31.04,806,1.2000000000000002,0.5
2023,3,24,15,0,5.9,0.082,6,13,0,13,0.34500000000000003,32.95,806,1.2000000000000002,0.6000000000000001
2023,3,24,16,0,5.1000000000000005,0.081,6,7,0,7,0.34800000000000003,36.13,806,1,0.6000000000000001
2023,3,24,17,0,3.7,0.082,7,5,0,5,0.352,47.51,806,0.5,0.6000000000000001
2023,3,24,18,0,2,0.082,7,13,0,13,0.355,51.97,806,0.6000000000000001,0.6000000000000001
2023,3,24,19,0,1,0.083,7,0,0,0,0.357,55.7,806,0.9,0.6000000000000001
2023,3,24,20,0,0.1,0.094,7,0,0,0,0.358,61.19,806,1.1,0.7000000000000001
2023,3,24,21,0,-0.7000000000000001,0.109,7,0,0,0,0.36,67.46000000000001,806,1,0.7000000000000001
2023,3,24,22,0,-1.1,0.111,9,0,0,0,0.362,72.24,806,0.8,0.7000000000000001
2023,3,24,23,0,-1.6,0.11800000000000001,9,0,0,0,0.364,71.88,806,2,0.6000000000000001
2023,3,25,0,0,-2.5,0.106,9,0,0,0,0.365,69.21000000000001,806,2.8000000000000003,0.5
2023,3,25,1,0,-3.7,0.083,8,0,0,0,0.367,65.73,806,2.4000000000000004,0.4
2023,3,25,2,0,-4.7,0.074,6,0,0,0,0.37,58.18,806,2.4000000000000004,0.30000000000000004
2023,3,25,3,0,-5.300000000000001,0.074,1,0,0,0,0.374,54.4,806,2.3000000000000003,0.30000000000000004
2023,3,25,4,0,-5.800000000000001,0.074,0,0,0,0,0.378,51.78,806,2.4000000000000004,0.30000000000000004
2023,3,25,5,0,-6.2,0.076,1,0,0,0,0.383,47.800000000000004,806,3.3000000000000003,0.2
2023,3,25,6,0,-6.1000000000000005,0.074,0,0,0,0,0.387,43.29,806,4.3,0.2
2023,3,25,7,0,-5,0.07,8,52,652,181,0.391,37.550000000000004,807,5.2,0.2
2023,3,25,8,0,-3.6,0.062,4,199,444,370,0.394,32.21,807,5.7,0.2
2023,3,25,9,0,-2.1,0.055,4,276,536,570,0.396,28.5,807,5.7,0.2
2023,3,25,10,0,-0.9,0.049,0,87,1023,778,0.397,26.72,808,5.5,0.2
2023,3,25,11,0,-0.2,0.044,0,89,1053,886,0.397,26.26,808,5.300000000000001,0.2
2023,3,25,12,0,0.2,0.042,0,90,1063,929,0.397,26.09,807,5.1000000000000005,0.2
2023,3,25,13,0,0.2,0.041,8,238,805,857,0.397,26.39,807,5,0.2
2023,3,25,14,0,0,0.04,0,83,1041,810,0.396,26.88,807,5.2,0.2
2023,3,25,15,0,-0.6000000000000001,0.041,7,183,767,629,0.395,27.810000000000002,807,5.300000000000001,0.2
2023,3,25,16,0,-1.5,0.041,4,209,516,428,0.395,29.44,808,5,0.2
2023,3,25,17,0,-2.8000000000000003,0.04,0,49,777,238,0.394,32.49,808,4,0.2
2023,3,25,18,0,-4.6000000000000005,0.039,0,19,344,35,0.394,39.74,809,2.3000000000000003,0.2
2023,3,25,19,0,-5.300000000000001,0.039,1,0,0,0,0.393,44.730000000000004,809,1.8,0.2
2023,3,25,20,0,-5.7,0.04,0,0,0,0,0.392,47.51,810,1.7000000000000002,0.2
2023,3,25,21,0,-6.1000000000000005,0.041,0,0,0,0,0.39,49.03,810,1.6,0.2
2023,3,25,22,0,-6.5,0.042,0,0,0,0,0.389,49.72,810,1.7000000000000002,0.2
2023,3,25,23,0,-6.9,0.043000000000000003,0,0,0,0,0.388,49.730000000000004,810,1.7000000000000002,0.2
2023,3,26,0,0,-7.300000000000001,0.045,0,0,0,0,0.387,49.68,810,1.8,0.2
2023,3,26,1,0,-7.6000000000000005,0.047,0,0,0,0,0.384,49.39,810,1.8,0.2
2023,3,26,2,0,-7.7,0.05,0,0,0,0,0.38,48.44,810,1.7000000000000002,0.2
2023,3,26,3,0,-7.800000000000001,0.051000000000000004,0,0,0,0,0.378,47.35,809,1.7000000000000002,0.2
2023,3,26,4,0,-8.1,0.05,0,0,0,0,0.377,46.97,810,1.6,0.2
2023,3,26,5,0,-8.3,0.05,0,0,0,0,0.376,46.36,810,1.7000000000000002,0.2
2023,3,26,6,0,-7.5,0.052000000000000005,0,0,0,0,0.375,43.65,810,1.8,0.2
2023,3,26,7,0,-4.800000000000001,0.055,7,94,440,184,0.376,35.15,810,1.5,0.2
2023,3,26,8,0,-2.3000000000000003,0.06,6,211,194,286,0.378,29.73,810,0.8,0.2
2023,3,26,9,0,-0.30000000000000004,0.067,6,237,493,510,0.381,27.39,810,1,0.2
2023,3,26,10,0,1.2000000000000002,0.076,7,219,733,717,0.382,25.79,810,1.2000000000000002,0.30000000000000004
2023,3,26,11,0,2.3000000000000003,0.088,7,261,713,804,0.384,24.45,810,1.3,0.30000000000000004
2023,3,26,12,0,2.7,0.101,7,436,314,685,0.388,23.89,809,1.1,0.30000000000000004
2023,3,26,13,0,2.6,0.113,7,437,330,692,0.391,24.47,809,0.9,0.30000000000000004
2023,3,26,14,0,2,0.123,7,425,115,506,0.393,26.71,809,1.2000000000000002,0.30000000000000004
2023,3,26,15,0,1.2000000000000002,0.127,7,179,3,181,0.392,30.11,809,1.6,0.30000000000000004
2023,3,26,16,0,0.30000000000000004,0.125,7,168,9,172,0.391,34.5,810,1.8,0.4
2023,3,26,17,0,-1.1,0.11900000000000001,7,165,131,198,0.391,42.02,811,1.4000000000000001,0.4
2023,3,26,18,0,-2.7,0.109,7,21,0,21,0.391,47.77,811,1.1,0.4
2023,3,26,19,0,-3.6,0.094,7,0,0,0,0.393,49.83,812,1.2000000000000002,0.4
2023,3,26,20,0,-4.7,0.084,7,0,0,0,0.394,53.550000000000004,812,1.4000000000000001,0.4
2023,3,26,21,0,-5.9,0.079,7,0,0,0,0.395,58.83,812,1.4000000000000001,0.4
2023,3,26,22,0,-6.9,0.079,6,0,0,0,0.397,65.47,812,1.4000000000000001,0.4
2023,3,26,23,0,-7.300000000000001,0.08700000000000001,7,0,0,0,0.398,70.68,811,1.5,0.4
2023,3,27,0,0,-7.2,0.106,7,0,0,0,0.399,73.14,811,1.5,0.4
2023,3,27,1,0,-7.1000000000000005,0.138,9,0,0,0,0.402,73.60000000000001,811,1.6,0.4
2023,3,27,2,0,-6.800000000000001,0.161,9,0,0,0,0.405,70.58,810,1.6,0.4
2023,3,27,3,0,-6.2,0.153,6,0,0,0,0.40800000000000003,64.44,810,1.7000000000000002,0.4
2023,3,27,4,0,-6.300000000000001,0.122,9,0,0,0,0.41100000000000003,59.64,810,1.9000000000000001,0.4
2023,3,27,5,0,-7,0.1,6,0,0,0,0.41600000000000004,57.46,811,2.3000000000000003,0.30000000000000004
2023,3,27,6,0,-6.7,0.08600000000000001,9,0,0,0,0.421,51.410000000000004,811,3.4000000000000004,0.30000000000000004
2023,3,27,7,0,-4.9,0.083,6,112,8,113,0.424,43.11,811,5.5,0.30000000000000004
2023,3,27,8,0,-3.4000000000000004,0.092,6,136,1,137,0.425,39.82,812,6.4,0.30000000000000004
2023,3,27,9,0,-2.7,0.10200000000000001,6,378,36,398,0.426,39.89,813,6.6000000000000005,0.30000000000000004
2023,3,27,10,0,-2.6,0.101,7,484,320,703,0.427,40.37,814,6.5,0.30000000000000004
2023,3,27,11,0,-2.7,0.095,7,405,560,834,0.43,40.09,815,5.9,0.30000000000000004
2023,3,27,12,0,-2.6,0.08600000000000001,9,560,342,833,0.432,38.800000000000004,816,5.300000000000001,0.30000000000000004
2023,3,27,13,0,-2.5,0.076,9,369,5,374,0.434,37.81,817,4.800000000000001,0.30000000000000004
2023,3,27,14,0,-2.3000000000000003,0.064,9,233,1,234,0.434,36.15,817,4.2,0.30000000000000004
2023,3,27,15,0,-2.4000000000000004,0.056,7,383,329,577,0.433,35.93,818,3.6,0.30000000000000004
2023,3,27,16,0,-2.9000000000000004,0.049,8,232,402,406,0.433,36.77,819,3.1,0.30000000000000004
2023,3,27,17,0,-4,0.041,4,158,156,197,0.432,39.24,819,2.4000000000000004,0.30000000000000004
2023,3,27,18,0,-5.9,0.036000000000000004,0,20,390,42,0.432,44.32,820,1.4000000000000001,0.2
2023,3,27,19,0,-7,0.032,1,0,0,0,0.429,46.69,821,1,0.2
2023,3,27,20,0,-7.9,0.03,0,0,0,0,0.423,47.89,821,1.1,0.2
2023,3,27,21,0,-9,0.029,0,0,0,0,0.41400000000000003,49.730000000000004,821,1.5,0.2
2023,3,27,22,0,-9.8,0.029,0,0,0,0,0.404,50.61,821,2,0.2
2023,3,27,23,0,-10.4,0.028,0,0,0,0,0.395,50.93,821,2.3000000000000003,0.2
2023,3,28,0,0,-10.9,0.025,0,0,0,0,0.386,50.410000000000004,821,2.6,0.1
2023,3,28,1,0,-11,0.024,0,0,0,0,0.379,47.870000000000005,820,2.9000000000000004,0.1
2023,3,28,2,0,-10.9,0.024,0,0,0,0,0.374,45.4,820,3,0.1
2023,3,28,3,0,-10.700000000000001,0.024,0,0,0,0,0.369,43.08,820,3,0.1
2023,3,28,4,0,-10.600000000000001,0.026000000000000002,0,0,0,0,0.365,40.9,820,2.9000000000000004,0.2
2023,3,28,5,0,-10.4,0.028,0,0,0,0,0.364,38.63,820,2.8000000000000003,0.2
2023,3,28,6,0,-8.5,0.029,0,11,254,16,0.362,33.26,820,3.2,0.2
2023,3,28,7,0,-3.8000000000000003,0.031,0,45,765,209,0.36,29.28,820,2.8000000000000003,0.2
2023,3,28,8,0,0.8,0.033,7,66,911,431,0.361,25.810000000000002,819,2.3000000000000003,0.30000000000000004
2023,3,28,9,0,4.1000000000000005,0.034,1,81,989,637,0.362,24,819,2.3000000000000003,0.30000000000000004
2023,3,28,10,0,6.6000000000000005,0.033,4,414,489,751,0.362,22.54,818,1.9000000000000001,0.4
2023,3,28,11,0,8.5,0.03,3,469,513,865,0.362,22.37,817,1.3,0.4
2023,3,28,12,0,9.8,0.028,3,95,1047,935,0.36,22.91,816,1.1,0.5
2023,3,28,13,0,10.5,0.029,3,401,640,901,0.358,23.56,816,1.3,0.5
2023,3,28,14,0,10.600000000000001,0.031,7,247,762,788,0.356,24.42,815,1.6,0.5
2023,3,28,15,0,9.8,0.035,7,218,688,625,0.355,26.69,815,1.7000000000000002,0.5
2023,3,28,16,0,8,0.038,8,185,577,436,0.354,35.94,815,1.3,0.5
2023,3,28,17,0,4.3,0.041,7,133,159,174,0.35100000000000003,48.27,815,0.9,0.5
2023,3,28,18,0,0.7000000000000001,0.039,7,26,3,26,0.34900000000000003,52.54,815,0.8,0.6000000000000001
2023,3,28,19,0,-0.7000000000000001,0.035,0,0,0,0,0.34600000000000003,55.77,815,0.9,0.6000000000000001
2023,3,28,20,0,-1.6,0.033,0,0,0,0,0.343,57.19,815,1.5,0.6000000000000001
2023,3,28,21,0,-2.2,0.032,0,0,0,0,0.341,58.86,815,2.3000000000000003,0.6000000000000001
2023,3,28,22,0,-2.5,0.034,7,0,0,0,0.34,59.64,814,2.6,0.6000000000000001
2023,3,28,23,0,-2.6,0.041,0,0,0,0,0.338,59.410000000000004,814,2.5,0.6000000000000001
2023,3,29,0,0,-2.4000000000000004,0.05,0,0,0,0,0.334,58.800000000000004,814,2.4000000000000004,0.6000000000000001
2023,3,29,1,0,-2.3000000000000003,0.062,0,0,0,0,0.33,59.44,813,2.3000000000000003,0.7000000000000001
2023,3,29,2,0,-2.2,0.076,0,0,0,0,0.327,60.04,813,2,0.7000000000000001
2023,3,29,3,0,-2,0.089,0,0,0,0,0.324,59.77,813,1.7000000000000002,0.7000000000000001
2023,3,29,4,0,-1.8,0.097,0,0,0,0,0.322,59.33,814,1.3,0.7000000000000001
2023,3,29,5,0,-1.8,0.092,7,0,0,0,0.321,59.74,814,0.9,0.7000000000000001
2023,3,29,6,0,-1.1,0.081,0,13,122,16,0.319,58,814,0.5,0.8
2023,3,29,7,0,1.7000000000000002,0.074,0,51,630,190,0.319,49.33,814,0.6000000000000001,0.8
2023,3,29,8,0,4.7,0.07,0,70,822,403,0.317,43.13,814,1.2000000000000002,0.8
2023,3,29,9,0,7.1000000000000005,0.06,0,77,923,601,0.315,39.38,814,1.6,0.8
2023,3,29,10,0,9.3,0.055,0,82,970,754,0.313,35.6,813,2.1,0.9
2023,3,29,11,0,11.3,0.052000000000000005,3,372,494,756,0.31,32.05,812,2.5,0.9
2023,3,29,12,0,13,0.054,0,86,1008,899,0.308,28.94,811,2.5,0.8
2023,3,29,13,0,14.100000000000001,0.068,7,239,712,798,0.306,27.13,811,2.5,0.8
2023,3,29,14,0,14,0.073,6,261,9,268,0.305,27.51,810,2.4000000000000004,0.8
2023,3,29,15,0,12.9,0.069,7,187,594,541,0.304,30.16,810,2.5,0.8
2023,3,29,16,0,11.100000000000001,0.07,6,107,2,107,0.303,35.47,810,2.3000000000000003,0.8
2023,3,29,17,0,7.800000000000001,0.063,6,11,0,11,0.303,49.32,810,1.5,0.8
2023,3,29,18,0,3.8000000000000003,0.051000000000000004,7,24,2,24,0.303,57.53,811,1.3,0.8
2023,3,29,19,0,1.1,0.046,5,0,0,0,0.303,66.12,811,1.4000000000000001,0.8
2023,3,29,20,0,-0.30000000000000004,0.043000000000000003,0,0,0,0,0.303,72.25,811,1.2000000000000002,0.7000000000000001
2023,3,29,21,0,-0.8,0.041,0,0,0,0,0.304,73.96000000000001,810,1,0.7000000000000001
2023,3,29,22,0,-0.9,0.04,0,0,0,0,0.305,73.01,809,1,0.7000000000000001
2023,3,29,23,0,-0.30000000000000004,0.04,0,0,0,0,0.307,69.62,809,1.6,0.6000000000000001
2023,3,30,0,0,0.30000000000000004,0.041,0,0,0,0,0.308,66.19,808,2.3000000000000003,0.6000000000000001
2023,3,30,1,0,0.9,0.045,0,0,0,0,0.307,62.410000000000004,807,2.9000000000000004,0.5
2023,3,30,2,0,0.9,0.047,0,0,0,0,0.308,60.120000000000005,807,2.9000000000000004,0.5
2023,3,30,3,0,0.7000000000000001,0.047,0,0,0,0,0.31,57.35,806,2.8000000000000003,0.5
2023,3,30,4,0,0.9,0.046,7,0,0,0,0.313,53.99,805,3.1,0.5
2023,3,30,5,0,1.1,0.042,4,0,0,0,0.317,51.58,805,3.2,0.5
2023,3,30,6,0,3.2,0.038,7,12,1,12,0.319,45.410000000000004,805,3.5,0.5
2023,3,30,7,0,7.4,0.036000000000000004,0,42,732,206,0.321,36.83,804,4.2,0.5
2023,3,30,8,0,11,0.035,0,57,896,425,0.321,29.38,804,4.9,0.5
2023,3,30,9,0,13,0.034,0,65,975,623,0.32,24.810000000000002,803,5.6000000000000005,0.5
2023,3,30,10,0,13.9,0.033,0,71,1017,781,0.32,23.04,803,6.1000000000000005,0.5
2023,3,30,11,0,14.5,0.033,0,74,1038,883,0.321,22.86,802,6.2,0.5
2023,3,30,12,0,14.8,0.036000000000000004,0,77,1035,916,0.322,22.98,802,6.300000000000001,0.6000000000000001
2023,3,30,13,0,14.700000000000001,0.039,0,78,1027,889,0.321,23.38,801,6.5,0.6000000000000001
2023,3,30,14,0,14.3,0.044,0,78,997,793,0.321,24.1,800,6.6000000000000005,0.7000000000000001
2023,3,30,15,0,13.5,0.043000000000000003,1,72,959,646,0.322,25.57,800,6.4,0.7000000000000001
2023,3,30,16,0,12,0.04,3,229,324,373,0.323,29.01,800,5.800000000000001,0.7000000000000001
2023,3,30,17,0,9.700000000000001,0.037,1,46,754,243,0.326,35.03,800,4.7,0.7000000000000001
2023,3,30,18,0,6.2,0.034,7,28,3,28,0.331,44.230000000000004,801,3.6,0.6000000000000001
2023,3,30,19,0,4.2,0.032,5,0,0,0,0.336,48.36,802,3.7,0.5
2023,3,30,20,0,2.6,0.031,4,0,0,0,0.339,49.38,802,3.4000000000000004,0.4
2023,3,30,21,0,1.1,0.031,1,0,0,0,0.342,51.480000000000004,802,2.9000000000000004,0.4
2023,3,30,22,0,0.2,0.031,4,0,0,0,0.34400000000000003,53.02,802,2.6,0.4
2023,3,30,23,0,-0.5,0.031,0,0,0,0,0.34600000000000003,54.1,802,2.7,0.4
2023,3,31,0,0,-1.1,0.03,0,0,0,0,0.34900000000000003,54.1,802,2.9000000000000004,0.4
2023,3,31,1,0,-1.6,0.029,0,0,0,0,0.352,53.2,802,3.4000000000000004,0.30000000000000004
2023,3,31,2,0,-2.1,0.029,0,0,0,0,0.36,52.82,802,3.8000000000000003,0.30000000000000004
2023,3,31,3,0,-2.3000000000000003,0.029,0,0,0,0,0.374,51.83,802,4.2,0.30000000000000004
2023,3,31,4,0,-2.7,0.03,0,0,0,0,0.386,51.27,802,4.3,0.30000000000000004
2023,3,31,5,0,-2.7,0.034,0,0,0,0,0.391,49.550000000000004,802,4.4,0.30000000000000004
2023,3,31,6,0,-1.9000000000000001,0.035,0,14,289,24,0.392,46.050000000000004,803,5,0.30000000000000004
2023,3,31,7,0,-0.4,0.033,0,43,762,218,0.391,40.300000000000004,804,6.1000000000000005,0.30000000000000004
2023,3,31,8,0,1.1,0.029,0,55,925,440,0.388,34.74,805,7.4,0.30000000000000004
2023,3,31,9,0,3,0.026000000000000002,0,62,1003,641,0.383,31.060000000000002,805,8,0.30000000000000004
2023,3,31,10,0,4.7,0.024,0,65,1034,792,0.378,29.43,805,8.3,0.4
2023,3,31,11,0,5.9,0.025,1,69,1053,894,0.373,28.82,806,8.5,0.4
2023,3,31,12,0,6.4,0.027,0,72,1058,933,0.369,29.19,806,8.6,0.4
2023,3,31,13,0,6.4,0.029,4,404,474,780,0.366,30.2,807,8.700000000000001,0.4
2023,3,31,14,0,6.2,0.03,0,70,1023,807,0.363,31.330000000000002,808,8.5,0.5
2023,3,31,15,0,5.800000000000001,0.031,0,66,986,659,0.362,32.64,809,7.9,0.5
2023,3,31,16,0,5,0.032,8,145,614,419,0.362,35.410000000000004,810,7,0.5
2023,3,31,17,0,3.8000000000000003,0.042,8,111,412,219,0.362,40.04,811,5.5,0.5
2023,3,31,18,0,1.6,0.044,0,22,378,48,0.363,49.02,812,3.4000000000000004,0.5
2023,3,31,19,0,0.30000000000000004,0.045,0,0,0,0,0.363,54.85,813,2.5,0.5
2023,3,31,20,0,-0.5,0.047,0,0,0,0,0.363,57.800000000000004,814,2.1,0.5
2023,3,31,21,0,-1,0.049,1,0,0,0,0.363,58.93,814,2,0.5
2023,3,31,22,0,-1.1,0.051000000000000004,4,0,0,0,0.363,58.31,815,2,0.4
2023,3,31,23,0,-1,0.051000000000000004,4,0,0,0,0.362,56.67,815,2,0.4
2023,4,1,0,0,-0.9,0.05,4,0,0,0,0.357,54.800000000000004,815,2.1,0.4
2023,4,1,1,0,-0.9,0.049,0,0,0,0,0.35100000000000003,53.21,815,2.2,0.4
2023,4,1,2,0,-1,0.048,0,0,0,0,0.34700000000000003,51.910000000000004,815,2.1,0.4
2023,4,1,3,0,-1.2000000000000002,0.048,0,0,0,0,0.343,51.17,815,2,0.5
2023,4,1,4,0,-1.4000000000000001,0.05,0,0,0,0,0.342,51.06,815,2,0.5
2023,4,1,5,0,-1.5,0.049,0,0,0,0,0.341,51.21,815,1.9000000000000001,0.5
2023,4,1,6,0,0.1,0.048,0,16,247,26,0.34,49.22,815,2.2,0.5
2023,4,1,7,0,3.5,0.047,0,47,713,215,0.341,40.050000000000004,816,2.7,0.5
2023,4,1,8,0,6,0.048,0,64,876,432,0.343,34.85,816,3,0.5
2023,4,1,9,0,8.4,0.048,0,74,955,630,0.34500000000000003,30.48,816,3,0.5
2023,4,1,10,0,10.4,0.048,0,81,998,787,0.34700000000000003,27.400000000000002,816,2.9000000000000004,0.5
2023,4,1,11,0,12.200000000000001,0.042,0,81,1026,890,0.34700000000000003,25.05,815,3,0.5
2023,4,1,12,0,13.5,0.042,0,82,1034,928,0.34800000000000003,23.67,814,3.3000000000000003,0.5
2023,4,1,13,0,14.200000000000001,0.04,0,80,1031,901,0.34800000000000003,23.09,813,3.6,0.5
2023,4,1,14,0,14.4,0.043000000000000003,0,78,1009,809,0.34600000000000003,23.11,812,4,0.5
2023,4,1,15,0,13.9,0.044,0,73,970,660,0.34400000000000003,24.2,812,4.3,0.5
2023,4,1,16,0,12.700000000000001,0.044,0,64,899,468,0.341,26.6,812,4.2,0.5
2023,4,1,17,0,10,0.044,3,133,292,211,0.337,35.7,812,2.7,0.5
2023,4,1,18,0,5.6000000000000005,0.047,7,32,5,32,0.335,48.79,812,1.8,0.5
2023,4,1,19,0,4.5,0.047,8,0,0,0,0.337,51.35,812,2.1,0.5
2023,4,1,20,0,4,0.041,0,0,0,0,0.34,51.36,812,2.5,0.4
2023,4,1,21,0,3.4000000000000004,0.036000000000000004,0,0,0,0,0.343,51.19,811,2.8000000000000003,0.4
2023,4,1,22,0,2.9000000000000004,0.035,0,0,0,0,0.34400000000000003,50.78,811,2.9000000000000004,0.5
2023,4,1,23,0,2.6,0.036000000000000004,0,0,0,0,0.34500000000000003,50.300000000000004,810,2.9000000000000004,0.5
2023,4,2,0,0,2.5,0.037,3,0,0,0,0.34400000000000003,49.89,810,2.9000000000000004,0.5
2023,4,2,1,0,2.3000000000000003,0.038,7,0,0,0,0.343,50.22,809,2.8000000000000003,0.5
2023,4,2,2,0,2.2,0.039,1,0,0,0,0.342,50.51,809,2.6,0.5
2023,4,2,3,0,1.9000000000000001,0.041,0,0,0,0,0.34,51.410000000000004,809,2.2,0.5
2023,4,2,4,0,1.5,0.042,0,0,0,0,0.339,52.410000000000004,809,1.9000000000000001,0.5
2023,4,2,5,0,1.2000000000000002,0.045,0,0,0,0,0.339,52.660000000000004,809,1.7000000000000002,0.5
2023,4,2,6,0,3.2,0.048,0,17,273,29,0.339,49.4,809,1.5,0.5
2023,4,2,7,0,7.5,0.054,0,49,700,217,0.339,37.42,810,2,0.6000000000000001
2023,4,2,8,0,10.600000000000001,0.06,0,68,855,432,0.339,28.45,810,2.1,0.6000000000000001
2023,4,2,9,0,12.600000000000001,0.067,0,83,928,627,0.339,24.84,810,2.7,0.6000000000000001
2023,4,2,10,0,14,0.068,0,91,972,783,0.339,23.31,809,3.3000000000000003,0.6000000000000001
2023,4,2,11,0,14.9,0.09,0,108,973,878,0.341,22.7,809,4,0.6000000000000001
2023,4,2,12,0,15.5,0.075,0,101,995,919,0.343,22.59,808,4.5,0.6000000000000001
2023,4,2,13,0,15.600000000000001,0.069,0,97,989,888,0.34400000000000003,23.21,808,4.7,0.7000000000000001
2023,4,2,14,0,15.4,0.075,0,96,961,795,0.343,24.04,807,4.9,0.7000000000000001
2023,4,2,15,0,14.9,0.075,0,89,924,651,0.342,25.28,807,4.800000000000001,0.6000000000000001
2023,4,2,16,0,13.9,0.07200000000000001,0,76,849,461,0.34,27.48,807,4.2,0.6000000000000001
2023,4,2,17,0,11.5,0.069,0,58,694,245,0.339,36.910000000000004,807,2.2,0.7000000000000001
2023,4,2,18,0,7.5,0.067,1,26,310,49,0.338,47.870000000000005,807,1.1,0.7000000000000001
2023,4,2,19,0,6.1000000000000005,0.064,1,0,0,0,0.336,50.1,807,0.7000000000000001,0.7000000000000001
2023,4,2,20,0,4.9,0.063,0,0,0,0,0.335,52.83,808,0.5,0.8
2023,4,2,21,0,3.6,0.066,0,0,0,0,0.334,56.25,808,0.5,0.8
2023,4,2,22,0,2.9000000000000004,0.07,0,0,0,0,0.332,58.58,808,0.9,0.9
2023,4,2,23,0,1.7000000000000002,0.067,8,0,0,0,0.331,64.51,807,1.1,0.9
2023,4,3,0,0,0.6000000000000001,0.059000000000000004,0,0,0,0,0.329,70.7,807,1,0.9
2023,4,3,1,0,-0.30000000000000004,0.055,7,0,0,0,0.329,74.85000000000001,806,1,0.8
2023,4,3,2,0,-1,0.059000000000000004,1,0,0,0,0.329,76.84,805,0.9,0.8
2023,4,3,3,0,-1.3,0.067,1,0,0,0,0.329,77.77,805,0.9,0.8
2023,4,3,4,0,-1.5,0.07100000000000001,0,0,0,0,0.33,79.01,805,0.9,0.8
2023,4,3,5,0,-1.6,0.07200000000000001,0,0,0,0,0.33,79.59,805,0.8,0.8
2023,4,3,6,0,0.1,0.068,1,19,245,31,0.33,71.60000000000001,805,0.9,0.8
2023,4,3,7,0,3.5,0.062,0,52,691,221,0.331,58.550000000000004,804,1.4000000000000001,0.7000000000000001
2023,4,3,8,0,6.9,0.058,1,68,859,437,0.332,45.93,804,2,0.7000000000000001
2023,4,3,9,0,9.8,0.054,0,76,943,633,0.332,37.28,803,2.4000000000000004,0.7000000000000001
2023,4,3,10,0,12.100000000000001,0.048,3,353,467,687,0.332,31.740000000000002,803,2.6,0.7000000000000001
2023,4,3,11,0,13.9,0.044,3,349,593,820,0.331,28.01,802,2.9000000000000004,0.7000000000000001
2023,4,3,12,0,15.3,0.045,7,172,865,886,0.33,25.47,801,3.2,0.7000000000000001
2023,4,3,13,0,16,0.05,7,248,640,762,0.33,24.42,800,3.9000000000000004,0.8
2023,4,3,14,0,15.9,0.054,6,370,98,442,0.329,24.84,799,4.4,0.8
2023,4,3,15,0,15.100000000000001,0.054,7,262,385,498,0.33,26.46,799,4.6000000000000005,0.9
2023,4,3,16,0,14,0.052000000000000005,8,8,0,8,0.331,28.89,799,4.2,0.9
2023,4,3,17,0,12.100000000000001,0.046,7,9,0,9,0.332,37.21,799,2.3000000000000003,0.8
2023,4,3,18,0,8.5,0.047,7,25,0,25,0.334,45.87,799,1,0.8
2023,4,3,19,0,7.1000000000000005,0.049,8,0,0,0,0.336,48.72,798,1.2000000000000002,0.8
2023,4,3,20,0,6.1000000000000005,0.048,8,0,0,0,0.338,51.29,798,1.4000000000000001,0.8
2023,4,3,21,0,5.300000000000001,0.051000000000000004,8,0,0,0,0.341,54.59,797,2,0.8
2023,4,3,22,0,4.5,0.059000000000000004,8,0,0,0,0.34400000000000003,56.97,796,2.4000000000000004,0.7000000000000001
2023,4,3,23,0,3.5,0.07200000000000001,4,0,0,0,0.34800000000000003,59.53,796,2.3000000000000003,0.7000000000000001
2023,4,4,0,0,2.7,0.092,4,0,0,0,0.352,61.97,795,2.3000000000000003,0.7000000000000001
2023,4,4,1,0,1.8,0.11,4,0,0,0,0.355,65.51,795,2.2,0.6000000000000001
2023,4,4,2,0,0.5,0.122,8,0,0,0,0.359,70.73,795,1.8,0.6000000000000001
2023,4,4,3,0,-0.7000000000000001,0.129,8,0,0,0,0.365,74.56,795,1.6,0.6000000000000001
2023,4,4,4,0,-1.1,0.13,4,0,0,0,0.371,73,796,2.1,0.6000000000000001
2023,4,4,5,0,-1.7000000000000002,0.125,8,0,0,0,0.376,71.31,796,1.9000000000000001,0.5
2023,4,4,6,0,-1.8,0.114,8,15,0,15,0.379,67.82000000000001,797,2.2,0.5
2023,4,4,7,0,-1.3,0.112,7,140,16,144,0.379,60.31,797,2.8000000000000003,0.5
2023,4,4,8,0,-0.9,0.109,7,48,0,48,0.379,52.99,798,2.9000000000000004,0.5
2023,4,4,9,0,-0.4,0.105,7,322,14,330,0.379,46.77,798,2.8000000000000003,0.4
2023,4,4,10,0,0,0.097,7,414,15,425,0.38,42.88,799,2.4000000000000004,0.4
2023,4,4,11,0,0.4,0.09,5,633,233,819,0.379,40.36,799,2,0.4
2023,4,4,12,0,0.9,0.082,7,517,46,554,0.379,38.33,799,1.7000000000000002,0.4
2023,4,4,13,0,1.1,0.077,6,346,3,348,0.38,37.730000000000004,800,1.4000000000000001,0.4
2023,4,4,14,0,1,0.076,9,169,0,169,0.381,38.19,800,1.6,0.4
2023,4,4,15,0,0.4,0.077,9,29,0,29,0.382,40.51,801,2.2,0.4
2023,4,4,16,0,-0.7000000000000001,0.08,9,71,0,71,0.382,45.27,802,2.8000000000000003,0.5
2023,4,4,17,0,-2.3000000000000003,0.08700000000000001,9,11,0,11,0.382,51.68,803,3.1,0.5
2023,4,4,18,0,-3.9000000000000004,0.093,9,22,0,22,0.382,56.33,804,3.1,0.5
2023,4,4,19,0,-5.1000000000000005,0.09,7,0,0,0,0.384,57.910000000000004,805,2.9000000000000004,0.4
2023,4,4,20,0,-6,0.096,7,0,0,0,0.384,58.09,806,2.6,0.4
2023,4,4,21,0,-6.5,0.099,7,0,0,0,0.383,57.910000000000004,807,2.4000000000000004,0.4
2023,4,4,22,0,-6.9,0.105,7,0,0,0,0.382,58,807,2.1,0.4
2023,4,4,23,0,-7.1000000000000005,0.124,4,0,0,0,0.38,57.620000000000005,807,1.8,0.4
2023,4,5,0,0,-7.4,0.14,4,0,0,0,0.378,57.76,808,1.5,0.4
2023,4,5,1,0,-7.4,0.14400000000000002,4,0,0,0,0.377,57,809,1.3,0.4
2023,4,5,2,0,-7.300000000000001,0.133,4,0,0,0,0.377,55.68,809,0.8,0.30000000000000004
2023,4,5,3,0,-7.5,0.11,7,0,0,0,0.378,54.84,809,1.1,0.30000000000000004
2023,4,5,4,0,-7.9,0.089,0,0,0,0,0.38,54.050000000000004,810,1.6,0.30000000000000004
2023,4,5,5,0,-8.200000000000001,0.074,7,0,0,0,0.382,52.63,810,1.9000000000000001,0.30000000000000004
2023,4,5,6,0,-7.1000000000000005,0.062,7,7,0,7,0.384,46.9,811,2.6,0.30000000000000004
2023,4,5,7,0,-4.2,0.055,6,8,0,8,0.385,37.11,811,3.2,0.30000000000000004
2023,4,5,8,0,-1.7000000000000002,0.053,6,254,44,273,0.387,31.02,811,3.4000000000000004,0.30000000000000004
2023,4,5,9,0,0.1,0.054,8,199,718,630,0.389,29.59,812,3.5,0.30000000000000004
2023,4,5,10,0,1.5,0.055,4,521,368,787,0.39,28.59,812,3.4000000000000004,0.30000000000000004
2023,4,5,11,0,2.4000000000000004,0.051000000000000004,8,261,838,935,0.39,27.62,812,3.1,0.30000000000000004
2023,4,5,12,0,2.9000000000000004,0.051000000000000004,7,435,571,910,0.389,26.94,812,2.8000000000000003,0.30000000000000004
2023,4,5,13,0,3.2,0.05,7,625,105,710,0.387,26.51,812,2.6,0.30000000000000004
2023,4,5,14,0,3.1,0.051000000000000004,6,366,4,369,0.383,26.69,812,2.5,0.30000000000000004
2023,4,5,15,0,2.5,0.052000000000000005,6,71,0,71,0.379,28.310000000000002,813,2.3000000000000003,0.30000000000000004
2023,4,5,16,0,1.6,0.055,9,17,0,17,0.376,31.27,813,1.9000000000000001,0.4
2023,4,5,17,0,0.2,0.06,6,31,0,31,0.374,38.980000000000004,814,1.1,0.4
2023,4,5,18,0,-1.7000000000000002,0.065,6,28,1,29,0.375,49.69,815,0.7000000000000001,0.4
2023,4,5,19,0,-2.7,0.07100000000000001,7,0,0,0,0.376,53.82,816,0.8,0.4
2023,4,5,20,0,-3.5,0.078,7,0,0,0,0.378,57.14,817,0.9,0.4
2023,4,5,21,0,-4,0.083,7,0,0,0,0.38,61.03,817,0.6000000000000001,0.4
2023,4,5,22,0,-4.3,0.084,6,0,0,0,0.381,62.870000000000005,817,0.6000000000000001,0.4
2023,4,5,23,0,-4.6000000000000005,0.088,7,0,0,0,0.38,63.65,817,0.9,0.4
2023,4,6,0,0,-4.9,0.082,7,0,0,0,0.378,63.68,817,1.3,0.4
2023,4,6,1,0,-5.4,0.067,0,0,0,0,0.375,63.31,817,1.5,0.4
2023,4,6,2,0,-6.4,0.053,0,0,0,0,0.373,63.77,817,1.7000000000000002,0.30000000000000004
2023,4,6,3,0,-7.300000000000001,0.045,0,0,0,0,0.371,62.480000000000004,817,2,0.30000000000000004
2023,4,6,4,0,-7.7,0.042,0,0,0,0,0.367,58.74,818,2.3000000000000003,0.2
2023,4,6,5,0,-7.800000000000001,0.04,0,0,0,0,0.364,54.22,818,2.6,0.2
2023,4,6,6,0,-5.7,0.038,0,21,408,47,0.361,46.53,819,3.2,0.2
2023,4,6,7,0,-1.8,0.038,0,48,795,254,0.361,36.84,820,2.8000000000000003,0.2
2023,4,6,8,0,1.1,0.039,0,62,934,478,0.364,28.64,820,2.1,0.2
2023,4,6,9,0,3.1,0.04,0,72,1003,679,0.365,24.810000000000002,820,1.4000000000000001,0.2
2023,4,6,10,0,4.800000000000001,0.04,0,78,1041,837,0.363,23.47,820,1,0.2
2023,4,6,11,0,6.4,0.038,0,80,1064,940,0.359,21.71,820,0.9,0.2
2023,4,6,12,0,7.7,0.039,0,82,1056,965,0.355,20.68,819,1,0.30000000000000004
2023,4,6,13,0,8.5,0.039,0,81,1051,936,0.35000000000000003,20.400000000000002,819,1.1,0.30000000000000004
2023,4,6,14,0,9,0.042,0,79,1029,841,0.34600000000000003,20.36,819,1.1,0.30000000000000004
2023,4,6,15,0,9,0.043000000000000003,0,74,992,691,0.343,20.91,819,1.2000000000000002,0.30000000000000004
2023,4,6,16,0,8.4,0.043000000000000003,0,65,925,496,0.343,22.7,819,1.3,0.30000000000000004
2023,4,6,17,0,5.9,0.043000000000000003,1,51,794,276,0.34400000000000003,35.83,819,1,0.30000000000000004
2023,4,6,18,0,1.6,0.042,1,26,458,66,0.34600000000000003,41.6,820,0.9,0.30000000000000004
2023,4,6,19,0,-0.1,0.042,1,0,0,0,0.34700000000000003,42.37,820,0.8,0.30000000000000004
2023,4,6,20,0,-0.8,0.041,0,0,0,0,0.34700000000000003,42.52,821,0.8,0.30000000000000004
2023,4,6,21,0,-1.2000000000000002,0.04,0,0,0,0,0.34600000000000003,41.97,821,0.9,0.30000000000000004
2023,4,6,22,0,-1.8,0.039,0,0,0,0,0.34400000000000003,42.61,821,1.3,0.30000000000000004
2023,4,6,23,0,-2.6,0.037,0,0,0,0,0.342,44.230000000000004,820,1.4000000000000001,0.30000000000000004
2023,4,7,0,0,-3.2,0.036000000000000004,0,0,0,0,0.34,45.65,820,1.5,0.30000000000000004
2023,4,7,1,0,-3.3000000000000003,0.034,0,0,0,0,0.337,45.480000000000004,819,1.5,0.30000000000000004
2023,4,7,2,0,-3,0.032,0,0,0,0,0.335,43.13,819,2,0.2
2023,4,7,3,0,-3.3000000000000003,0.03,0,0,0,0,0.333,42.47,819,2.6,0.2
2023,4,7,4,0,-3.4000000000000004,0.029,0,0,0,0,0.332,41.08,819,2.7,0.2
2023,4,7,5,0,-3.3000000000000003,0.028,0,0,0,0,0.33,39.980000000000004,819,2.5,0.30000000000000004
2023,4,7,6,0,0.2,0.029,0,21,448,51,0.328,35.480000000000004,819,2.7,0.30000000000000004
2023,4,7,7,0,4.9,0.031,0,45,792,254,0.327,30.740000000000002,819,2.6,0.4
2023,4,7,8,0,8.9,0.032,0,58,925,474,0.327,28.85,819,1.6,0.4
2023,4,7,9,0,12.200000000000001,0.033,0,67,982,665,0.327,25.5,819,1.3,0.5
2023,4,7,10,0,14.3,0.035,0,73,1017,819,0.327,23.32,819,0.9,0.5
2023,4,7,11,0,15.4,0.037,0,78,1028,912,0.327,22.2,818,0.7000000000000001,0.6000000000000001
2023,4,7,12,0,16.1,0.043000000000000003,0,82,1023,942,0.325,21.5,817,0.8,0.7000000000000001
2023,4,7,13,0,16.1,0.048,7,224,693,790,0.324,21.85,817,1.1,0.7000000000000001
2023,4,7,14,0,15.700000000000001,0.066,8,356,63,403,0.323,22.88,816,1.4000000000000001,0.7000000000000001
2023,4,7,15,0,15.100000000000001,0.073,7,308,156,406,0.323,24.35,816,1.5,0.8
2023,4,7,16,0,14.200000000000001,0.074,8,235,209,333,0.324,26.63,816,1.5,0.8
2023,4,7,17,0,12.100000000000001,0.077,8,118,22,124,0.324,40.82,816,0.8,0.8
2023,4,7,18,0,8.700000000000001,0.075,3,41,1,41,0.323,45.980000000000004,817,0.9,0.8
2023,4,7,19,0,6.9,0.069,1,0,0,0,0.323,47.47,817,1,0.7000000000000001
2023,4,7,20,0,5.6000000000000005,0.062,1,0,0,0,0.322,49.25,817,1,0.7000000000000001
2023,4,7,21,0,4.800000000000001,0.055,1,0,0,0,0.32,49.4,817,1,0.7000000000000001
2023,4,7,22,0,4.1000000000000005,0.052000000000000005,1,0,0,0,0.32,49.77,817,1.1,0.6000000000000001
2023,4,7,23,0,3.3000000000000003,0.051000000000000004,0,0,0,0,0.322,50.57,817,1.1,0.6000000000000001
2023,4,8,0,0,2.9000000000000004,0.053,0,0,0,0,0.324,50.120000000000005,817,1.2000000000000002,0.6000000000000001
2023,4,8,1,0,2.3000000000000003,0.057,8,0,0,0,0.326,50.620000000000005,816,1.4000000000000001,0.6000000000000001
2023,4,8,2,0,1.5,0.062,8,0,0,0,0.327,52.17,816,1.6,0.7000000000000001
2023,4,8,3,0,1.1,0.066,7,0,0,0,0.329,53,816,1.7000000000000002,0.7000000000000001
2023,4,8,4,0,1.2000000000000002,0.067,6,0,0,0,0.331,52.59,816,1.8,0.7000000000000001
2023,4,8,5,0,1.5,0.068,7,0,0,0,0.333,51.44,816,2,0.7000000000000001
2023,4,8,6,0,4.9,0.07,6,25,1,25,0.335,44.68,816,2.4000000000000004,0.8
2023,4,8,7,0,9.5,0.079,6,99,12,102,0.339,36.37,816,3.5,0.8
2023,4,8,8,0,12.9,0.092,6,210,52,234,0.343,31.2,817,3.2,0.8
2023,4,8,9,0,14.3,0.10200000000000001,6,284,49,314,0.34500000000000003,27.810000000000002,817,2.8000000000000003,0.8
2023,4,8,10,0,15.100000000000001,0.107,6,238,5,242,0.34800000000000003,26.07,817,2.8000000000000003,0.9
2023,4,8,11,0,15.8,0.11,6,415,226,599,0.35100000000000003,24.830000000000002,817,2.7,0.9
2023,4,8,12,0,15.8,0.13,6,417,45,455,0.353,24.97,816,2.7,0.9
2023,4,8,13,0,15,0.14400000000000002,6,373,26,395,0.355,26.96,816,2.8000000000000003,1
2023,4,8,14,0,14.200000000000001,0.14400000000000002,6,191,2,193,0.355,29.42,816,2.8000000000000003,1
2023,4,8,15,0,13.600000000000001,0.14100000000000001,7,266,24,282,0.352,31.44,816,2.4000000000000004,1.1
2023,4,8,16,0,12.700000000000001,0.136,7,168,10,172,0.34900000000000003,35.300000000000004,816,1.9000000000000001,1.1
2023,4,8,17,0,10.9,0.134,7,10,0,10,0.34500000000000003,45.39,817,1.4000000000000001,1.1
2023,4,8,18,0,8.6,0.133,7,32,1,33,0.343,50.980000000000004,818,1.6,1.1
2023,4,8,19,0,7.4,0.128,7,0,0,0,0.341,53.550000000000004,818,2,1.1
2023,4,8,20,0,6.1000000000000005,0.122,6,0,0,0,0.341,57.85,819,1.8,1
2023,4,8,21,0,5,0.105,6,0,0,0,0.343,61.31,819,1.4000000000000001,1
2023,4,8,22,0,4,0.08600000000000001,8,0,0,0,0.34600000000000003,63.45,819,1.4000000000000001,0.9
2023,4,8,23,0,3.3000000000000003,0.073,4,0,0,0,0.34800000000000003,63.83,819,1.6,0.9
2023,4,9,0,0,2.6,0.068,0,0,0,0,0.34800000000000003,64.53,820,1.8,0.8
2023,4,9,1,0,2.1,0.068,0,0,0,0,0.34400000000000003,65.02,820,1.9000000000000001,0.8
2023,4,9,2,0,1.6,0.066,0,0,0,0,0.338,65.66,820,1.9000000000000001,0.8
2023,4,9,3,0,1.2000000000000002,0.063,0,0,0,0,0.336,66.04,820,1.9000000000000001,0.8
2023,4,9,4,0,0.8,0.061,0,0,0,0,0.335,66.74,820,1.9000000000000001,0.7000000000000001
2023,4,9,5,0,0.6000000000000001,0.061,0,0,0,0,0.337,66.93,821,1.8,0.7000000000000001
2023,4,9,6,0,4.2,0.062,1,25,357,53,0.336,54.83,821,2.3000000000000003,0.7000000000000001
2023,4,9,7,0,8.8,0.064,7,134,170,180,0.334,42.43,821,2.4000000000000004,0.7000000000000001
2023,4,9,8,0,12.4,0.067,7,156,555,410,0.331,32.49,821,1.7000000000000002,0.7000000000000001
2023,4,9,9,0,14.200000000000001,0.069,7,189,720,634,0.33,28.41,822,2.2,0.7000000000000001
2023,4,9,10,0,15.600000000000001,0.069,8,189,808,788,0.331,26.01,822,2.5,0.7000000000000001
2023,4,9,11,0,16.6,0.075,0,98,983,904,0.332,24.62,822,2.7,0.8
2023,4,9,12,0,17.3,0.075,1,100,990,938,0.332,23.75,822,2.8000000000000003,0.8
2023,4,9,13,0,17.6,0.07200000000000001,3,361,585,842,0.333,23.44,822,2.9000000000000004,0.8
2023,4,9,14,0,17.6,0.066,0,89,972,818,0.334,23.240000000000002,822,2.9000000000000004,0.8
2023,4,9,15,0,17.1,0.068,0,84,929,670,0.33,23.51,822,3,0.8
2023,4,9,16,0,16,0.07200000000000001,0,76,857,482,0.324,24.72,822,3.1,0.7000000000000001
2023,4,9,17,0,13.700000000000001,0.075,0,60,711,268,0.319,30.94,822,2.5,0.7000000000000001
2023,4,9,18,0,8.8,0.077,1,31,375,67,0.316,45.42,823,1.8,0.6000000000000001
2023,4,9,19,0,6.7,0.076,1,0,0,0,0.313,50.42,824,2.3000000000000003,0.6000000000000001
2023,4,9,20,0,5.6000000000000005,0.074,1,0,0,0,0.311,52.27,824,2.4000000000000004,0.6000000000000001
2023,4,9,21,0,4.7,0.07100000000000001,0,0,0,0,0.308,52.300000000000004,825,2.2,0.6000000000000001
2023,4,9,22,0,4.1000000000000005,0.069,0,0,0,0,0.307,51.06,825,1.8,0.5
2023,4,9,23,0,3.7,0.068,0,0,0,0,0.305,49.1,825,1.5,0.5
2023,4,10,0,0,3.4000000000000004,0.066,0,0,0,0,0.303,46.77,825,1.4000000000000001,0.5
2023,4,10,1,0,3.4000000000000004,0.066,0,0,0,0,0.3,43.96,824,1.3,0.5
2023,4,10,2,0,2.8000000000000003,0.064,0,0,0,0,0.298,43.61,824,1.3,0.5
2023,4,10,3,0,2.3000000000000003,0.062,0,0,0,0,0.298,43.08,824,1.3,0.5
2023,4,10,4,0,2,0.06,0,0,0,0,0.299,42.22,824,1.4000000000000001,0.5
2023,4,10,5,0,2,0.059000000000000004,0,0,0,0,0.3,41.550000000000004,824,1.4000000000000001,0.5
2023,4,10,6,0,5.5,0.058,0,26,381,58,0.3,41,824,1.4000000000000001,0.6000000000000001
2023,4,10,7,0,11.4,0.057,0,53,738,260,0.3,29.080000000000002,824,1.7000000000000002,0.6000000000000001
2023,4,10,8,0,15.5,0.056,0,68,880,476,0.299,22.78,825,0.6000000000000001,0.6000000000000001
2023,4,10,9,0,18.1,0.056,0,78,946,666,0.298,19.45,825,1.2000000000000002,0.7000000000000001
2023,4,10,10,0,19.700000000000003,0.055,0,84,987,819,0.296,17.77,825,1.4000000000000001,0.7000000000000001
2023,4,10,11,0,21,0.052000000000000005,0,85,1005,913,0.294,16.65,824,1.4000000000000001,0.8
2023,4,10,12,0,21.900000000000002,0.052000000000000005,0,86,1012,948,0.292,16.05,824,1.5,0.8
2023,4,10,13,0,22.5,0.051000000000000004,0,85,1007,918,0.291,15.75,824,1.6,0.8
2023,4,10,14,0,22.6,0.048,0,80,992,827,0.29,15.89,823,1.7000000000000002,0.8
2023,4,10,15,0,22.200000000000003,0.048,0,74,955,679,0.289,16.55,823,1.8,0.8
2023,4,10,16,0,21.200000000000003,0.047,0,65,891,490,0.28800000000000003,18.06,823,1.8,0.8
2023,4,10,17,0,18.3,0.047,0,51,763,277,0.28800000000000003,29.23,823,1.2000000000000002,0.8
2023,4,10,18,0,13.9,0.047,1,27,454,73,0.28700000000000003,35.410000000000004,823,1.1,0.8
2023,4,10,19,0,12.200000000000001,0.047,1,0,0,0,0.28700000000000003,36.230000000000004,823,0.9,0.7000000000000001
2023,4,10,20,0,11.600000000000001,0.046,0,0,0,0,0.28700000000000003,35.81,824,0.8,0.7000000000000001
2023,4,10,21,0,10.700000000000001,0.045,0,0,0,0,0.28700000000000003,36.35,823,1.3,0.7000000000000001
2023,4,10,22,0,9.200000000000001,0.044,0,0,0,0,0.28600000000000003,39.32,823,1.6,0.6000000000000001
2023,4,10,23,0,8,0.042,0,0,0,0,0.28500000000000003,41.06,823,1.8,0.6000000000000001
2023,4,11,0,0,7.2,0.04,0,0,0,0,0.28500000000000003,41.69,822,1.8,0.5
2023,4,11,1,0,6.6000000000000005,0.038,0,0,0,0,0.28400000000000003,41.89,822,1.8,0.5
2023,4,11,2,0,6.6000000000000005,0.036000000000000004,0,0,0,0,0.28300000000000003,40.43,821,2,0.5
2023,4,11,3,0,6.7,0.034,0,0,0,0,0.28300000000000003,39.19,820,2.3000000000000003,0.4
2023,4,11,4,0,6.7,0.033,0,0,0,0,0.28300000000000003,38.65,820,2.6,0.4
2023,4,11,5,0,6.800000000000001,0.032,0,0,0,0,0.28300000000000003,37.64,820,2.7,0.4
2023,4,11,6,0,10.700000000000001,0.032,0,24,495,68,0.28400000000000003,29.27,820,3.3000000000000003,0.4
2023,4,11,7,0,15.3,0.032,0,46,824,280,0.28400000000000003,22.080000000000002,820,3.7,0.30000000000000004
2023,4,11,8,0,19.6,0.032,0,58,947,502,0.28500000000000003,15.32,820,3.1,0.30000000000000004
2023,4,11,9,0,22.200000000000003,0.032,0,66,1009,699,0.28500000000000003,11.48,820,2.8000000000000003,0.30000000000000004
2023,4,11,10,0,23.700000000000003,0.031,0,71,1034,845,0.28600000000000003,10.57,820,2.5,0.4
2023,4,11,11,0,24.8,0.029,0,72,1054,943,0.28700000000000003,10.200000000000001,819,2.2,0.4
2023,4,11,12,0,25.5,0.029,0,73,1060,978,0.28800000000000003,10.09,819,2,0.4
2023,4,11,13,0,25.8,0.029,0,72,1047,941,0.289,10.05,818,1.8,0.5
2023,4,11,14,0,25.8,0.043000000000000003,0,78,1015,845,0.289,10.19,818,1.8,0.5
2023,4,11,15,0,25.200000000000003,0.043000000000000003,0,72,980,696,0.28800000000000003,10.72,817,1.6,0.5
2023,4,11,16,0,24,0.043000000000000003,0,64,909,500,0.28800000000000003,12.23,817,1.5,0.6000000000000001
2023,4,11,17,0,20.3,0.044,3,143,9,146,0.28800000000000003,25.03,817,1,0.6000000000000001
2023,4,11,18,0,14.3,0.044,0,28,479,77,0.28800000000000003,35.34,817,1.1,0.6000000000000001
2023,4,11,19,0,12,0.045,0,0,0,0,0.28800000000000003,39.04,817,1.3,0.6000000000000001
2023,4,11,20,0,10.9,0.044,0,0,0,0,0.28800000000000003,41.58,818,1.5,0.7000000000000001
2023,4,11,21,0,10.100000000000001,0.044,0,0,0,0,0.28800000000000003,43.08,817,1.6,0.7000000000000001
2023,4,11,22,0,9.5,0.043000000000000003,0,0,0,0,0.289,43.980000000000004,817,1.8,0.7000000000000001
2023,4,11,23,0,9.200000000000001,0.041,0,0,0,0,0.29,43.92,816,1.9000000000000001,0.6000000000000001
2023,4,12,0,0,8.8,0.038,0,0,0,0,0.291,44.25,816,1.9000000000000001,0.6000000000000001
2023,4,12,1,0,8.4,0.036000000000000004,0,0,0,0,0.292,44.34,816,1.9000000000000001,0.6000000000000001
2023,4,12,2,0,8.1,0.034,0,0,0,0,0.292,44.01,815,1.9000000000000001,0.6000000000000001
2023,4,12,3,0,7.800000000000001,0.033,0,0,0,0,0.291,43.95,815,1.9000000000000001,0.6000000000000001
2023,4,12,4,0,7.5,0.034,0,0,0,0,0.291,44.13,815,1.9000000000000001,0.6000000000000001
2023,4,12,5,0,7.5,0.036000000000000004,0,0,0,0,0.291,44.13,814,1.8,0.7000000000000001
2023,4,12,6,0,12,0.038,0,25,458,68,0.291,37.03,814,2,0.8
2023,4,12,7,0,17.6,0.041,0,49,762,269,0.291,26.09,814,3.1,0.9
2023,4,12,8,0,21.400000000000002,0.044,0,63,887,482,0.291,20.04,814,3,0.9
2023,4,12,9,0,23.200000000000003,0.047,0,73,947,670,0.289,18.01,814,2.9000000000000004,1
2023,4,12,10,0,24.400000000000002,0.049,3,336,538,741,0.28800000000000003,17.02,813,2.8000000000000003,1
2023,4,12,11,0,25.200000000000003,0.046,8,369,32,396,0.28700000000000003,16.35,813,2.9000000000000004,1
2023,4,12,12,0,25.700000000000003,0.049,7,175,854,907,0.28600000000000003,15.41,812,3.1,1
2023,4,12,13,0,25.8,0.051000000000000004,8,179,824,865,0.28500000000000003,14.86,811,3.4000000000000004,1
2023,4,12,14,0,25.400000000000002,0.055,3,248,1,248,0.28400000000000003,14.94,811,3.6,1
2023,4,12,15,0,24.6,0.058,7,212,593,591,0.28300000000000003,15.46,810,3.7,1
2023,4,12,16,0,23.200000000000003,0.059000000000000004,3,277,195,372,0.28300000000000003,17.16,810,3.6,1
2023,4,12,17,0,20.5,0.055,8,114,478,258,0.28200000000000003,24.150000000000002,810,2.4000000000000004,1
2023,4,12,18,0,15.3,0.05,3,51,4,51,0.281,37.28,810,1.5,1
2023,4,12,19,0,13.700000000000001,0.047,8,0,0,0,0.281,40.03,810,1.5,1
2023,4,12,20,0,12.3,0.052000000000000005,7,0,0,0,0.28,43.59,809,1.4000000000000001,1
2023,4,12,21,0,11,0.07,7,0,0,0,0.279,47.28,809,1.5,1.1
2023,4,12,22,0,10.8,0.09,7,0,0,0,0.278,48.5,809,1.9000000000000001,1.3
2023,4,12,23,0,11.5,0.099,6,0,0,0,0.277,48.230000000000004,808,2.9000000000000004,1.5
2023,4,13,0,0,11.600000000000001,0.092,6,0,0,0,0.277,50.86,808,3.6,1.5
2023,4,13,1,0,11.200000000000001,0.08600000000000001,6,0,0,0,0.277,54.31,807,3.5,1.3
2023,4,13,2,0,10.5,0.083,6,0,0,0,0.28,56.120000000000005,807,3.1,1.1
2023,4,13,3,0,10.3,0.088,7,0,0,0,0.28300000000000003,53.89,807,3.2,1
2023,4,13,4,0,10.5,0.097,7,0,0,0,0.28600000000000003,49.63,807,3.4000000000000004,0.9
2023,4,13,5,0,9.700000000000001,0.095,7,0,0,0,0.289,49.1,807,2.9000000000000004,0.8
2023,4,13,6,0,11.600000000000001,0.084,7,47,13,49,0.291,42.65,807,3,0.8
2023,4,13,7,0,15,0.073,7,142,256,217,0.294,32.410000000000004,806,3.5,0.7000000000000001
2023,4,13,8,0,18.1,0.066,6,224,98,271,0.297,20.01,806,4.6000000000000005,0.7000000000000001
2023,4,13,9,0,19.400000000000002,0.067,7,196,691,635,0.298,14.96,806,5,0.7000000000000001
2023,4,13,10,0,19.200000000000003,0.07200000000000001,7,186,802,792,0.3,14.71,806,4.800000000000001,0.8
2023,4,13,11,0,19.900000000000002,0.07,6,404,281,639,0.301,14.47,805,4.7,0.8
2023,4,13,12,0,21.400000000000002,0.068,7,258,683,846,0.302,14.17,805,4.6000000000000005,0.9
2023,4,13,13,0,22.1,0.079,7,368,417,716,0.303,14.77,804,4.6000000000000005,1
2023,4,13,14,0,21.8,0.091,8,124,0,125,0.303,16.06,803,4.5,1.1
2023,4,13,15,0,21,0.096,6,107,0,108,0.303,17.2,803,4.3,1.1
2023,4,13,16,0,19.700000000000003,0.089,9,111,2,112,0.302,19.1,802,3.7,1
2023,4,13,17,0,17.400000000000002,0.083,6,76,3,76,0.303,25.02,803,2.9000000000000004,1
2023,4,13,18,0,14.4,0.08,6,35,1,35,0.304,32.37,803,2.5,1.1
2023,4,13,19,0,12.4,0.073,7,0,0,0,0.306,39.03,803,3,1.1
2023,4,13,20,0,10.8,0.062,7,0,0,0,0.308,47.04,804,2.8000000000000003,1.1
2023,4,13,21,0,9.3,0.053,7,0,0,0,0.309,55.03,804,1.9000000000000001,1.1
2023,4,13,22,0,8.200000000000001,0.052000000000000005,7,0,0,0,0.309,60.660000000000004,804,1.4000000000000001,1
2023,4,13,23,0,7.5,0.058,6,0,0,0,0.308,63.02,804,1.1,1.1
2023,4,14,0,0,7,0.076,6,0,0,0,0.306,65.23,805,1.4000000000000001,1.2000000000000002
2023,4,14,1,0,7,0.105,6,0,0,0,0.305,66.56,805,1.9000000000000001,1.3
2023,4,14,2,0,6,0.15,7,0,0,0,0.307,72.13,805,2.4000000000000004,1.4000000000000001
2023,4,14,3,0,5.1000000000000005,0.171,7,0,0,0,0.313,76.23,806,2.3000000000000003,1.3
2023,4,14,4,0,4.2,0.159,7,0,0,0,0.32,78.3,806,1.9000000000000001,1.3
2023,4,14,5,0,3.8000000000000003,0.188,7,0,0,0,0.326,78.45,806,1.4000000000000001,1.3
2023,4,14,6,0,3.9000000000000004,0.192,7,23,0,23,0.329,76.55,807,1.3,1.2000000000000002
2023,4,14,7,0,5.2,0.169,7,6,0,6,0.331,67.91,807,1.6,1.1
2023,4,14,8,0,6.6000000000000005,0.16,8,112,3,113,0.331,58.95,807,1.9000000000000001,1.1
2023,4,14,9,0,7.9,0.15,5,62,0,62,0.329,51.47,807,2,1
2023,4,14,10,0,9.1,0.15,4,56,0,56,0.329,45.9,807,2.2,1
2023,4,14,11,0,9.700000000000001,0.16,8,320,12,330,0.331,43.81,807,2.3000000000000003,1
2023,4,14,12,0,9.600000000000001,0.171,4,81,0,81,0.332,44.95,807,2.2,1.1
2023,4,14,13,0,9,0.17400000000000002,7,32,0,32,0.332,47.94,807,1.8,1.1
2023,4,14,14,0,7.9,0.19,6,285,9,292,0.333,52.78,807,1.4000000000000001,1.1
2023,4,14,15,0,6.7,0.194,6,102,0,102,0.335,57.82,808,1,1.1
2023,4,14,16,0,5.4,0.193,7,133,3,135,0.336,61.870000000000005,808,1.2000000000000002,1.1
2023,4,14,17,0,4.1000000000000005,0.2,6,5,0,5,0.336,65,809,1.6,1
2023,4,14,18,0,3,0.197,7,28,0,28,0.336,67.07000000000001,810,1.5,0.9
2023,4,14,19,0,2.2,0.186,8,0,0,0,0.34,68.5,811,1.4000000000000001,0.8
2023,4,14,20,0,1.5,0.17500000000000002,4,0,0,0,0.34500000000000003,69.95,812,1.3,0.7000000000000001
2023,4,14,21,0,0.9,0.156,4,0,0,0,0.352,71.17,812,1.2000000000000002,0.7000000000000001
2023,4,14,22,0,0.4,0.14100000000000001,8,0,0,0,0.36,71.98,812,1,0.7000000000000001
2023,4,14,23,0,0,0.14,4,0,0,0,0.368,72.57000000000001,812,0.9,0.6000000000000001
2023,4,15,0,0,-0.30000000000000004,0.14400000000000002,4,0,0,0,0.373,72.15,813,1,0.6000000000000001
2023,4,15,1,0,-0.6000000000000001,0.154,4,0,0,0,0.374,71.02,813,1,0.6000000000000001
2023,4,15,2,0,-0.9,0.18,8,0,0,0,0.374,69.81,813,1,0.6000000000000001
2023,4,15,3,0,-0.7000000000000001,0.193,8,0,0,0,0.374,67.86,814,0.9,0.6000000000000001
2023,4,15,4,0,-0.8,0.19,4,0,0,0,0.375,66.28,814,0.9,0.6000000000000001
2023,4,15,5,0,-1,0.186,4,0,0,0,0.376,64.75,815,0.9,0.5
2023,4,15,6,0,0.1,0.168,4,51,2,51,0.378,58.56,815,1.3,0.5
2023,4,15,7,0,1.8,0.139,4,162,340,265,0.38,47.33,816,2.2,0.4
2023,4,15,8,0,3.3000000000000003,0.11900000000000001,4,265,334,428,0.381,37.69,816,3.1,0.4
2023,4,15,9,0,4.7,0.108,4,330,453,622,0.38,31.1,817,3.8000000000000003,0.4
2023,4,15,10,0,6.1000000000000005,0.098,4,404,445,744,0.376,26.61,817,4.2,0.4
2023,4,15,11,0,7.4,0.10400000000000001,3,428,503,851,0.371,23.81,817,4.4,0.4
2023,4,15,12,0,8.4,0.105,1,120,985,974,0.366,22.23,817,4.4,0.4
2023,4,15,13,0,9,0.10400000000000001,1,118,980,943,0.363,21.76,818,4.3,0.4
2023,4,15,14,0,9,0.099,0,110,963,849,0.359,22.42,818,4.2,0.4
2023,4,15,15,0,8.5,0.10200000000000001,0,104,918,699,0.354,23.82,818,4.3,0.4
2023,4,15,16,0,7.5,0.10400000000000001,0,92,839,505,0.34900000000000003,25.990000000000002,818,4.2,0.4
2023,4,15,17,0,6,0.10300000000000001,0,72,697,288,0.34400000000000003,29.36,819,3.7,0.4
2023,4,15,18,0,2.6,0.101,0,39,374,82,0.339,41.35,820,1.8,0.4
2023,4,15,19,0,0.4,0.1,1,0,0,0,0.335,49.01,821,1.2000000000000002,0.4
2023,4,15,20,0,-0.1,0.099,1,0,0,0,0.33,48.43,821,1.1,0.4
2023,4,15,21,0,-0.5,0.097,7,0,0,0,0.325,48.230000000000004,821,1.1,0.4
2023,4,15,22,0,-1.1,0.096,7,0,0,0,0.319,49.24,821,1.1,0.4
2023,4,15,23,0,-1.7000000000000002,0.096,7,0,0,0,0.315,50.230000000000004,821,1.2000000000000002,0.4
2023,4,16,0,0,-2.1,0.097,7,0,0,0,0.312,50.15,821,1.3,0.4
2023,4,16,1,0,-2.6,0.097,7,0,0,0,0.309,50.410000000000004,821,1.3,0.4
2023,4,16,2,0,-2.8000000000000003,0.095,7,0,0,0,0.306,49.77,821,1.4000000000000001,0.4
2023,4,16,3,0,-2.8000000000000003,0.091,4,0,0,0,0.303,48.72,821,1.5,0.4
2023,4,16,4,0,-2.6,0.08700000000000001,0,0,0,0,0.302,47.12,821,1.6,0.4
2023,4,16,5,0,-2.3000000000000003,0.083,0,0,0,0,0.301,45.68,821,1.7000000000000002,0.4
2023,4,16,6,0,0.9,0.08,0,35,420,82,0.3,38.59,821,2.2,0.4
2023,4,16,7,0,5.300000000000001,0.078,0,63,742,291,0.299,28.93,821,1.8,0.4
2023,4,16,8,0,8.8,0.076,0,79,880,510,0.297,23.14,821,2.1,0.4
2023,4,16,9,0,11.100000000000001,0.075,0,89,951,704,0.296,20.04,821,2.2,0.4
2023,4,16,10,0,12.9,0.075,0,96,982,850,0.295,18.55,821,1.9000000000000001,0.5
2023,4,16,11,0,14.5,0.059000000000000004,0,89,1020,950,0.293,17.67,820,1.6,0.5
2023,4,16,12,0,15.600000000000001,0.06,0,90,1019,977,0.291,17.3,820,1.5,0.6000000000000001
2023,4,16,13,0,16.3,0.061,0,90,1013,945,0.29,17.19,819,1.5,0.6000000000000001
2023,4,16,14,0,16.6,0.064,0,88,985,846,0.289,17.38,819,1.5,0.7000000000000001
2023,4,16,15,0,16.3,0.064,0,82,948,698,0.289,18.14,818,1.3,0.7000000000000001
2023,4,16,16,0,15.600000000000001,0.063,0,72,883,509,0.29,19.5,818,1.1,0.7000000000000001
2023,4,16,17,0,13.8,0.062,0,57,761,295,0.29,25.35,818,0.8,0.7000000000000001
2023,4,16,18,0,9.4,0.06,1,32,480,89,0.289,38.36,818,0.6000000000000001,0.7000000000000001
2023,4,16,19,0,7.5,0.058,1,0,0,0,0.289,39.26,818,0.7000000000000001,0.7000000000000001
2023,4,16,20,0,6.4,0.056,0,0,0,0,0.291,42.13,818,0.9,0.6000000000000001
2023,4,16,21,0,5,0.056,1,0,0,0,0.294,47.4,818,1.2000000000000002,0.6000000000000001
2023,4,16,22,0,4.2,0.056,0,0,0,0,0.297,50.63,817,1.5,0.6000000000000001
2023,4,16,23,0,3.9000000000000004,0.056,0,0,0,0,0.301,52.28,816,1.7000000000000002,0.6000000000000001
2023,4,17,0,0,3.8000000000000003,0.055,0,0,0,0,0.305,52.4,816,2.1,0.5
2023,4,17,1,0,3.7,0.052000000000000005,0,0,0,0,0.31,51.4,815,2.6,0.5
2023,4,17,2,0,3.4000000000000004,0.049,0,0,0,0,0.313,50.300000000000004,815,2.8000000000000003,0.5
2023,4,17,3,0,3,0.049,0,0,0,0,0.314,49.65,815,2.7,0.5
2023,4,17,4,0,2.7,0.049,8,0,0,0,0.314,49.44,814,2.4000000000000004,0.5
2023,4,17,5,0,2.7,0.05,1,0,0,0,0.313,49.02,814,2.3000000000000003,0.5
2023,4,17,6,0,6.800000000000001,0.052000000000000005,0,31,502,89,0.312,38.94,814,3,0.5
2023,4,17,7,0,11.100000000000001,0.056,0,55,781,298,0.311,29.04,814,3.2,0.5
2023,4,17,8,0,14.700000000000001,0.06,0,71,898,514,0.313,20.32,814,2.4000000000000004,0.5
2023,4,17,9,0,16.8,0.063,0,82,952,701,0.315,17.57,814,1.4000000000000001,0.6000000000000001
2023,4,17,10,0,18.400000000000002,0.062,0,88,990,851,0.316,16.03,814,0.7000000000000001,0.6000000000000001
2023,4,17,11,0,19.5,0.056,0,88,1015,948,0.317,15.01,813,0.7000000000000001,0.6000000000000001
2023,4,17,12,0,20.400000000000002,0.054,8,354,456,752,0.317,14.07,812,1.1,0.6000000000000001
2023,4,17,13,0,20.900000000000002,0.056,8,285,585,781,0.317,13.540000000000001,812,1.5,0.7000000000000001
2023,4,17,14,0,20.900000000000002,0.06,7,329,440,669,0.316,13.34,811,1.6,0.7000000000000001
2023,4,17,15,0,20.400000000000002,0.064,7,263,13,272,0.318,13.73,810,1.4000000000000001,0.7000000000000001
2023,4,17,16,0,19.3,0.065,7,140,3,141,0.321,15.26,810,1.2000000000000002,0.7000000000000001
2023,4,17,17,0,17,0.061,8,129,427,264,0.323,23.07,810,0.8,0.7000000000000001
2023,4,17,18,0,12.8,0.056,7,62,26,65,0.324,34.86,810,0.5,0.8
2023,4,17,19,0,11,0.054,8,0,0,0,0.323,35.42,810,0.6000000000000001,0.8
2023,4,17,20,0,9.600000000000001,0.054,0,0,0,0,0.321,38.81,810,0.7000000000000001,0.7000000000000001
2023,4,17,21,0,8.1,0.055,0,0,0,0,0.318,43.050000000000004,810,1,0.7000000000000001
2023,4,17,22,0,7.1000000000000005,0.056,0,0,0,0,0.316,45.74,810,1.2000000000000002,0.7000000000000001
2023,4,17,23,0,6.6000000000000005,0.058,1,0,0,0,0.314,46.230000000000004,809,1.5,0.6000000000000001
2023,4,18,0,0,6.2,0.059000000000000004,0,0,0,0,0.313,46.32,809,1.6,0.6000000000000001
2023,4,18,1,0,5.800000000000001,0.061,0,0,0,0,0.31,46.25,808,1.7000000000000002,0.6000000000000001
2023,4,18,2,0,5.5,0.067,7,0,0,0,0.309,46.14,808,1.7000000000000002,0.6000000000000001
2023,4,18,3,0,5.7,0.077,6,0,0,0,0.31,44.83,807,1.8,0.7000000000000001
2023,4,18,4,0,5.7,0.083,7,0,0,0,0.311,45.04,807,1.8,0.7000000000000001
2023,4,18,5,0,6,0.08700000000000001,7,0,0,0,0.314,45.2,807,2,0.7000000000000001
2023,4,18,6,0,9.8,0.097,7,61,18,63,0.317,37.51,807,2.6,0.7000000000000001
2023,4,18,7,0,13.5,0.11,7,73,675,286,0.322,29.55,807,3.4000000000000004,0.8
2023,4,18,8,0,15.8,0.125,7,98,798,495,0.324,23.96,806,3.6,0.8
2023,4,18,9,0,17.3,0.131,3,387,93,448,0.325,20.87,806,3.5,0.9
2023,4,18,10,0,18.6,0.126,8,256,7,261,0.325,18.97,805,3.5,0.9
2023,4,18,11,0,19.700000000000003,0.085,7,437,164,576,0.326,17.68,805,4,0.9
2023,4,18,12,0,20.6,0.078,8,203,821,922,0.332,16.57,804,4.5,0.7000000000000001
2023,4,18,13,0,21,0.07100000000000001,0,98,993,943,0.334,15.59,804,5.1000000000000005,0.7000000000000001
2023,4,18,14,0,20.8,0.065,0,91,985,855,0.33,14.58,803,5.9,0.6000000000000001
2023,4,18,15,0,20,0.065,0,85,948,707,0.328,14.120000000000001,803,6.300000000000001,0.6000000000000001
2023,4,18,16,0,18.5,0.073,3,229,527,492,0.33,15.030000000000001,804,6.1000000000000005,0.6000000000000001
2023,4,18,17,0,16.5,0.076,8,44,0,44,0.331,17.43,804,5.4,0.7000000000000001
2023,4,18,18,0,13.200000000000001,0.07,3,66,18,68,0.333,23.71,804,3.8000000000000003,0.7000000000000001
2023,4,18,19,0,10.600000000000001,0.066,7,0,0,0,0.336,30.91,805,2.9000000000000004,0.7000000000000001
2023,4,18,20,0,9.200000000000001,0.064,8,0,0,0,0.339,36.18,806,2.4000000000000004,0.7000000000000001
2023,4,18,21,0,8,0.062,7,0,0,0,0.341,40.64,806,2.1,0.7000000000000001
2023,4,18,22,0,6.9,0.062,7,0,0,0,0.342,44.46,806,2,0.7000000000000001
2023,4,18,23,0,5.800000000000001,0.066,7,0,0,0,0.342,48.49,806,1.8,0.7000000000000001
2023,4,19,0,0,5.1000000000000005,0.07,3,0,0,0,0.34,51.38,806,1.5,0.7000000000000001
2023,4,19,1,0,4.7,0.073,7,0,0,0,0.339,52.44,806,1.3,0.7000000000000001
2023,4,19,2,0,4.3,0.076,7,0,0,0,0.339,53.25,806,0.9,0.7000000000000001
2023,4,19,3,0,3.3000000000000003,0.078,8,0,0,0,0.34,56.4,806,1.2000000000000002,0.7000000000000001
2023,4,19,4,0,2.4000000000000004,0.081,8,0,0,0,0.341,58.64,806,1.5,0.7000000000000001
2023,4,19,5,0,1.9000000000000001,0.085,5,0,0,0,0.341,59.63,807,1.6,0.7000000000000001
2023,4,19,6,0,4.5,0.08700000000000001,4,64,7,65,0.341,49.14,807,2.4000000000000004,0.7000000000000001
2023,4,19,7,0,7.9,0.089,0,68,712,296,0.341,36.59,807,2.9000000000000004,0.7000000000000001
2023,4,19,8,0,11,0.098,0,88,834,507,0.34400000000000003,27.830000000000002,807,3,0.7000000000000001
2023,4,19,9,0,13.200000000000001,0.123,0,112,882,692,0.34700000000000003,23.73,806,3.1,0.7000000000000001
2023,4,19,10,0,14.8,0.159,7,292,602,760,0.35100000000000003,21.76,805,3.4000000000000004,0.8
2023,4,19,11,0,15.200000000000001,0.152,7,392,20,409,0.353,21.91,804,3.5,0.8
2023,4,19,12,0,15.200000000000001,0.152,7,183,1,184,0.356,22.5,804,3.3000000000000003,0.8
2023,4,19,13,0,14.8,0.14,8,424,68,483,0.358,22.76,804,4,0.8
2023,4,19,14,0,13.9,0.138,8,239,734,810,0.359,23.73,805,4.7,0.8
2023,4,19,15,0,11.9,0.146,7,310,359,546,0.359,27.92,806,5,0.8
2023,4,19,16,0,9.200000000000001,0.14300000000000002,8,253,282,395,0.359,35.17,807,5.1000000000000005,0.8
2023,4,19,17,0,6.5,0.14300000000000002,8,5,0,5,0.361,43.24,809,4.5,0.8
2023,4,19,18,0,3.7,0.137,7,43,2,44,0.365,52.7,810,3.4000000000000004,0.7000000000000001
2023,4,19,19,0,1.8,0.124,7,0,0,0,0.369,58.52,812,2.8000000000000003,0.6000000000000001
2023,4,19,20,0,1.1,0.111,4,0,0,0,0.373,56.74,813,2.2,0.5
2023,4,19,21,0,0.5,0.089,0,0,0,0,0.376,53.63,813,1.8,0.4
2023,4,19,22,0,-0.6000000000000001,0.076,0,0,0,0,0.378,51.79,813,1.5,0.30000000000000004
2023,4,19,23,0,-1.5,0.07200000000000001,0,0,0,0,0.379,49.160000000000004,813,1.6,0.30000000000000004
2023,4,20,0,0,-2.3000000000000003,0.073,0,0,0,0,0.379,48.09,813,1.6,0.30000000000000004
2023,4,20,1,0,-2.8000000000000003,0.074,0,0,0,0,0.379,47.08,813,1.6,0.30000000000000004
2023,4,20,2,0,-3.2,0.076,0,0,0,0,0.379,46.64,813,1.7000000000000002,0.30000000000000004
2023,4,20,3,0,-3.5,0.078,0,0,0,0,0.379,46.32,814,1.8,0.30000000000000004
2023,4,20,4,0,-3.7,0.077,0,0,0,0,0.378,45.95,814,2,0.30000000000000004
2023,4,20,5,0,-3.5,0.075,0,0,0,0,0.376,44.56,814,2.3000000000000003,0.30000000000000004
2023,4,20,6,0,-0.9,0.073,0,37,495,102,0.376,35.81,814,4,0.30000000000000004
2023,4,20,7,0,1.1,0.073,0,64,776,315,0.378,27.44,815,5.2,0.30000000000000004
2023,4,20,8,0,2.8000000000000003,0.07200000000000001,0,79,901,534,0.379,22.150000000000002,815,5.300000000000001,0.30000000000000004
2023,4,20,9,0,4.2,0.073,0,90,965,728,0.382,19.96,815,5,0.30000000000000004
2023,4,20,10,0,5.4,0.078,0,99,997,878,0.384,18.7,815,4.800000000000001,0.30000000000000004
2023,4,20,11,0,6.300000000000001,0.085,0,108,1010,973,0.387,17.95,815,4.5,0.30000000000000004
2023,4,20,12,0,6.800000000000001,0.096,0,115,1007,1003,0.39,17.66,815,4.3,0.30000000000000004
2023,4,20,13,0,6.9,0.107,8,227,811,921,0.393,17.8,815,4,0.30000000000000004
2023,4,20,14,0,6.6000000000000005,0.12,6,371,87,440,0.396,18.41,815,3.8000000000000003,0.4
2023,4,20,15,0,5.9,0.13,7,237,635,657,0.399,19.97,815,3.6,0.4
2023,4,20,16,0,4.9,0.136,8,216,507,472,0.402,22.7,815,3.4000000000000004,0.4
2023,4,20,17,0,3.9000000000000004,0.131,4,188,190,249,0.404,26.36,816,3.2,0.4
2023,4,20,18,0,2.2,0.11800000000000001,0,45,394,96,0.40700000000000003,35.22,816,2,0.4
2023,4,20,19,0,0.6000000000000001,0.10200000000000001,1,0,0,0,0.41000000000000003,43.88,817,1.3,0.4
2023,4,20,20,0,-0.30000000000000004,0.084,0,0,0,0,0.40700000000000003,47.26,817,1.4000000000000001,0.4
2023,4,20,21,0,-1.4000000000000001,0.075,0,0,0,0,0.4,49.88,817,1.9000000000000001,0.30000000000000004
2023,4,20,22,0,-2.1,0.074,0,0,0,0,0.393,51.910000000000004,818,2.5,0.30000000000000004
2023,4,20,23,0,-2.6,0.075,0,0,0,0,0.392,53.21,818,2.8000000000000003,0.30000000000000004
2023,4,21,0,0,-3.1,0.074,0,0,0,0,0.394,53.67,818,2.8000000000000003,0.30000000000000004
2023,4,21,1,0,-3.6,0.07200000000000001,0,0,0,0,0.396,53.300000000000004,818,2.7,0.30000000000000004
2023,4,21,2,0,-4,0.073,6,0,0,0,0.396,52.77,818,2.6,0.30000000000000004
2023,4,21,3,0,-4.3,0.075,0,0,0,0,0.396,52.86,817,2.2,0.30000000000000004
2023,4,21,4,0,-4.4,0.08,7,0,0,0,0.394,53.09,817,1.9000000000000001,0.30000000000000004
2023,4,21,5,0,-3.7,0.091,9,0,0,0,0.391,51.13,817,1.9000000000000001,0.30000000000000004
2023,4,21,6,0,-1.2000000000000002,0.09,9,3,0,3,0.39,42.93,817,3,0.30000000000000004
2023,4,21,7,0,1,0.076,6,112,13,116,0.39,33.97,817,3.9000000000000004,0.4
2023,4,21,8,0,2.9000000000000004,0.069,6,177,16,186,0.389,27.810000000000002,817,4.1000000000000005,0.5
2023,4,21,9,0,4.9,0.067,6,237,14,246,0.388,25,816,4.2,0.5
2023,4,21,10,0,6.800000000000001,0.068,9,329,30,352,0.386,24.330000000000002,816,4.3,0.6000000000000001
2023,4,21,11,0,8.200000000000001,0.065,9,411,95,493,0.382,24.3,815,4.3,0.6000000000000001
2023,4,21,12,0,9,0.064,7,197,833,934,0.379,24.63,814,4.2,0.7000000000000001
2023,4,21,13,0,9.200000000000001,0.067,7,290,588,795,0.377,25.68,814,4.1000000000000005,0.7000000000000001
2023,4,21,14,0,8.8,0.07,7,262,632,757,0.378,27.8,813,4,0.7000000000000001
2023,4,21,15,0,8.200000000000001,0.07200000000000001,7,245,498,576,0.379,30.560000000000002,813,3.7,0.8
2023,4,21,16,0,7.5,0.07100000000000001,7,213,26,226,0.38,34.06,813,3.1,0.8
2023,4,21,17,0,6.4,0.07200000000000001,8,11,0,11,0.379,39.980000000000004,814,2.6,0.8
2023,4,21,18,0,4.1000000000000005,0.079,8,45,3,46,0.378,53.5,814,2.2,0.8
2023,4,21,19,0,2.4000000000000004,0.083,8,0,0,0,0.376,62.980000000000004,815,2.4000000000000004,0.9
2023,4,21,20,0,1.3,0.088,7,0,0,0,0.374,69.02,816,2.2,0.8
2023,4,21,21,0,0.5,0.099,7,0,0,0,0.372,73.66,817,1.9000000000000001,0.8
2023,4,21,22,0,-0.1,0.114,7,0,0,0,0.372,76.43,817,2.1,0.8
2023,4,21,23,0,-0.6000000000000001,0.135,4,0,0,0,0.372,77.36,817,2.6,0.8
2023,4,22,0,0,-1.3,0.127,5,0,0,0,0.372,76.5,817,3.1,0.8
2023,4,22,1,0,-2.2,0.105,4,0,0,0,0.371,74.21000000000001,818,3.1,0.7000000000000001
2023,4,22,2,0,-3.1,0.10400000000000001,4,0,0,0,0.369,71.06,818,2.9000000000000004,0.7000000000000001
2023,4,22,3,0,-4,0.10200000000000001,4,0,0,0,0.367,69.51,818,2.4000000000000004,0.6000000000000001
2023,4,22,4,0,-4.7,0.096,7,0,0,0,0.366,69.01,818,2,0.6000000000000001
2023,4,22,5,0,-4.9,0.105,7,0,0,0,0.365,67.65,818,1.5,0.6000000000000001
2023,4,22,6,0,-3.8000000000000003,0.111,7,13,0,13,0.364,62.97,818,1.1,0.6000000000000001
2023,4,22,7,0,-1.5,0.116,7,92,3,93,0.363,54.92,817,1,0.6000000000000001
2023,4,22,8,0,0.9,0.121,7,144,6,147,0.364,47.93,817,1.1,0.6000000000000001
2023,4,22,9,0,2.7,0.115,7,300,51,334,0.365,43.35,817,1.4000000000000001,0.6000000000000001
2023,4,22,10,0,4.1000000000000005,0.106,7,381,43,415,0.364,40.550000000000004,816,1.8,0.6000000000000001
2023,4,22,11,0,5.2,0.099,7,404,69,463,0.363,39.18,816,2,0.6000000000000001
2023,4,22,12,0,6,0.096,8,268,4,271,0.363,38.11,815,2.2,0.6000000000000001
2023,4,22,13,0,6.5,0.093,7,386,43,423,0.364,37.800000000000004,815,2.3000000000000003,0.6000000000000001
2023,4,22,14,0,6.7,0.096,7,341,44,376,0.365,37.82,815,2.1,0.6000000000000001
2023,4,22,15,0,6.4,0.097,7,280,37,305,0.364,38.62,815,2,0.7000000000000001
2023,4,22,16,0,5.6000000000000005,0.097,7,230,74,267,0.363,40.49,815,1.9000000000000001,0.7000000000000001
2023,4,22,17,0,4.4,0.109,7,171,308,272,0.362,43.84,815,1.7000000000000002,0.7000000000000001
2023,4,22,18,0,2.3000000000000003,0.116,8,58,4,59,0.362,53.04,816,1.1,0.7000000000000001
2023,4,22,19,0,0.6000000000000001,0.111,8,0,0,0,0.362,58.96,816,0.9,0.7000000000000001
2023,4,22,20,0,0,0.108,8,0,0,0,0.361,60.050000000000004,817,1,0.7000000000000001
2023,4,22,21,0,-0.5,0.1,8,0,0,0,0.36,61.31,816,1,0.7000000000000001
2023,4,22,22,0,-1.1,0.094,8,0,0,0,0.359,63.660000000000004,816,1,0.7000000000000001
2023,4,22,23,0,-1.6,0.089,1,0,0,0,0.356,65.72,816,1,0.7000000000000001
2023,4,23,0,0,-2.1,0.084,5,0,0,0,0.355,67.38,816,0.9,0.6000000000000001
2023,4,23,1,0,-2.6,0.078,5,0,0,0,0.352,68.71000000000001,815,0.9,0.6000000000000001
2023,4,23,2,0,-3,0.075,4,0,0,0,0.34900000000000003,69.38,815,0.9,0.6000000000000001
2023,4,23,3,0,-3.5,0.074,0,0,0,0,0.34700000000000003,70.06,815,1,0.6000000000000001
2023,4,23,4,0,-4,0.07200000000000001,0,0,0,0,0.34700000000000003,70.25,815,1.1,0.5
2023,4,23,5,0,-4,0.07200000000000001,0,0,0,0,0.34500000000000003,67.91,815,1.4000000000000001,0.5
2023,4,23,6,0,-0.7000000000000001,0.076,1,43,490,113,0.34400000000000003,55.36,815,2,0.5
2023,4,23,7,0,3.2,0.082,0,76,747,327,0.343,43.37,815,0.6000000000000001,0.5
2023,4,23,8,0,5.9,0.085,0,99,866,547,0.343,35.94,815,0.9,0.5
2023,4,23,9,0,7.9,0.08600000000000001,1,116,933,743,0.34500000000000003,30.88,815,1.3,0.5
2023,4,23,10,0,9.700000000000001,0.08600000000000001,3,524,390,833,0.34600000000000003,27.62,814,1.5,0.5
2023,4,23,11,0,11.3,0.08700000000000001,3,546,466,948,0.34600000000000003,25.44,814,1.7000000000000002,0.5
2023,4,23,12,0,12.600000000000001,0.09,1,139,994,1024,0.34500000000000003,23.82,813,1.8,0.5
2023,4,23,13,0,13.4,0.096,1,140,975,983,0.34400000000000003,22.94,813,2.1,0.6000000000000001
2023,4,23,14,0,13.700000000000001,0.122,0,149,929,881,0.342,22.66,812,2.2,0.6000000000000001
2023,4,23,15,0,13.4,0.13,0,139,874,724,0.339,23.29,812,2.3000000000000003,0.7000000000000001
2023,4,23,16,0,12.600000000000001,0.138,0,122,790,528,0.338,24.990000000000002,812,2.3000000000000003,0.7000000000000001
2023,4,23,17,0,11.100000000000001,0.145,4,183,21,189,0.337,29.01,812,2.1,0.8
2023,4,23,18,0,7.6000000000000005,0.151,5,64,2,65,0.338,42.78,813,1.2000000000000002,0.8
2023,4,23,19,0,5.7,0.151,8,0,0,0,0.339,47.01,813,1.1,0.8
2023,4,23,20,0,5.2,0.145,7,0,0,0,0.34,48.410000000000004,814,1,0.8
2023,4,23,21,0,4.7,0.13,8,0,0,0,0.341,49.95,813,1.2000000000000002,0.8
2023,4,23,22,0,3.9000000000000004,0.109,8,0,0,0,0.343,52.910000000000004,813,1.3,0.8
2023,4,23,23,0,2.9000000000000004,0.08600000000000001,7,0,0,0,0.34400000000000003,55.88,813,1.3,0.8
2023,4,24,0,0,1.8,0.07100000000000001,8,0,0,0,0.34400000000000003,59.44,812,1.2000000000000002,0.8
2023,4,24,1,0,1,0.065,8,0,0,0,0.34500000000000003,62.27,811,1.2000000000000002,0.8
2023,4,24,2,0,0.8,0.063,8,0,0,0,0.34600000000000003,63.14,811,1.3,0.7000000000000001
2023,4,24,3,0,0.9,0.063,7,0,0,0,0.34700000000000003,62.83,811,1.6,0.7000000000000001
2023,4,24,4,0,1.2000000000000002,0.065,7,0,0,0,0.35000000000000003,61.19,811,1.8,0.7000000000000001
2023,4,24,5,0,1.6,0.067,6,0,0,0,0.353,59.050000000000004,812,2,0.7000000000000001
2023,4,24,6,0,4.3,0.07200000000000001,6,79,40,85,0.356,50.480000000000004,812,2.8000000000000003,0.7000000000000001
2023,4,24,7,0,7.300000000000001,0.077,7,134,14,139,0.359,41.54,812,2.6,0.7000000000000001
2023,4,24,8,0,10.200000000000001,0.082,7,157,615,477,0.358,32.14,812,2.3000000000000003,0.7000000000000001
2023,4,24,9,0,12.100000000000001,0.085,8,216,648,654,0.357,27.82,812,2,0.7000000000000001
2023,4,24,10,0,13.8,0.081,1,101,965,867,0.358,24.53,812,1.7000000000000002,0.7000000000000001
2023,4,24,11,0,15.3,0.083,7,174,866,926,0.359,21.63,811,1.7000000000000002,0.7000000000000001
2023,4,24,12,0,16.2,0.075,8,485,217,678,0.357,20.240000000000002,811,1.9000000000000001,0.7000000000000001
2023,4,24,13,0,16.7,0.077,3,425,493,853,0.355,19.5,810,2,0.7000000000000001
2023,4,24,14,0,16.6,0.111,7,395,184,541,0.353,19.68,810,1.9000000000000001,0.8
2023,4,24,15,0,15.8,0.135,7,232,626,652,0.35100000000000003,21.25,810,1.9000000000000001,0.8
2023,4,24,16,0,14.700000000000001,0.151,7,256,61,287,0.35000000000000003,23.990000000000002,810,1.8,0.9
2023,4,24,17,0,13,0.167,7,6,0,6,0.34900000000000003,32.94,810,1.2000000000000002,0.9
2023,4,24,18,0,10.600000000000001,0.177,7,60,6,61,0.34900000000000003,45.51,810,0.8,1
2023,4,24,19,0,9.5,0.171,7,0,0,0,0.35000000000000003,46.93,810,1,1
2023,4,24,20,0,8.9,0.165,7,0,0,0,0.35100000000000003,49.47,811,1.2000000000000002,1.1
2023,4,24,21,0,8.3,0.15,6,0,0,0,0.353,51.910000000000004,810,1.4000000000000001,1.1
2023,4,24,22,0,7.800000000000001,0.136,7,0,0,0,0.355,53.47,810,1.7000000000000002,1.1
2023,4,24,23,0,7.300000000000001,0.129,6,0,0,0,0.357,56.24,810,1.7000000000000002,1.1
2023,4,25,0,0,6.800000000000001,0.11800000000000001,9,0,0,0,0.358,59.42,809,1.7000000000000002,1.1
2023,4,25,1,0,6.4,0.109,6,0,0,0,0.359,62.09,809,1.6,1.1
2023,4,25,2,0,5.9,0.10200000000000001,6,0,0,0,0.359,65.01,809,1.6,1
2023,4,25,3,0,5,0.094,1,0,0,0,0.358,69.01,809,1.4000000000000001,0.9
2023,4,25,4,0,4.2,0.089,0,0,0,0,0.358,71.42,809,1.1,0.8
2023,4,25,5,0,3.9000000000000004,0.092,0,0,0,0,0.356,71.94,809,1,0.7000000000000001
2023,4,25,6,0,6.300000000000001,0.105,3,46,429,111,0.355,64.1,810,1.5,0.7000000000000001
2023,4,25,7,0,8.9,0.117,0,80,691,317,0.353,49.76,810,1.4000000000000001,0.6000000000000001
2023,4,25,8,0,11.200000000000001,0.123,0,102,816,529,0.352,35.92,810,2,0.6000000000000001
2023,4,25,9,0,12.8,0.123,3,342,452,648,0.352,29.310000000000002,810,2.2,0.7000000000000001
2023,4,25,10,0,14,0.12,5,393,11,401,0.35100000000000003,26.6,810,2.8000000000000003,0.7000000000000001
2023,4,25,11,0,14.8,0.122,7,426,127,537,0.34900000000000003,25.89,809,3.7,0.8
2023,4,25,12,0,13.8,0.139,7,39,0,39,0.34700000000000003,30.45,810,3.5,1
2023,4,25,13,0,11.600000000000001,0.153,6,141,0,141,0.34800000000000003,39.51,810,3,1.1
2023,4,25,14,0,10.200000000000001,0.17,6,119,0,119,0.34800000000000003,46.96,811,2.9000000000000004,1.1
2023,4,25,15,0,9.1,0.176,6,104,0,105,0.34800000000000003,53.19,811,2.9000000000000004,1.2000000000000002
2023,4,25,16,0,7.7,0.169,6,50,0,50,0.34800000000000003,60.78,811,2.6,1.2000000000000002
2023,4,25,17,0,6.4,0.181,6,8,0,8,0.34800000000000003,68.87,811,2.1,1.2000000000000002
2023,4,25,18,0,5.300000000000001,0.162,6,31,0,31,0.34900000000000003,76.63,812,1.6,1.2000000000000002
2023,4,25,19,0,4.6000000000000005,0.138,6,0,0,0,0.35000000000000003,79.85000000000001,813,1.6,1.2000000000000002
2023,4,25,20,0,4.3,0.147,6,0,0,0,0.352,80.28,813,1.9000000000000001,1.2000000000000002
2023,4,25,21,0,4.2,0.14300000000000002,7,0,0,0,0.354,80.7,814,2,1.2000000000000002
2023,4,25,22,0,3.9000000000000004,0.127,6,0,0,0,0.356,82.18,814,2.1,1.2000000000000002
2023,4,25,23,0,3.4000000000000004,0.137,9,0,0,0,0.355,83.43,815,2,1.2000000000000002
2023,4,26,0,0,3,0.13,9,0,0,0,0.354,83.3,815,1.9000000000000001,1.2000000000000002
2023,4,26,1,0,2.6,0.11800000000000001,7,0,0,0,0.354,83.49,815,1.8,1.1
2023,4,26,2,0,2.3000000000000003,0.13,7,0,0,0,0.354,83.86,816,1.8,1.1
2023,4,26,3,0,2.2,0.129,4,0,0,0,0.354,83.78,816,1.9000000000000001,1
2023,4,26,4,0,1.9000000000000001,0.117,4,0,0,0,0.354,84.76,816,2,1
2023,4,26,5,0,1.8,0.123,4,0,0,0,0.353,84.55,817,1.9000000000000001,0.9
2023,4,26,6,0,2.9000000000000004,0.116,8,55,1,56,0.353,80.23,817,2.3000000000000003,0.9
2023,4,26,7,0,4.5,0.1,4,82,0,82,0.354,74.11,818,2.6,0.9
2023,4,26,8,0,6.2,0.089,4,131,0,131,0.355,65.92,818,2.8000000000000003,0.9
2023,4,26,9,0,7.9,0.081,4,352,1,353,0.356,57.49,818,2.9000000000000004,0.9
2023,4,26,10,0,9.5,0.076,4,594,147,712,0.357,50.46,818,2.9000000000000004,0.8
2023,4,26,11,0,10.8,0.07200000000000001,4,575,14,587,0.357,45.87,818,2.8000000000000003,0.8
2023,4,26,12,0,11.9,0.069,4,464,594,997,0.357,42.47,818,2.6,0.8
2023,4,26,13,0,12.9,0.068,3,488,526,947,0.355,39.36,817,2.5,0.8
2023,4,26,14,0,13.3,0.075,3,453,494,846,0.352,38,817,2.3000000000000003,0.8
2023,4,26,15,0,13.200000000000001,0.078,3,361,506,704,0.34700000000000003,37.63,817,2,0.9
2023,4,26,16,0,12.700000000000001,0.08,3,291,391,495,0.342,38.36,817,1.6,0.9
2023,4,26,17,0,11.700000000000001,0.081,3,194,138,241,0.339,41.86,816,1.2000000000000002,1
2023,4,26,18,0,8.9,0.078,3,77,13,79,0.338,56.03,816,0.7000000000000001,1
2023,4,26,19,0,6.6000000000000005,0.073,3,0,0,0,0.34,59.800000000000004,817,1,1
2023,4,26,20,0,5.300000000000001,0.07,1,0,0,0,0.34,63.230000000000004,817,1.2000000000000002,1
2023,4,26,21,0,4.6000000000000005,0.075,1,0,0,0,0.338,64.57000000000001,817,1.3,1
2023,4,26,22,0,4.2,0.08600000000000001,0,0,0,0,0.335,64.84,816,1.4000000000000001,0.9
2023,4,26,23,0,4,0.101,1,0,0,0,0.332,64.52,815,1.5,0.9
2023,4,27,0,0,4,0.111,0,0,0,0,0.331,63.58,815,1.8,0.9
2023,4,27,1,0,4.2,0.117,0,0,0,0,0.331,62.34,815,2.1,0.9
2023,4,27,2,0,4.7,0.133,7,0,0,0,0.333,60.25,814,2.5,1
2023,4,27,3,0,5,0.145,6,0,0,0,0.336,59,814,2.6,1
2023,4,27,4,0,5.4,0.147,6,0,0,0,0.339,57.660000000000004,814,2.8000000000000003,1
2023,4,27,5,0,5.9,0.138,6,0,0,0,0.341,56.74,814,2.8000000000000003,1.1
2023,4,27,6,0,7.800000000000001,0.113,7,77,17,80,0.343,52.58,814,3,1.1
2023,4,27,7,0,11.100000000000001,0.097,0,74,710,323,0.34400000000000003,43.74,813,4,1
2023,4,27,8,0,13.5,0.10300000000000001,0,93,825,531,0.343,36.44,813,4.2,1
2023,4,27,9,0,15.3,0.11,7,179,778,711,0.343,31.650000000000002,813,3.9000000000000004,1
2023,4,27,10,0,16.6,0.12,7,238,697,797,0.34400000000000003,28.740000000000002,812,3.7,1
2023,4,27,11,0,17.3,0.123,6,409,335,703,0.34600000000000003,27.07,812,3.8000000000000003,1
2023,4,27,12,0,17.6,0.127,6,448,140,574,0.34900000000000003,26.1,811,4.1000000000000005,1
2023,4,27,13,0,17.7,0.134,7,414,295,672,0.352,25.580000000000002,811,4.4,1
2023,4,27,14,0,16.900000000000002,0.137,6,346,368,640,0.353,26.55,810,4.9,1
2023,4,27,15,0,15.4,0.135,6,321,203,459,0.355,29.1,810,4.9,1
2023,4,27,16,0,14,0.127,7,253,279,399,0.359,32.33,811,4.3,1
2023,4,27,17,0,12.3,0.124,6,35,0,35,0.365,38.03,811,3.2,1.1
2023,4,27,18,0,9.700000000000001,0.127,6,39,1,40,0.37,51.04,812,2.6,1.2000000000000002
2023,4,27,19,0,6.6000000000000005,0.135,6,0,0,0,0.374,67.24,813,4.1000000000000005,1.3
2023,4,27,20,0,4,0.128,6,0,0,0,0.376,77.68,815,5,1.2000000000000002
2023,4,27,21,0,3.1,0.08700000000000001,6,0,0,0,0.374,76.31,816,4.9,1.1
2023,4,27,22,0,2.5,0.073,6,0,0,0,0.374,74.67,816,4.800000000000001,0.9
2023,4,27,23,0,2.1,0.074,7,0,0,0,0.376,73,817,4.6000000000000005,0.9
2023,4,28,0,0,2,0.073,7,0,0,0,0.38,70.24,817,4.4,0.8
2023,4,28,1,0,2,0.07100000000000001,7,0,0,0,0.383,68.02,817,3.8000000000000003,0.8
2023,4,28,2,0,1.7000000000000002,0.068,7,0,0,0,0.386,67.6,818,3.1,0.7000000000000001
2023,4,28,3,0,0.6000000000000001,0.064,8,0,0,0,0.387,70.78,818,2.4000000000000004,0.6000000000000001
2023,4,28,4,0,-0.6000000000000001,0.066,4,0,0,0,0.388,74.37,819,1.8,0.6000000000000001
2023,4,28,5,0,-0.6000000000000001,0.069,4,0,0,0,0.387,72.52,819,1.9000000000000001,0.6000000000000001
2023,4,28,6,0,2,0.066,4,91,48,99,0.384,61.25,820,3.3000000000000003,0.5
2023,4,28,7,0,3.9000000000000004,0.059000000000000004,4,148,4,149,0.381,52.09,820,4.1000000000000005,0.5
2023,4,28,8,0,5.5,0.055,4,179,1,179,0.378,43.32,820,4.2,0.5
2023,4,28,9,0,7.2,0.055,4,405,106,478,0.373,36.06,820,4.1000000000000005,0.5
2023,4,28,10,0,8.9,0.056,5,482,151,603,0.367,31.240000000000002,820,4.2,0.5
2023,4,28,11,0,10.3,0.053,3,516,315,793,0.36,28.37,819,4.5,0.5
2023,4,28,12,0,11.5,0.052000000000000005,5,537,277,787,0.354,26.3,819,4.6000000000000005,0.6000000000000001
2023,4,28,13,0,12.5,0.048,0,86,1020,979,0.35000000000000003,24.66,819,4.7,0.6000000000000001
2023,4,28,14,0,13.200000000000001,0.064,1,92,981,877,0.34500000000000003,23.64,819,4.800000000000001,0.7000000000000001
2023,4,28,15,0,13.4,0.07,0,88,939,728,0.339,23.6,818,4.9,0.7000000000000001
2023,4,28,16,0,13,0.075,1,81,866,536,0.335,25.150000000000002,819,4.9,0.8
2023,4,28,17,0,11.8,0.078,1,67,741,323,0.331,29.12,819,4.2,0.9
2023,4,28,18,0,8.4,0.075,7,81,48,88,0.327,41.800000000000004,819,2,0.9
2023,4,28,19,0,5.4,0.068,4,0,0,0,0.325,52.26,820,1.4000000000000001,0.9
2023,4,28,20,0,4.6000000000000005,0.066,3,0,0,0,0.323,55.120000000000005,821,1.4000000000000001,0.9
2023,4,28,21,0,4.2,0.069,0,0,0,0,0.322,56.75,821,1.4000000000000001,1
2023,4,28,22,0,4.1000000000000005,0.073,0,0,0,0,0.321,57,821,1.5,1
2023,4,28,23,0,4.1000000000000005,0.079,0,0,0,0,0.32,56.43,820,1.7000000000000002,1
2023,4,29,0,0,4.2,0.081,8,0,0,0,0.318,55.36,820,1.8,1.1
2023,4,29,1,0,4,0.08,7,0,0,0,0.315,54.7,820,1.8,1.1
2023,4,29,2,0,3.7,0.083,0,0,0,0,0.315,53.68,820,1.9000000000000001,1.1
2023,4,29,3,0,3.3000000000000003,0.085,5,0,0,0,0.316,52.69,820,2,1.1
2023,4,29,4,0,3.2,0.082,0,0,0,0,0.319,50.9,820,2.4000000000000004,1
2023,4,29,5,0,3.8000000000000003,0.078,0,0,0,0,0.319,47.730000000000004,820,2.7,1
2023,4,29,6,0,7.6000000000000005,0.074,0,44,512,129,0.32,38.27,820,3.6,0.9
2023,4,29,7,0,11.700000000000001,0.07100000000000001,0,66,757,337,0.32,30.57,820,3.4000000000000004,0.9
2023,4,29,8,0,14.700000000000001,0.07,0,80,871,548,0.318,27.400000000000002,820,4.1000000000000005,0.9
2023,4,29,9,0,16.5,0.07100000000000001,0,89,927,730,0.316,26.32,820,4.1000000000000005,1
2023,4,29,10,0,18.2,0.073,0,97,961,873,0.315,24.85,820,4,1
2023,4,29,11,0,19.6,0.06,0,92,989,963,0.315,23.8,819,3.9000000000000004,1.1
2023,4,29,12,0,20.700000000000003,0.061,3,257,777,961,0.314,23.1,819,3.7,1.2000000000000002
2023,4,29,13,0,21.400000000000002,0.063,0,93,983,956,0.313,22.8,818,3.5,1.2000000000000002
2023,4,29,14,0,21.400000000000002,0.064,5,462,244,659,0.312,23.400000000000002,818,3.3000000000000003,1.3
2023,4,29,15,0,21,0.066,3,295,541,664,0.311,24.66,818,3.1,1.3
2023,4,29,16,0,19.900000000000002,0.07100000000000001,3,285,255,420,0.31,26.91,817,2.8000000000000003,1.4000000000000001
2023,4,29,17,0,18.1,0.079,8,90,4,91,0.308,31.94,818,2.1,1.4000000000000001
2023,4,29,18,0,13.9,0.083,5,80,12,82,0.306,48.7,818,0.8,1.4000000000000001
2023,4,29,19,0,11.700000000000001,0.078,3,0,0,0,0.306,51.61,818,0.6000000000000001,1.3
2023,4,29,20,0,10.700000000000001,0.07,7,0,0,0,0.305,53.15,818,0.30000000000000004,1.2000000000000002
2023,4,29,21,0,9.1,0.064,7,0,0,0,0.304,57.79,818,0.5,1.2000000000000002
2023,4,29,22,0,7.9,0.061,7,0,0,0,0.304,61.36,818,0.6000000000000001,1.2000000000000002
2023,4,29,23,0,7.1000000000000005,0.062,0,0,0,0,0.304,63.15,818,0.8,1.2000000000000002
2023,4,30,0,0,6.4,0.064,0,0,0,0,0.303,64.07000000000001,817,1,1.1
2023,4,30,1,0,5.800000000000001,0.069,0,0,0,0,0.302,64.8,817,1.1,1.1
2023,4,30,2,0,5,0.075,0,0,0,0,0.302,66.63,817,1.2000000000000002,1.1
2023,4,30,3,0,4.3,0.08,0,0,0,0,0.302,67.86,817,1.2000000000000002,1
2023,4,30,4,0,3.9000000000000004,0.084,0,0,0,0,0.304,67.38,817,1.1,1
2023,4,30,5,0,4.4,0.08700000000000001,0,0,0,0,0.304,64.25,817,1,1
2023,4,30,6,0,8,0.085,0,45,505,131,0.306,50.32,818,1.3,1
2023,4,30,7,0,11.100000000000001,0.082,0,68,745,338,0.306,35.94,818,1.6,1
2023,4,30,8,0,13.700000000000001,0.081,0,83,855,545,0.306,30.84,817,1.9000000000000001,1.1
2023,4,30,9,0,15.8,0.083,0,94,915,729,0.305,28.02,817,2.2,1.1
2023,4,30,10,0,17.400000000000002,0.08700000000000001,0,102,948,870,0.305,25.97,817,2.4000000000000004,1.1
2023,4,30,11,0,18.7,0.067,0,96,983,964,0.305,24.41,817,2.6,1.1
2023,4,30,12,0,19.700000000000003,0.067,0,97,985,991,0.306,23.29,816,2.6,1.2000000000000002
2023,4,30,13,0,20.1,0.068,0,96,979,957,0.306,23,816,2.6,1.2000000000000002
2023,4,30,14,0,20,0.08700000000000001,1,102,943,861,0.308,23.44,816,2.6,1.2000000000000002
2023,4,30,15,0,19.400000000000002,0.094,0,98,896,712,0.31,24.740000000000002,816,2.4000000000000004,1.3
2023,4,30,16,0,18.5,0.096,0,88,828,527,0.311,26.54,816,2.2,1.3
2023,4,30,17,0,17.1,0.093,0,71,712,321,0.313,29.87,816,1.8,1.3
2023,4,30,18,0,13.600000000000001,0.084,1,43,485,121,0.314,44.050000000000004,816,1,1.2000000000000002
2023,4,30,19,0,11.3,0.075,1,0,0,0,0.315,47.01,816,1.2000000000000002,1.2000000000000002
2023,4,30,20,0,10.3,0.07,1,0,0,0,0.316,48.21,816,1.4000000000000001,1.2000000000000002
2023,4,30,21,0,9.200000000000001,0.068,0,0,0,0,0.316,51.43,816,1.5,1.1
2023,4,30,22,0,8.1,0.066,0,0,0,0,0.315,55.65,816,1.4000000000000001,1.1
2023,4,30,23,0,7.300000000000001,0.067,0,0,0,0,0.315,58.9,815,1.1,1.1
2023,5,1,0,0,6.6000000000000005,0.068,0,0,0,0,0.314,61.44,815,0.9,1
2023,5,1,1,0,6.2,0.07200000000000001,0,0,0,0,0.314,62.35,815,0.8,1
2023,5,1,2,0,5.7,0.076,7,0,0,0,0.314,63.36,814,1,1
2023,5,1,3,0,5.300000000000001,0.08,0,0,0,0,0.316,63.81,814,1.3,1
2023,5,1,4,0,5,0.083,0,0,0,0,0.318,63.7,814,1.4000000000000001,1
2023,5,1,5,0,5.6000000000000005,0.085,7,0,0,0,0.319,61.13,814,1.5,1
2023,5,1,6,0,9.8,0.08600000000000001,0,45,513,134,0.32,47.93,815,2,1
2023,5,1,7,0,13.3,0.08600000000000001,0,69,739,339,0.321,39,815,1.7000000000000002,1.1
2023,5,1,8,0,16.6,0.08700000000000001,0,84,849,546,0.321,31.29,815,2.1,1.1
2023,5,1,9,0,18.5,0.089,0,95,910,729,0.319,27.84,815,2.3000000000000003,1.1
2023,5,1,10,0,20.200000000000003,0.093,0,104,939,867,0.318,25.16,815,2.5,1.2000000000000002
2023,5,1,11,0,21.5,0.083,3,457,414,823,0.317,23.06,814,2.6,1.2000000000000002
2023,5,1,12,0,22.3,0.08600000000000001,8,236,751,919,0.315,21.72,814,2.8000000000000003,1.3
2023,5,1,13,0,22.3,0.092,3,512,263,744,0.314,21.7,814,2.7,1.3
2023,5,1,14,0,22,0.098,0,105,928,853,0.313,22.330000000000002,814,2.5,1.4000000000000001
2023,5,1,15,0,21.3,0.10400000000000001,3,297,551,676,0.313,23.86,813,2.2,1.5
2023,5,1,16,0,20.3,0.113,7,188,566,490,0.312,25.95,813,2.1,1.5
2023,5,1,17,0,18.6,0.123,3,186,233,269,0.311,31.14,813,2,1.6
2023,5,1,18,0,15.4,0.129,3,50,1,50,0.31,43.480000000000004,814,1.5,1.6
2023,5,1,19,0,13.100000000000001,0.129,1,0,0,0,0.309,47.35,814,1.7000000000000002,1.6
2023,5,1,20,0,11.8,0.127,1,0,0,0,0.308,50.730000000000004,815,1.5,1.6
2023,5,1,21,0,11,0.123,1,0,0,0,0.308,53.54,815,1.3,1.6
2023,5,1,22,0,10.4,0.115,3,0,0,0,0.308,55.910000000000004,815,1.1,1.6
2023,5,1,23,0,9.9,0.11,0,0,0,0,0.309,59.19,815,1.1,1.6
2023,5,2,0,0,9.4,0.10200000000000001,0,0,0,0,0.31,63.050000000000004,815,1.2000000000000002,1.6
2023,5,2,1,0,9,0.091,0,0,0,0,0.312,65.76,815,1.4000000000000001,1.6
2023,5,2,2,0,8.5,0.088,0,0,0,0,0.314,69.05,815,1.4000000000000001,1.6
2023,5,2,3,0,7.7,0.088,0,0,0,0,0.315,73.99,815,1.2000000000000002,1.6
2023,5,2,4,0,7,0.095,3,0,0,0,0.316,78.08,815,0.9,1.5
2023,5,2,5,0,7.300000000000001,0.10200000000000001,0,0,0,0,0.315,76.44,815,0.9,1.5
2023,5,2,6,0,9.8,0.109,7,74,14,76,0.313,65.24,816,1.8,1.6
2023,5,2,7,0,12.3,0.116,7,78,690,333,0.312,56.11,816,1.6,1.6
2023,5,2,8,0,15,0.121,7,98,801,536,0.31,48.31,815,1.7000000000000002,1.6
2023,5,2,9,0,17.3,0.126,8,216,655,673,0.309,43.1,815,2.6,1.7000000000000002
2023,5,2,10,0,19,0.132,7,204,767,829,0.309,39.76,815,3,1.8
2023,5,2,11,0,19.900000000000002,0.11,6,468,158,608,0.309,38.050000000000004,815,3,1.8
2023,5,2,12,0,20.1,0.11800000000000001,7,211,778,920,0.309,37.67,814,2.8000000000000003,1.9000000000000001
2023,5,2,13,0,20,0.116,7,420,308,692,0.31,37.95,814,2.5,1.9000000000000001
2023,5,2,14,0,19.8,0.116,9,33,0,33,0.312,38.15,814,2.1,1.9000000000000001
2023,5,2,15,0,19.3,0.112,6,141,2,142,0.313,39.15,814,1.7000000000000002,1.9000000000000001
2023,5,2,16,0,18.5,0.113,6,74,0,75,0.315,41.660000000000004,814,1.4000000000000001,1.9000000000000001
2023,5,2,17,0,17.1,0.125,6,6,0,6,0.316,49.74,815,1.4000000000000001,1.9000000000000001
2023,5,2,18,0,14.8,0.13,6,35,1,35,0.316,59.54,815,1,1.9000000000000001
2023,5,2,19,0,13,0.131,7,0,0,0,0.317,65.9,816,0.8,2
2023,5,2,20,0,12.200000000000001,0.138,7,0,0,0,0.319,69.55,817,0.7000000000000001,2
2023,5,2,21,0,11.600000000000001,0.135,7,0,0,0,0.321,71.52,817,0.6000000000000001,2
2023,5,2,22,0,10.9,0.131,8,0,0,0,0.324,74.05,817,0.9,2
2023,5,2,23,0,10.3,0.129,8,0,0,0,0.326,75.96000000000001,816,1.1,1.9000000000000001
2023,5,3,0,0,9.9,0.123,7,0,0,0,0.327,76.7,816,1.2000000000000002,1.8
2023,5,3,1,0,9.700000000000001,0.113,3,0,0,0,0.327,75.88,816,1.1,1.7000000000000002
2023,5,3,2,0,9.3,0.10300000000000001,3,0,0,0,0.326,75.48,815,0.9,1.6
2023,5,3,3,0,9,0.099,7,0,0,0,0.326,74.41,816,0.8,1.4000000000000001
2023,5,3,4,0,8.8,0.099,7,0,0,0,0.327,72.27,816,1.2000000000000002,1.3
2023,5,3,5,0,9.200000000000001,0.098,7,0,0,0,0.328,67.31,816,1.7000000000000002,1.3
2023,5,3,6,0,12,0.097,7,93,132,117,0.33,55.34,816,2.8000000000000003,1.2000000000000002
2023,5,3,7,0,15.200000000000001,0.097,7,171,324,291,0.332,42.410000000000004,816,2.6,1.1
2023,5,3,8,0,18.7,0.098,7,177,553,481,0.334,28.03,816,2.3000000000000003,1.1
2023,5,3,9,0,20.700000000000003,0.097,7,186,771,728,0.336,22.51,816,2.1,1
2023,5,3,10,0,22.3,0.095,0,108,941,878,0.338,19.41,816,1.8,1
2023,5,3,11,0,23.6,0.084,0,108,967,968,0.338,17.41,815,1.6,1
2023,5,3,12,0,24.6,0.08700000000000001,3,500,372,839,0.336,16.03,814,1.6,1
2023,5,3,13,0,25.1,0.092,0,112,958,962,0.334,15.38,814,1.8,1
2023,5,3,14,0,25,0.099,8,275,565,733,0.333,15.48,813,2,1.1
2023,5,3,15,0,24.200000000000003,0.11,3,411,189,542,0.333,16.6,813,2.2,1.2000000000000002
2023,5,3,16,0,22.8,0.116,7,231,32,248,0.332,18.92,813,2.1,1.3
2023,5,3,17,0,20.700000000000003,0.138,7,167,31,178,0.333,25.69,814,1.6,1.4000000000000001
2023,5,3,18,0,17.2,0.152,8,42,1,42,0.333,41.75,814,0.9,1.5
2023,5,3,19,0,15,0.148,5,0,0,0,0.336,48.730000000000004,815,1.4000000000000001,1.6
2023,5,3,20,0,13.8,0.14400000000000002,1,0,0,0,0.337,54.660000000000004,815,2.3000000000000003,1.7000000000000002
2023,5,3,21,0,12.600000000000001,0.14400000000000002,3,0,0,0,0.338,62.730000000000004,815,2.3000000000000003,1.6
2023,5,3,22,0,11.9,0.14200000000000002,1,0,0,0,0.337,67.57000000000001,814,2,1.5
2023,5,3,23,0,11,0.138,0,0,0,0,0.336,72.06,814,2,1.5
2023,5,4,0,0,10.600000000000001,0.133,0,0,0,0,0.334,74.27,813,2,1.5
2023,5,4,1,0,10.600000000000001,0.129,3,0,0,0,0.331,74.12,813,1.8,1.5
2023,5,4,2,0,10.600000000000001,0.125,7,0,0,0,0.329,73.42,812,1.5,1.5
2023,5,4,3,0,10.200000000000001,0.129,7,0,0,0,0.329,74.2,812,1.2000000000000002,1.5
2023,5,4,4,0,10.100000000000001,0.136,7,0,0,0,0.329,73.23,812,1.1,1.6
2023,5,4,5,0,10.4,0.138,3,0,0,0,0.329,70.67,812,1,1.7000000000000002
2023,5,4,6,0,12.100000000000001,0.138,7,57,418,134,0.331,64.54,813,1.2000000000000002,1.7000000000000002
2023,5,4,7,0,13.5,0.14100000000000001,7,162,363,298,0.333,58.84,813,1.8,1.7000000000000002
2023,5,4,8,0,15,0.14400000000000002,7,197,480,462,0.333,52.730000000000004,813,2.1,1.8
2023,5,4,9,0,15.9,0.14300000000000002,7,348,176,472,0.332,47.93,814,2.9000000000000004,1.7000000000000002
2023,5,4,10,0,16.400000000000002,0.135,6,393,55,438,0.331,44.18,814,3,1.7000000000000002
2023,5,4,11,0,17.3,0.111,6,447,40,483,0.33,38.97,813,2.5,1.6
2023,5,4,12,0,18.8,0.1,7,461,250,690,0.329,33.4,812,2,1.5
2023,5,4,13,0,20.3,0.094,0,110,947,952,0.329,29.52,812,2,1.5
2023,5,4,14,0,20.8,0.091,7,348,276,573,0.329,28.52,811,2.5,1.6
2023,5,4,15,0,19.900000000000002,0.10300000000000001,9,19,0,19,0.33,30.38,811,2.6,1.6
2023,5,4,16,0,18.6,0.108,7,241,315,412,0.329,33.7,811,1.9000000000000001,1.6
2023,5,4,17,0,17.2,0.111,1,78,685,326,0.327,39.480000000000004,811,0.8,1.6
2023,5,4,18,0,14.600000000000001,0.101,3,51,0,51,0.327,52.58,812,0.8,1.6
2023,5,4,19,0,11.9,0.09,3,0,0,0,0.325,62.36,812,1.3,1.6
2023,5,4,20,0,10.600000000000001,0.092,3,0,0,0,0.322,68.74,813,1.3,1.6
2023,5,4,21,0,9.700000000000001,0.091,3,0,0,0,0.318,72.2,813,1.1,1.6
2023,5,4,22,0,9.1,0.08600000000000001,3,0,0,0,0.314,73.48,813,0.8,1.5
2023,5,4,23,0,8.6,0.082,5,0,0,0,0.312,73.82000000000001,813,0.7000000000000001,1.4000000000000001
2023,5,5,0,0,8.200000000000001,0.081,0,0,0,0,0.311,73.33,813,0.8,1.4000000000000001
2023,5,5,1,0,7.5,0.081,5,0,0,0,0.31,73.37,813,1,1.3
2023,5,5,2,0,7,0.08,0,0,0,0,0.309,70.97,813,1.1,1.2000000000000002
2023,5,5,3,0,6.5,0.077,0,0,0,0,0.309,67.19,813,1.3,1.1
2023,5,5,4,0,6.2,0.073,0,0,0,0,0.31,62.410000000000004,813,1.4000000000000001,1
2023,5,5,5,0,7,0.069,0,0,0,0,0.312,56.410000000000004,813,1.6,0.9
2023,5,5,6,0,11.200000000000001,0.066,0,45,574,153,0.315,41.33,813,2.5,0.8
2023,5,5,7,0,15,0.064,0,65,788,363,0.318,29.830000000000002,813,1.1,0.8
2023,5,5,8,0,17.7,0.064,0,77,890,571,0.318,22.39,812,0.9,0.8
2023,5,5,9,0,19.6,0.065,0,86,951,759,0.315,18.64,812,1.5,0.7000000000000001
2023,5,5,10,0,21.200000000000003,0.068,1,94,976,896,0.312,16.080000000000002,812,2.1,0.8
2023,5,5,11,0,22.5,0.068,3,388,586,912,0.309,14.15,811,2.9000000000000004,0.8
2023,5,5,12,0,23,0.07200000000000001,7,448,279,704,0.309,13.05,810,3.6,0.8
2023,5,5,13,0,22.5,0.076,6,479,161,623,0.308,13.09,810,4.1000000000000005,0.8
2023,5,5,14,0,21.200000000000003,0.077,7,250,625,760,0.308,14.83,810,4.2,0.9
2023,5,5,15,0,19.8,0.074,7,223,6,228,0.307,17.97,810,4.6000000000000005,1
2023,5,5,16,0,18.5,0.065,7,250,47,275,0.307,21.44,811,4.7,1
2023,5,5,17,0,16.900000000000002,0.059000000000000004,1,62,778,346,0.307,25.310000000000002,811,4.2,0.9
2023,5,5,18,0,13.8,0.058,1,42,556,139,0.306,36.49,812,2.4000000000000004,0.9
2023,5,5,19,0,10.3,0.059000000000000004,1,0,0,0,0.305,48.09,812,1.8,0.9
2023,5,5,20,0,9,0.06,0,0,0,0,0.305,52.35,813,1.3,0.9
2023,5,5,21,0,8,0.06,0,0,0,0,0.305,55.65,813,0.8,0.9
2023,5,5,22,0,7.2,0.06,0,0,0,0,0.304,57.52,813,0.6000000000000001,0.9
2023,5,5,23,0,7,0.061,0,0,0,0,0.304,56.74,813,0.6000000000000001,0.9
2023,5,6,0,0,6.5,0.061,0,0,0,0,0.303,56.94,813,0.9,0.9
2023,5,6,1,0,5.9,0.061,0,0,0,0,0.302,57.33,813,1,0.9
2023,5,6,2,0,5.5,0.062,0,0,0,0,0.302,56.79,813,1.1,0.9
2023,5,6,3,0,5,0.062,0,0,0,0,0.302,56.75,813,1.3,0.9
2023,5,6,4,0,4.6000000000000005,0.063,0,0,0,0,0.304,57.22,813,1.5,0.8
2023,5,6,5,0,5.5,0.065,0,0,0,0,0.305,54.85,813,2.3000000000000003,0.8
2023,5,6,6,0,8.6,0.064,0,45,588,157,0.306,46.800000000000004,814,3.5,0.7000000000000001
2023,5,6,7,0,11.8,0.061,0,64,799,369,0.307,36.13,814,3.5,0.7000000000000001
2023,5,6,8,0,14.200000000000001,0.06,0,76,906,582,0.308,27.3,814,3,0.6000000000000001
2023,5,6,9,0,16.1,0.059000000000000004,5,403,295,612,0.311,21.5,814,2.7,0.6000000000000001
2023,5,6,10,0,17.7,0.058,3,310,694,882,0.309,17.93,814,2.4000000000000004,0.6000000000000001
2023,5,6,11,0,19,0.059000000000000004,3,423,530,899,0.306,15.700000000000001,813,2.1,0.6000000000000001
2023,5,6,12,0,20.1,0.056,1,93,1013,1024,0.305,14.25,813,1.9000000000000001,0.7000000000000001
2023,5,6,13,0,20.8,0.057,1,92,1007,990,0.304,13.57,813,1.9000000000000001,0.7000000000000001
2023,5,6,14,0,20.900000000000002,0.057,8,203,745,811,0.304,13.540000000000001,813,1.9000000000000001,0.7000000000000001
2023,5,6,15,0,20.400000000000002,0.07,8,213,689,694,0.305,14.16,812,1.9000000000000001,0.8
2023,5,6,16,0,19.3,0.08600000000000001,6,213,18,223,0.304,15.63,812,1.6,0.8
2023,5,6,17,0,17.6,0.08700000000000001,7,192,179,258,0.303,21.76,813,1.2000000000000002,0.9
2023,5,6,18,0,14.8,0.08600000000000001,7,91,85,106,0.303,34.660000000000004,813,1,0.9
2023,5,6,19,0,12.100000000000001,0.081,8,0,0,0,0.306,38.97,814,1.1,0.9
2023,5,6,20,0,10.3,0.073,3,0,0,0,0.308,43.24,815,0.9,0.9
2023,5,6,21,0,8.8,0.07100000000000001,8,0,0,0,0.309,47.78,815,0.8,0.9
2023,5,6,22,0,8,0.069,3,0,0,0,0.309,49.32,815,0.9,0.9
2023,5,6,23,0,7.4,0.067,5,0,0,0,0.309,50.2,815,1,0.9
2023,5,7,0,0,6.7,0.066,3,0,0,0,0.309,52.1,814,1.1,0.9
2023,5,7,1,0,6.1000000000000005,0.065,0,0,0,0,0.308,53.32,814,1.1,0.9
2023,5,7,2,0,5.7,0.061,0,0,0,0,0.306,53.300000000000004,814,1.1,0.9
2023,5,7,3,0,5.4,0.052000000000000005,0,0,0,0,0.305,53.17,814,1.1,0.9
2023,5,7,4,0,5.2,0.062,4,0,0,0,0.303,53.1,814,1.1,1
2023,5,7,5,0,6.7,0.088,8,0,0,0,0.301,51.300000000000004,814,1.2000000000000002,1.1
2023,5,7,6,0,9,0.096,8,3,0,3,0.303,49.02,815,1.2000000000000002,1.1
2023,5,7,7,0,12.3,0.096,3,75,737,358,0.307,37.58,815,1.5,1.1
2023,5,7,8,0,15.100000000000001,0.105,7,197,585,525,0.31,30.26,814,1.4000000000000001,1.1
2023,5,7,9,0,16.8,0.105,7,309,328,543,0.313,27,814,1.6,1.1
2023,5,7,10,0,17.8,0.105,6,396,51,438,0.314,25.54,814,1.9000000000000001,1.1
2023,5,7,11,0,18.6,0.095,7,455,33,485,0.314,24.45,814,2.5,1.1
2023,5,7,12,0,19.1,0.1,7,401,24,423,0.315,23.62,814,3,1.1
2023,5,7,13,0,19.400000000000002,0.111,7,345,507,798,0.314,22.86,814,3,1.1
2023,5,7,14,0,19.1,0.111,7,383,54,427,0.313,22.81,814,2.7,1.1
2023,5,7,15,0,18.2,0.113,7,276,451,592,0.314,23.7,814,2.1,1.1
2023,5,7,16,0,17.3,0.11,7,214,425,446,0.317,25.07,815,1.5,1.1
2023,5,7,17,0,16.2,0.106,7,128,16,134,0.321,27.53,815,1,1.1
2023,5,7,18,0,13.8,0.101,7,79,14,82,0.324,40.14,816,0.5,1.1
2023,5,7,19,0,11,0.091,7,0,0,0,0.327,46.27,816,0.5,1.1
2023,5,7,20,0,9.600000000000001,0.085,5,0,0,0,0.327,51.06,817,0.4,1.1
2023,5,7,21,0,8.6,0.081,5,0,0,0,0.325,55.36,817,0.30000000000000004,1.1
2023,5,7,22,0,7.800000000000001,0.078,5,0,0,0,0.321,58.910000000000004,817,0.2,1.1
2023,5,7,23,0,7.1000000000000005,0.078,5,0,0,0,0.318,61.88,817,0.4,1
2023,5,8,0,0,6.5,0.08,4,0,0,0,0.316,63.980000000000004,817,0.7000000000000001,1
2023,5,8,1,0,5.9,0.084,3,0,0,0,0.314,65.07000000000001,817,0.8,1
2023,5,8,2,0,5.4,0.08700000000000001,1,0,0,0,0.312,65.37,817,1,0.9
2023,5,8,3,0,4.800000000000001,0.088,0,0,0,0,0.31,66.11,817,1.2000000000000002,0.9
2023,5,8,4,0,4.4,0.084,0,0,0,0,0.309,66.73,817,1.4000000000000001,0.9
2023,5,8,5,0,5.5,0.081,0,0,0,0,0.31,63.22,818,1.8,0.9
2023,5,8,6,0,9,0.078,0,49,560,160,0.311,51.77,818,2.7,0.9
2023,5,8,7,0,12.9,0.076,0,70,775,370,0.312,38.13,818,1.9000000000000001,0.8
2023,5,8,8,0,16,0.075,0,83,878,578,0.314,28.29,817,1.4000000000000001,0.8
2023,5,8,9,0,18.400000000000002,0.075,0,93,935,760,0.315,22.69,817,1.5,0.8
2023,5,8,10,0,20.3,0.074,0,98,965,898,0.315,19.36,817,1.9000000000000001,0.9
2023,5,8,11,0,21.900000000000002,0.059000000000000004,7,356,463,773,0.314,17.23,816,2.2,1
2023,5,8,12,0,23,0.062,7,378,434,779,0.312,15.91,815,2.5,1
2023,5,8,13,0,23.200000000000003,0.066,7,456,295,720,0.31,15.77,815,2.7,1.1
2023,5,8,14,0,22.5,0.076,7,399,212,573,0.307,17.16,815,2.8000000000000003,1.2000000000000002
2023,5,8,15,0,21.5,0.083,8,210,680,688,0.305,19.84,815,2.6,1.3
2023,5,8,16,0,20.400000000000002,0.083,8,274,147,354,0.303,23.11,815,2.4000000000000004,1.3
2023,5,8,17,0,19,0.08600000000000001,7,7,0,7,0.302,27.7,815,2.4000000000000004,1.4000000000000001
2023,5,8,18,0,16.3,0.083,7,57,4,58,0.301,39.02,815,1.9000000000000001,1.4000000000000001
2023,5,8,19,0,14,0.08,8,0,0,0,0.301,44.61,816,2,1.4000000000000001
2023,5,8,20,0,13.100000000000001,0.08,7,0,0,0,0.301,46.76,816,2.1,1.4000000000000001
2023,5,8,21,0,12,0.076,1,0,0,0,0.3,49.61,816,2.2,1.4000000000000001
2023,5,8,22,0,10.700000000000001,0.066,1,0,0,0,0.299,53.81,816,1.9000000000000001,1.3
2023,5,8,23,0,9.4,0.058,0,0,0,0,0.298,57.83,816,1.5,1.2000000000000002
2023,5,9,0,0,8.200000000000001,0.055,0,0,0,0,0.298,60.480000000000004,815,1.1,1.1
2023,5,9,1,0,7.5,0.058,0,0,0,0,0.298,60.17,815,0.9,1
2023,5,9,2,0,7.1000000000000005,0.063,0,0,0,0,0.298,58.28,815,1.1,0.9
2023,5,9,3,0,6.9,0.067,0,0,0,0,0.298,55.39,815,1.6,0.8
2023,5,9,4,0,6.4,0.069,0,0,0,0,0.299,53.95,815,2,0.8
2023,5,9,5,0,7.5,0.07,0,0,0,0,0.299,49.72,816,2.3000000000000003,0.8
2023,5,9,6,0,11.4,0.07,0,47,589,165,0.3,39.29,816,2.8000000000000003,0.8
2023,5,9,7,0,15.3,0.07,0,67,789,374,0.302,30.76,817,1.9000000000000001,0.8
2023,5,9,8,0,18.5,0.07100000000000001,0,80,882,579,0.304,24.45,817,1.1,0.9
2023,5,9,9,0,20.700000000000003,0.07200000000000001,0,89,937,760,0.304,21.03,817,1.3,0.9
2023,5,9,10,0,22.400000000000002,0.076,0,97,967,900,0.304,18.66,816,1.9000000000000001,0.9
2023,5,9,11,0,23.900000000000002,0.07,8,188,826,934,0.303,16.59,816,2.2,1
2023,5,9,12,0,25,0.07100000000000001,7,388,447,802,0.303,14.96,815,2.3000000000000003,1
2023,5,9,13,0,25.6,0.07200000000000001,7,457,97,544,0.304,14.02,815,2.4000000000000004,1
2023,5,9,14,0,25.8,0.079,7,207,668,757,0.304,13.450000000000001,814,2.4000000000000004,1
2023,5,9,15,0,25.400000000000002,0.085,7,329,50,364,0.304,13.540000000000001,814,2.5,1
2023,5,9,16,0,24.400000000000002,0.093,8,198,557,505,0.304,14.44,814,2.6,1.1
2023,5,9,17,0,22.6,0.106,6,7,0,7,0.304,17.39,814,2.5,1.2000000000000002
2023,5,9,18,0,18.8,0.115,3,102,40,109,0.304,29.19,815,2.2,1.2000000000000002
2023,5,9,19,0,15.700000000000001,0.116,3,0,0,0,0.306,36.43,816,2.1,1.3
2023,5,9,20,0,14,0.11800000000000001,3,0,0,0,0.307,42.34,816,1.9000000000000001,1.3
2023,5,9,21,0,12.600000000000001,0.112,4,0,0,0,0.308,48.81,817,1.3,1.3
2023,5,9,22,0,11.5,0.098,1,0,0,0,0.31,55.5,817,1,1.3
2023,5,9,23,0,10.4,0.094,3,0,0,0,0.312,64.6,816,0.9,1.3
2023,5,10,0,0,10.100000000000001,0.093,3,0,0,0,0.314,73.19,815,0.9,1.2000000000000002
2023,5,10,1,0,9.700000000000001,0.085,0,0,0,0,0.315,79.49,815,0.8,1.1
2023,5,10,2,0,8.9,0.08700000000000001,0,0,0,0,0.317,82.68,814,0.7000000000000001,1
2023,5,10,3,0,8.4,0.08700000000000001,1,0,0,0,0.319,83.18,814,0.8,1
2023,5,10,4,0,8.4,0.088,0,0,0,0,0.32,80.77,815,0.9,1
2023,5,10,5,0,9.5,0.099,0,11,75,12,0.321,75.08,815,0.9,1
2023,5,10,6,0,11.9,0.107,0,55,528,162,0.321,69.17,815,1.5,1
2023,5,10,7,0,14,0.10300000000000001,3,94,0,94,0.322,57.230000000000004,815,1.7000000000000002,1.1
2023,5,10,8,0,16.400000000000002,0.094,4,76,0,76,0.322,41.15,815,1.8,1.1
2023,5,10,9,0,18.2,0.088,3,98,0,98,0.321,34.03,815,1.9000000000000001,1.1
2023,5,10,10,0,19.6,0.085,3,138,0,138,0.32,30.38,815,2.2,1.1
2023,5,10,11,0,20.700000000000003,0.081,4,170,0,170,0.316,27.97,815,2.9000000000000004,1.2000000000000002
2023,5,10,12,0,21.200000000000003,0.08600000000000001,4,136,0,136,0.311,26.47,814,3.4000000000000004,1.2000000000000002
2023,5,10,13,0,21.3,0.091,6,350,9,358,0.309,25.61,813,3.8000000000000003,1.3
2023,5,10,14,0,21,0.107,9,33,0,33,0.312,26.240000000000002,813,3.9000000000000004,1.4000000000000001
2023,5,10,15,0,20,0.139,6,21,0,21,0.316,29.39,812,3.9000000000000004,1.5
2023,5,10,16,0,18,0.17400000000000002,9,14,0,14,0.317,36.85,812,3.5,1.7000000000000002
2023,5,10,17,0,14.600000000000001,0.211,9,7,0,7,0.311,54.72,812,2.6,2
2023,5,10,18,0,11,0.15,9,4,0,4,0.304,76.09,812,1.2000000000000002,2.2
2023,5,10,19,0,8.6,0.115,7,0,0,0,0.299,84.34,812,1.7000000000000002,2.2
2023,5,10,20,0,7.5,0.126,7,0,0,0,0.3,83.92,813,2.9000000000000004,2.2
2023,5,10,21,0,7.2,0.128,6,0,0,0,0.307,80.34,813,3.6,1.9000000000000001
2023,5,10,22,0,7.1000000000000005,0.11900000000000001,9,0,0,0,0.314,77.55,813,3.7,1.7000000000000002
2023,5,10,23,0,7.7,0.106,6,0,0,0,0.322,75.42,813,3,1.5
2023,5,11,0,0,8,0.099,9,0,0,0,0.329,74.79,812,1.7000000000000002,1.4000000000000001
2023,5,11,1,0,8.1,0.105,6,0,0,0,0.331,74.83,812,0.8,1.4000000000000001
2023,5,11,2,0,8,0.112,1,0,0,0,0.333,74.84,812,0.7000000000000001,1.4000000000000001
2023,5,11,3,0,7.6000000000000005,0.123,6,0,0,0,0.334,76.49,812,0.8,1.5
2023,5,11,4,0,7.1000000000000005,0.14,6,0,0,0,0.335,79.23,811,1.2000000000000002,1.5
2023,5,11,5,0,6.800000000000001,0.146,6,2,0,2,0.333,80.29,811,1.6,1.6
2023,5,11,6,0,6.9,0.126,7,97,16,100,0.329,80.96000000000001,812,1.6,1.7000000000000002
2023,5,11,7,0,6.4,0.10300000000000001,6,5,0,5,0.327,81.81,812,2.8000000000000003,1.7000000000000002
2023,5,11,8,0,6.4,0.109,6,27,0,27,0.326,79.74,812,3.1,1.7000000000000002
2023,5,11,9,0,6.800000000000001,0.109,6,54,0,54,0.324,77.29,813,3.2,1.6
2023,5,11,10,0,7.6000000000000005,0.111,7,289,6,295,0.327,74.99,813,3.8000000000000003,1.6
2023,5,11,11,0,8.8,0.241,6,236,1,237,0.33,71.75,813,4.5,1.6
2023,5,11,12,0,10,0.20700000000000002,6,280,2,282,0.332,67.47,813,5,1.6
2023,5,11,13,0,10.100000000000001,0.146,6,140,0,140,0.33,66.19,812,5.300000000000001,1.6
2023,5,11,14,0,9.4,0.1,9,112,0,112,0.327,69.09,812,5.300000000000001,1.7000000000000002
2023,5,11,15,0,9,0.084,9,87,0,87,0.326,71.59,812,5,1.7000000000000002
2023,5,11,16,0,8.6,0.078,9,62,0,62,0.325,74.58,812,4.800000000000001,1.7000000000000002
2023,5,11,17,0,8.200000000000001,0.083,6,44,0,44,0.325,77.5,813,4.2,1.7000000000000002
2023,5,11,18,0,7.6000000000000005,0.095,9,10,0,10,0.326,80.93,813,3.3000000000000003,1.7000000000000002
2023,5,11,19,0,7.300000000000001,0.114,9,0,0,0,0.328,82.53,814,2.5,1.7000000000000002
2023,5,11,20,0,7.300000000000001,0.121,6,0,0,0,0.327,82.17,814,2.9000000000000004,1.8
2023,5,11,21,0,7.4,0.115,6,0,0,0,0.327,81.2,814,3.4000000000000004,1.8
2023,5,11,22,0,7.4,0.10300000000000001,6,0,0,0,0.327,80.97,814,3.5,1.8
2023,5,11,23,0,7.4,0.091,7,0,0,0,0.328,80.44,814,3.4000000000000004,1.8
2023,5,12,0,0,7.300000000000001,0.076,9,0,0,0,0.328,80.29,814,3.2,1.8
2023,5,12,1,0,7.2,0.063,6,0,0,0,0.327,79.61,814,3.2,1.8
2023,5,12,2,0,7.2,0.053,6,0,0,0,0.325,78.25,814,3.4000000000000004,1.8
2023,5,12,3,0,7.300000000000001,0.046,7,0,0,0,0.323,76.59,814,3.7,1.8
2023,5,12,4,0,7.1000000000000005,0.04,7,0,0,0,0.32,76.62,814,3.9000000000000004,1.8
2023,5,12,5,0,7.2,0.038,7,6,0,6,0.319,76,815,4.2,1.8
2023,5,12,6,0,7.7,0.04,7,106,94,126,0.319,74.59,816,4.5,1.7000000000000002
2023,5,12,7,0,8.4,0.041,8,182,125,232,0.319,72.36,817,4.6000000000000005,1.7000000000000002
2023,5,12,8,0,9.4,0.039,8,241,84,289,0.319,67.8,817,4.9,1.7000000000000002
2023,5,12,9,0,10.8,0.038,8,216,558,619,0.318,60.88,817,5.2,1.7000000000000002
2023,5,12,10,0,12.3,0.038,8,362,233,557,0.317,54.69,817,5.5,1.7000000000000002
2023,5,12,11,0,13.5,0.076,8,389,372,727,0.317,50.910000000000004,818,5.5,1.7000000000000002
2023,5,12,12,0,14.5,0.069,4,455,15,469,0.316,48.38,818,5.4,1.7000000000000002
2023,5,12,13,0,15.200000000000001,0.062,5,353,2,355,0.317,47.09,818,5.2,1.7000000000000002
2023,5,12,14,0,15.5,0.058,4,416,35,445,0.317,46.93,818,5,1.7000000000000002
2023,5,12,15,0,15.200000000000001,0.057,3,331,432,638,0.317,48.58,819,4.800000000000001,1.7000000000000002
2023,5,12,16,0,14.5,0.057,4,187,1,188,0.318,51.72,819,4.7,1.8
2023,5,12,17,0,13.3,0.062,4,115,1,115,0.319,57.38,820,4.3,1.8
2023,5,12,18,0,11.3,0.07,4,5,0,5,0.32,67.56,820,3.2,1.8
2023,5,12,19,0,9,0.075,4,0,0,0,0.321,78.54,821,1.8,1.7000000000000002
2023,5,12,20,0,8,0.083,4,0,0,0,0.321,83.2,822,1.2000000000000002,1.7000000000000002
2023,5,12,21,0,7.300000000000001,0.079,3,0,0,0,0.321,84.98,822,1,1.6
2023,5,12,22,0,6.7,0.07100000000000001,3,0,0,0,0.32,86.76,822,0.9,1.6
2023,5,12,23,0,6.1000000000000005,0.069,4,0,0,0,0.318,88.43,822,1,1.5
2023,5,13,0,0,5.7,0.064,4,0,0,0,0.318,88.43,822,1.1,1.4000000000000001
2023,5,13,1,0,5.2,0.056,4,0,0,0,0.317,88.46000000000001,822,1.3,1.4000000000000001
2023,5,13,2,0,5,0.058,7,0,0,0,0.317,86.55,822,1.1,1.4000000000000001
2023,5,13,3,0,5.1000000000000005,0.064,7,0,0,0,0.314,83.14,822,0.9,1.4000000000000001
2023,5,13,4,0,4.9,0.066,7,0,0,0,0.313,81.7,822,0.9,1.4000000000000001
2023,5,13,5,0,5.9,0.069,8,8,0,8,0.311,78.39,822,0.9,1.4000000000000001
2023,5,13,6,0,9,0.07100000000000001,5,106,178,144,0.311,64.76,822,1.9000000000000001,1.4000000000000001
2023,5,13,7,0,10.700000000000001,0.075,0,69,767,375,0.31,55.910000000000004,823,3,1.4000000000000001
2023,5,13,8,0,12.200000000000001,0.08600000000000001,3,325,200,440,0.309,50.84,823,3.3000000000000003,1.4000000000000001
2023,5,13,9,0,13.5,0.093,7,321,154,433,0.308,48.15,823,3.2,1.4000000000000001
2023,5,13,10,0,15,0.094,7,397,61,449,0.308,45.52,823,3,1.4000000000000001
2023,5,13,11,0,16.1,0.08,7,465,133,586,0.308,43.87,822,2.9000000000000004,1.4000000000000001
2023,5,13,12,0,16.6,0.077,7,438,25,462,0.307,43.79,822,2.9000000000000004,1.5
2023,5,13,13,0,16.400000000000002,0.079,7,366,12,377,0.306,45.69,822,3.2,1.5
2023,5,13,14,0,15.8,0.084,7,188,1,189,0.304,48.9,822,3.4000000000000004,1.6
2023,5,13,15,0,15,0.085,7,96,0,97,0.303,52.77,823,3.4000000000000004,1.6
2023,5,13,16,0,14,0.083,8,11,0,11,0.303,57.230000000000004,823,3.3000000000000003,1.7000000000000002
2023,5,13,17,0,12.8,0.091,8,7,0,7,0.303,63.09,823,2.9000000000000004,1.6
2023,5,13,18,0,11.4,0.088,6,4,0,4,0.303,72.48,824,2,1.6
2023,5,13,19,0,10.200000000000001,0.076,4,0,0,0,0.303,79.65,824,1.4000000000000001,1.5
2023,5,13,20,0,9.700000000000001,0.078,4,0,0,0,0.303,81.74,825,1.4000000000000001,1.5
2023,5,13,21,0,9.3,0.074,4,0,0,0,0.304,83.24,825,1.3,1.5
2023,5,13,22,0,8.8,0.069,4,0,0,0,0.306,85.23,825,1.2000000000000002,1.4000000000000001
2023,5,13,23,0,8.4,0.08700000000000001,4,0,0,0,0.308,86.54,825,1.2000000000000002,1.4000000000000001
2023,5,14,0,0,8.1,0.083,4,0,0,0,0.31,87.41,825,1.2000000000000002,1.4000000000000001
2023,5,14,1,0,8,0.07200000000000001,4,0,0,0,0.311,87.53,825,1.3,1.4000000000000001
2023,5,14,2,0,7.9,0.097,4,0,0,0,0.312,87.64,825,1.3,1.4000000000000001
2023,5,14,3,0,7.800000000000001,0.099,4,0,0,0,0.312,87.97,825,1.4000000000000001,1.4000000000000001
2023,5,14,4,0,7.9,0.088,4,0,0,0,0.313,87.43,825,1.4000000000000001,1.5
2023,5,14,5,0,8.200000000000001,0.099,4,6,0,6,0.314,86.93,825,1.6,1.5
2023,5,14,6,0,9,0.096,4,74,1,74,0.315,84.92,826,1.8,1.5
2023,5,14,7,0,9.9,0.084,3,183,421,352,0.315,81.96000000000001,826,2,1.6
2023,5,14,8,0,11.100000000000001,0.081,4,238,4,240,0.315,76.27,827,2.4000000000000004,1.6
2023,5,14,9,0,13.100000000000001,0.07200000000000001,3,347,17,360,0.313,66.13,827,2.7,1.6
2023,5,14,10,0,14.700000000000001,0.062,3,405,14,417,0.31,58.5,827,2.9000000000000004,1.6
2023,5,14,11,0,15.700000000000001,0.07,4,126,0,126,0.308,54.38,827,3.1,1.6
2023,5,14,12,0,16.400000000000002,0.068,4,215,0,215,0.304,52.410000000000004,827,3.2,1.6
2023,5,14,13,0,16.8,0.063,4,262,0,262,0.301,51.480000000000004,827,3.1,1.6
2023,5,14,14,0,16.7,0.074,3,441,85,512,0.299,51.980000000000004,827,3,1.6
2023,5,14,15,0,16.1,0.074,4,100,0,100,0.299,53.96,827,3,1.7000000000000002
2023,5,14,16,0,15.200000000000001,0.073,4,219,2,220,0.299,57.28,827,3,1.7000000000000002
2023,5,14,17,0,13.700000000000001,0.082,4,58,0,58,0.299,63.79,827,2.9000000000000004,1.8
2023,5,14,18,0,11.9,0.094,4,22,0,22,0.298,73.88,828,2.6,1.8
2023,5,14,19,0,10.5,0.088,4,0,0,0,0.299,82.27,828,2.5,1.9000000000000001
2023,5,14,20,0,9.9,0.10300000000000001,4,0,0,0,0.299,84.31,829,2.6,1.9000000000000001
2023,5,14,21,0,9.4,0.088,4,0,0,0,0.3,84.98,829,2.6,1.8
2023,5,14,22,0,8.9,0.077,4,0,0,0,0.299,85.02,829,2.5,1.8
2023,5,14,23,0,8.5,0.092,4,0,0,0,0.299,84.91,829,2.1,1.8
2023,5,15,0,0,8.1,0.094,4,0,0,0,0.299,85.2,829,1.8,1.8
2023,5,15,1,0,7.800000000000001,0.089,4,0,0,0,0.298,85.26,829,1.5,1.8
2023,5,15,2,0,7.6000000000000005,0.10300000000000001,1,0,0,0,0.296,85.06,828,1.2000000000000002,1.8
2023,5,15,3,0,7.2,0.109,4,0,0,0,0.295,86.22,828,0.7000000000000001,1.8
2023,5,15,4,0,6.9,0.10300000000000001,4,0,0,0,0.294,86.83,828,0.5,1.8
2023,5,15,5,0,7.300000000000001,0.1,0,14,113,18,0.294,85.01,828,0.7000000000000001,1.7000000000000002
2023,5,15,6,0,9.200000000000001,0.091,3,105,8,107,0.293,77.55,828,0.9,1.7000000000000002
2023,5,15,7,0,12.200000000000001,0.083,3,229,106,272,0.293,65.56,828,1.3,1.7000000000000002
2023,5,15,8,0,14.700000000000001,0.084,3,325,81,372,0.294,54.58,828,1.8,1.7000000000000002
2023,5,15,9,0,16.400000000000002,0.084,4,396,100,469,0.295,48.65,828,2,1.6
2023,5,15,10,0,17.900000000000002,0.083,4,182,0,182,0.297,44.54,827,2.2,1.6
2023,5,15,11,0,19.1,0.085,4,276,0,276,0.297,41.7,827,2.3000000000000003,1.7000000000000002
2023,5,15,12,0,19.700000000000003,0.085,3,196,0,196,0.297,40.61,827,2.4000000000000004,1.7000000000000002
2023,5,15,13,0,20,0.082,5,233,0,234,0.295,40.31,826,2.3000000000000003,1.8
2023,5,15,14,0,19.700000000000003,0.082,3,107,0,107,0.292,41.5,826,2,1.8
2023,5,15,15,0,18.8,0.08,3,34,0,34,0.289,44.47,825,1.7000000000000002,1.9000000000000001
2023,5,15,16,0,17.7,0.076,3,192,1,192,0.28700000000000003,48.370000000000005,825,1.4000000000000001,1.9000000000000001
2023,5,15,17,0,16.5,0.076,8,182,71,210,0.28600000000000003,53.13,825,1.1,1.9000000000000001
2023,5,15,18,0,14.9,0.07200000000000001,4,5,0,5,0.28400000000000003,64.44,825,0.5,1.9000000000000001
2023,5,15,19,0,12.5,0.064,4,0,0,0,0.28400000000000003,72.83,825,0.7000000000000001,1.8
2023,5,15,20,0,10.9,0.057,3,0,0,0,0.28400000000000003,78.36,825,0.8,1.7000000000000002
2023,5,15,21,0,9.9,0.052000000000000005,0,0,0,0,0.28400000000000003,81.09,825,1,1.6
2023,5,15,22,0,9.3,0.049,0,0,0,0,0.28400000000000003,82.53,825,1.3,1.5
2023,5,15,23,0,9.3,0.047,3,0,0,0,0.28400000000000003,80.93,824,1.7000000000000002,1.5
2023,5,16,0,0,9.5,0.045,1,0,0,0,0.28500000000000003,78.08,824,2.2,1.4000000000000001
2023,5,16,1,0,9.3,0.044,0,0,0,0,0.28400000000000003,76.24,823,2.6,1.4000000000000001
2023,5,16,2,0,9,0.044,0,0,0,0,0.28400000000000003,74.87,823,2.8000000000000003,1.3
2023,5,16,3,0,8.9,0.045,0,0,0,0,0.28500000000000003,73.25,823,2.9000000000000004,1.3
2023,5,16,4,0,8.700000000000001,0.046,3,0,0,0,0.28500000000000003,72.88,823,2.9000000000000004,1.3
2023,5,16,5,0,9.9,0.048,0,14,207,21,0.28500000000000003,68.06,823,3.1,1.3
2023,5,16,6,0,13.200000000000001,0.051000000000000004,3,106,209,152,0.28600000000000003,57.57,823,3.5,1.3
2023,5,16,7,0,17.1,0.055,0,63,801,388,0.28600000000000003,45.33,823,2.9000000000000004,1.3
2023,5,16,8,0,19.700000000000003,0.059000000000000004,0,75,882,587,0.28500000000000003,36,823,3.2,1.4000000000000001
2023,5,16,9,0,21.1,0.063,0,85,930,764,0.28300000000000003,32.95,823,2.8000000000000003,1.4000000000000001
2023,5,16,10,0,22.200000000000003,0.066,8,156,840,864,0.28,31.080000000000002,822,2.3000000000000003,1.5
2023,5,16,11,0,23.200000000000003,0.061,8,181,821,930,0.278,29.52,822,2,1.5
2023,5,16,12,0,23.700000000000003,0.063,3,417,516,900,0.275,28.64,821,1.9000000000000001,1.6
2023,5,16,13,0,23.900000000000002,0.065,8,416,322,708,0.273,28.3,821,1.7000000000000002,1.6
2023,5,16,14,0,23.6,0.077,8,325,467,715,0.272,28.75,820,1.6,1.7000000000000002
2023,5,16,15,0,22.8,0.091,7,194,711,705,0.272,29.95,820,1.6,1.8
2023,5,16,16,0,21.6,0.094,8,11,0,11,0.273,33.34,820,1.4000000000000001,1.8
2023,5,16,17,0,20.200000000000003,0.097,8,139,520,342,0.274,39.02,820,1,1.8
2023,5,16,18,0,18,0.089,8,98,55,109,0.275,54.9,820,0.5,1.8
2023,5,16,19,0,15.9,0.076,5,5,0,5,0.277,56.13,820,0.7000000000000001,1.7000000000000002
2023,5,16,20,0,14.4,0.07,5,0,0,0,0.279,60.49,821,0.7000000000000001,1.7000000000000002
2023,5,16,21,0,12.700000000000001,0.07,1,0,0,0,0.28,67.57000000000001,821,0.9,1.6
2023,5,16,22,0,11.5,0.07100000000000001,0,0,0,0,0.28,71.36,821,1,1.6
2023,5,16,23,0,10.600000000000001,0.07100000000000001,0,0,0,0,0.281,73.08,820,1.2000000000000002,1.6
2023,5,17,0,0,9.9,0.07,0,0,0,0,0.281,74.17,820,1.3,1.6
2023,5,17,1,0,9.200000000000001,0.07,0,0,0,0,0.28200000000000003,75.62,820,1.3,1.6
2023,5,17,2,0,8.700000000000001,0.07100000000000001,0,0,0,0,0.28300000000000003,75.82000000000001,820,1.4000000000000001,1.6
2023,5,17,3,0,8.3,0.07200000000000001,0,0,0,0,0.28400000000000003,75.3,819,1.4000000000000001,1.6
2023,5,17,4,0,8,0.073,0,0,0,0,0.28500000000000003,74.54,819,1.4000000000000001,1.6
2023,5,17,5,0,9.8,0.075,1,15,173,21,0.28600000000000003,69.61,819,1.5,1.5
2023,5,17,6,0,14.4,0.078,0,50,589,180,0.28700000000000003,54.02,819,2.4000000000000004,1.5
2023,5,17,7,0,18,0.08600000000000001,1,73,758,382,0.28700000000000003,40,819,1.9000000000000001,1.5
2023,5,17,8,0,20.5,0.092,3,241,583,580,0.28700000000000003,32.17,819,1.6,1.5
2023,5,17,9,0,21.8,0.097,3,380,347,634,0.28700000000000003,29.73,818,1.7000000000000002,1.5
2023,5,17,10,0,22.6,0.10400000000000001,3,436,381,757,0.28800000000000003,28.52,818,1.5,1.6
2023,5,17,11,0,23.1,0.089,7,410,345,725,0.28800000000000003,28.01,818,1.1,1.6
2023,5,17,12,0,23.3,0.099,7,379,462,812,0.289,28.150000000000002,817,0.7000000000000001,1.7000000000000002
2023,5,17,13,0,23,0.111,8,331,531,814,0.289,29.36,817,0.7000000000000001,1.8
2023,5,17,14,0,22.1,0.156,5,43,0,43,0.29,31.720000000000002,817,1,1.8
2023,5,17,15,0,21,0.166,1,130,824,723,0.291,34.660000000000004,816,1.4000000000000001,1.9000000000000001
2023,5,17,16,0,19.900000000000002,0.152,3,111,770,549,0.291,38.58,816,1.5,1.9000000000000001
2023,5,17,17,0,18.7,0.133,5,14,0,14,0.292,46.86,816,1.1,1.9000000000000001
2023,5,17,18,0,16.8,0.117,7,109,74,124,0.293,61.86,816,0.6000000000000001,1.8
2023,5,17,19,0,15,0.10300000000000001,8,4,0,4,0.294,65.19,816,0.8,1.8
2023,5,17,20,0,14,0.098,1,0,0,0,0.295,66.8,817,0.9,1.8
2023,5,17,21,0,12.8,0.10300000000000001,1,0,0,0,0.295,69.58,817,0.9,1.8
2023,5,17,22,0,12.100000000000001,0.115,4,0,0,0,0.295,73.47,818,0.8,1.9000000000000001
2023,5,17,23,0,11.5,0.151,4,0,0,0,0.294,77.95,818,0.8,1.9000000000000001
2023,5,18,0,0,10.8,0.156,4,0,0,0,0.295,82.95,818,1.3,1.9000000000000001
2023,5,18,1,0,10.4,0.137,4,0,0,0,0.295,84.5,818,1.6,1.9000000000000001
2023,5,18,2,0,10,0.14,4,0,0,0,0.296,85.61,817,1.4000000000000001,1.9000000000000001
2023,5,18,3,0,9.200000000000001,0.14100000000000001,0,0,0,0,0.297,87.49,817,1,1.9000000000000001
2023,5,18,4,0,8.8,0.138,3,0,0,0,0.298,87.22,817,0.8,1.8
2023,5,18,5,0,9.9,0.138,4,8,0,8,0.298,83.29,817,0.7000000000000001,1.8
2023,5,18,6,0,12.200000000000001,0.138,4,117,157,152,0.299,74.39,817,0.8,1.8
2023,5,18,7,0,14.600000000000001,0.134,8,94,3,95,0.299,63.22,817,0.8,1.8
2023,5,18,8,0,16.7,0.134,7,283,127,357,0.3,53.620000000000005,817,0.9,1.8
2023,5,18,9,0,18.1,0.14100000000000001,7,336,303,558,0.301,48.13,817,1.1,1.9000000000000001
2023,5,18,10,0,18.900000000000002,0.14100000000000001,8,388,257,605,0.302,45.35,817,1.4000000000000001,1.9000000000000001
2023,5,18,11,0,19.1,0.217,6,284,3,286,0.302,45.35,817,1.6,2
2023,5,18,12,0,19,0.232,7,477,27,502,0.302,46.88,817,1.6,2.1
2023,5,18,13,0,18.5,0.242,7,361,453,775,0.302,49.56,817,1.5,2.2
2023,5,18,14,0,17.5,0.152,7,244,634,775,0.302,53.64,817,1.3,2.2
2023,5,18,15,0,16.400000000000002,0.14100000000000001,0,120,836,723,0.301,58.56,817,1.3,2.2
2023,5,18,16,0,15.5,0.14,3,327,95,381,0.301,63.410000000000004,818,1.7000000000000002,2.1
2023,5,18,17,0,14.3,0.193,8,22,0,22,0.3,70.42,818,2.2,2.1
2023,5,18,18,0,12.9,0.278,7,67,3,68,0.299,79.56,819,2.4000000000000004,2.1
2023,5,18,19,0,11.9,0.313,4,4,0,4,0.298,86.07000000000001,820,2.3000000000000003,2.1
2023,5,18,20,0,11.8,0.291,4,0,0,0,0.297,86.7,821,2.4000000000000004,2.1
2023,5,18,21,0,11.700000000000001,0.229,4,0,0,0,0.297,86.55,821,2.5,2
2023,5,18,22,0,11.200000000000001,0.188,4,0,0,0,0.296,86.85000000000001,821,2.3000000000000003,2
2023,5,18,23,0,10.600000000000001,0.195,4,0,0,0,0.296,86.57000000000001,821,1.7000000000000002,1.9000000000000001
2023,5,19,0,0,10.100000000000001,0.213,4,0,0,0,0.295,86.28,821,0.9,1.8
2023,5,19,1,0,9.5,0.217,4,0,0,0,0.295,86.91,821,0.7000000000000001,1.8
2023,5,19,2,0,9,0.229,4,0,0,0,0.295,87.32000000000001,821,0.6000000000000001,1.7000000000000002
2023,5,19,3,0,8.5,0.259,4,0,0,0,0.295,87.76,822,0.6000000000000001,1.7000000000000002
2023,5,19,4,0,8.200000000000001,0.324,4,0,0,0,0.295,87.04,822,0.7000000000000001,1.7000000000000002
2023,5,19,5,0,8.8,0.448,4,8,0,8,0.296,85.36,823,1.1,1.7000000000000002
2023,5,19,6,0,9.8,0.543,4,42,0,42,0.297,81.82000000000001,823,1.7000000000000002,1.7000000000000002
2023,5,19,7,0,11.200000000000001,0.545,4,82,0,82,0.297,74.79,823,2.3000000000000003,1.7000000000000002
2023,5,19,8,0,12.5,0.589,4,88,0,88,0.299,66.5,824,2.5,1.7000000000000002
2023,5,19,9,0,14,0.587,4,149,0,149,0.3,58.84,824,2.6,1.7000000000000002
2023,5,19,10,0,15.100000000000001,0.553,4,64,0,64,0.302,54.19,824,2.8000000000000003,1.7000000000000002
2023,5,19,11,0,15.9,0.536,4,84,0,84,0.303,51.68,824,2.9000000000000004,1.8
2023,5,19,12,0,16.1,0.524,4,58,0,58,0.305,51.46,824,2.9000000000000004,1.8
2023,5,19,13,0,16.1,0.484,4,49,0,49,0.305,51.800000000000004,824,2.8000000000000003,1.9000000000000001
2023,5,19,14,0,15.700000000000001,0.668,8,292,6,297,0.305,53.08,823,2.7,1.9000000000000001
2023,5,19,15,0,14.8,0.6910000000000001,4,34,0,34,0.304,55.96,823,2.6,2
2023,5,19,16,0,13.8,0.654,8,108,1,108,0.302,59.53,823,2.4000000000000004,2
2023,5,19,17,0,12.700000000000001,0.646,4,23,0,23,0.3,64.4,824,2,2
2023,5,19,18,0,11.4,0.582,7,63,1,63,0.299,72.83,824,1.3,2
2023,5,19,19,0,10.3,0.491,6,6,0,6,0.3,78.26,825,1,1.9000000000000001
2023,5,19,20,0,9.9,0.398,6,0,0,0,0.3,79.01,825,1.2000000000000002,1.9000000000000001
2023,5,19,21,0,9.5,0.33,7,0,0,0,0.3,80.4,824,1.1,1.9000000000000001
2023,5,19,22,0,9.3,0.28500000000000003,7,0,0,0,0.299,80.72,824,1,1.8
2023,5,19,23,0,9.200000000000001,0.257,7,0,0,0,0.297,80.73,824,1,1.9000000000000001
2023,5,20,0,0,9.1,0.23900000000000002,8,0,0,0,0.295,80.71000000000001,823,1,1.9000000000000001
2023,5,20,1,0,8.8,0.224,3,0,0,0,0.294,81.64,823,1,1.9000000000000001
2023,5,20,2,0,8.5,0.212,3,0,0,0,0.293,82.39,823,1,2
2023,5,20,3,0,8.4,0.199,3,0,0,0,0.295,81.75,823,1.1,2
2023,5,20,4,0,8.3,0.184,0,0,0,0,0.296,80.31,823,1.2000000000000002,1.9000000000000001
2023,5,20,5,0,9,0.177,0,16,111,21,0.297,76.72,823,1.7000000000000002,1.9000000000000001
2023,5,20,6,0,10.9,0.17300000000000001,3,65,472,173,0.298,68.83,823,2.2,1.9000000000000001
2023,5,20,7,0,13.5,0.18,8,169,479,367,0.299,60.01,823,2,1.9000000000000001
2023,5,20,8,0,15.600000000000001,0.197,8,205,566,537,0.299,52.89,823,1.8,1.9000000000000001
2023,5,20,9,0,17.2,0.221,8,242,645,716,0.3,48.47,823,1.7000000000000002,1.9000000000000001
2023,5,20,10,0,18.5,0.248,1,168,817,861,0.3,45.53,823,1.9000000000000001,1.9000000000000001
2023,5,20,11,0,19.200000000000003,0.233,9,40,0,40,0.3,44.050000000000004,823,2.2,2
2023,5,20,12,0,19.400000000000002,0.241,6,222,1,223,0.301,43.410000000000004,822,2.4000000000000004,2
2023,5,20,13,0,19.3,0.23700000000000002,6,284,3,286,0.302,43.42,822,2.5,2
2023,5,20,14,0,19.1,0.29,6,395,36,426,0.303,43.36,822,2.4000000000000004,1.9000000000000001
2023,5,20,15,0,18.8,0.267,7,376,169,499,0.302,43.44,822,2,1.9000000000000001
2023,5,20,16,0,18.1,0.254,7,290,131,365,0.301,44.61,822,1.1,1.8
2023,5,20,17,0,16.8,0.248,7,158,11,163,0.299,51.52,822,0.8,1.8
2023,5,20,18,0,14.700000000000001,0.222,7,74,4,74,0.298,65.21000000000001,822,1.1,1.7000000000000002
2023,5,20,19,0,13.200000000000001,0.191,3,9,0,9,0.297,66.42,822,1.7000000000000002,1.6
2023,5,20,20,0,12.5,0.17200000000000001,1,0,0,0,0.298,66.77,822,1.8,1.5
2023,5,20,21,0,12,0.158,1,0,0,0,0.298,66.38,822,1.5,1.4000000000000001
2023,5,20,22,0,11.5,0.149,1,0,0,0,0.298,65.95,822,1.2000000000000002,1.3
2023,5,20,23,0,11,0.146,3,0,0,0,0.299,65.86,822,1.1,1.3
2023,5,21,0,0,10.600000000000001,0.147,0,0,0,0,0.299,65.4,822,1,1.3
2023,5,21,1,0,10.200000000000001,0.15,1,0,0,0,0.299,65.55,821,1.1,1.3
2023,5,21,2,0,9.8,0.154,0,0,0,0,0.3,66.54,821,1.2000000000000002,1.3
2023,5,21,3,0,9.4,0.159,8,0,0,0,0.3,66.74,821,1.4000000000000001,1.3
2023,5,21,4,0,9.200000000000001,0.163,8,0,0,0,0.3,66.47,821,1.6,1.2000000000000002
2023,5,21,5,0,10,0.168,8,19,1,19,0.299,64.77,822,1.8,1.2000000000000002
2023,5,21,6,0,12.3,0.171,0,67,493,180,0.299,58.49,822,2.1,1.2000000000000002
2023,5,21,7,0,14.5,0.171,3,208,396,373,0.299,50.03,822,2.4000000000000004,1.2000000000000002
2023,5,21,8,0,16.8,0.171,3,289,435,545,0.299,38.32,822,2.6,1.2000000000000002
2023,5,21,9,0,18.3,0.17,0,129,850,755,0.298,31.6,822,3,1.2000000000000002
2023,5,21,10,0,19.200000000000003,0.169,0,137,888,892,0.297,29.080000000000002,821,3,1.2000000000000002
2023,5,21,11,0,19.8,0.139,1,130,928,984,0.297,27.96,821,2.9000000000000004,1.2000000000000002
2023,5,21,12,0,20.200000000000003,0.139,1,132,933,1012,0.296,27.45,821,2.6,1.2000000000000002
2023,5,21,13,0,20.3,0.14200000000000002,7,216,793,942,0.295,27.44,820,2.2,1.2000000000000002
2023,5,21,14,0,20.200000000000003,0.132,7,254,675,823,0.294,27.91,820,2,1.2000000000000002
2023,5,21,15,0,19.900000000000002,0.138,0,117,871,749,0.294,29.03,820,1.7000000000000002,1.2000000000000002
2023,5,21,16,0,19.3,0.145,1,106,803,568,0.295,31.970000000000002,820,1.4000000000000001,1.2000000000000002
2023,5,21,17,0,18.3,0.153,3,219,220,307,0.295,39.31,820,0.9,1.2000000000000002
2023,5,21,18,0,16.5,0.16,0,62,484,166,0.295,52.120000000000005,820,0.6000000000000001,1.2000000000000002
2023,5,21,19,0,15.100000000000001,0.167,1,13,95,16,0.296,46.53,820,0.7000000000000001,1.2000000000000002
2023,5,21,20,0,14.5,0.17500000000000002,1,0,0,0,0.296,45.71,820,0.5,1.2000000000000002
2023,5,21,21,0,13.700000000000001,0.183,0,0,0,0,0.297,48.49,820,0.30000000000000004,1.2000000000000002
2023,5,21,22,0,13.100000000000001,0.192,1,0,0,0,0.297,49.49,820,0.5,1.2000000000000002
2023,5,21,23,0,12.3,0.201,0,0,0,0,0.297,51.11,820,0.8,1.2000000000000002
2023,5,22,0,0,11.200000000000001,0.213,0,0,0,0,0.297,54.06,819,1.1,1.1
2023,5,22,1,0,10.3,0.226,0,0,0,0,0.298,56.34,819,1.2000000000000002,1.1
2023,5,22,2,0,9.3,0.23600000000000002,0,0,0,0,0.299,59.18,819,1.3,1.1
2023,5,22,3,0,8.200000000000001,0.241,0,0,0,0,0.3,62.56,819,1.3,1.1
2023,5,22,4,0,7.6000000000000005,0.245,0,0,0,0,0.301,63.7,819,1.4000000000000001,1.1
2023,5,22,5,0,9,0.247,0,17,112,22,0.302,62.82,819,1.3,1
2023,5,22,6,0,13.600000000000001,0.249,0,74,440,176,0.303,49.2,819,2,1
2023,5,22,7,0,17.2,0.251,0,112,627,373,0.304,37.79,818,1.5,1
2023,5,22,8,0,19.700000000000003,0.256,0,138,730,568,0.305,31.7,818,1.7000000000000002,1.1
2023,5,22,9,0,21,0.256,3,433,268,631,0.305,29.67,818,2.2,1.1
2023,5,22,10,0,22.1,0.258,3,510,263,734,0.305,28.330000000000002,818,2.4000000000000004,1.1
2023,5,22,11,0,22.8,0.374,3,554,305,835,0.304,27.580000000000002,818,2.4000000000000004,1.2000000000000002
2023,5,22,12,0,23.200000000000003,0.387,0,220,794,969,0.304,27.27,818,2.3000000000000003,1.2000000000000002
2023,5,22,13,0,23.3,0.396,8,346,602,898,0.304,27.29,817,2,1.2000000000000002
2023,5,22,14,0,22.8,0.769,9,137,0,137,0.304,28.080000000000002,817,1.7000000000000002,1.3
2023,5,22,15,0,22.200000000000003,0.756,6,305,11,314,0.303,29.19,817,1.3,1.3
2023,5,22,16,0,21.3,0.73,7,326,190,436,0.303,31.07,817,1,1.3
2023,5,22,17,0,20.1,0.68,7,162,384,317,0.303,36.95,817,0.7000000000000001,1.3
2023,5,22,18,0,17.5,0.644,9,7,0,7,0.303,52.95,817,0.4,1.3
2023,5,22,19,0,15.100000000000001,0.622,7,8,32,9,0.304,56.800000000000004,817,0.30000000000000004,1.3
2023,5,22,20,0,13.5,0.607,6,0,0,0,0.304,63.64,818,0.6000000000000001,1.3
2023,5,22,21,0,12.700000000000001,0.591,7,0,0,0,0.305,66.58,818,1,1.3
2023,5,22,22,0,12.200000000000001,0.5710000000000001,7,0,0,0,0.305,68.12,818,1.4000000000000001,1.3
2023,5,22,23,0,11.8,0.542,7,0,0,0,0.305,69.55,818,1.7000000000000002,1.4000000000000001
2023,5,23,0,0,11.3,0.508,8,0,0,0,0.304,71.51,818,1.7000000000000002,1.4000000000000001
2023,5,23,1,0,10.9,0.483,0,0,0,0,0.303,72.86,818,1.8,1.4000000000000001
2023,5,23,2,0,10.700000000000001,0.458,0,0,0,0,0.303,73.25,818,2,1.4000000000000001
2023,5,23,3,0,10.5,0.431,0,0,0,0,0.302,74.04,818,2.2,1.4000000000000001
2023,5,23,4,0,10.100000000000001,0.405,0,0,0,0,0.302,75.86,818,2.2,1.4000000000000001
2023,5,23,5,0,11.3,0.387,0,16,72,20,0.301,71.52,818,2.6,1.4000000000000001
2023,5,23,6,0,13.8,0.377,0,88,344,168,0.301,62.42,818,3.2,1.5
2023,5,23,7,0,17.1,0.377,0,139,525,359,0.3,49.4,818,2.7,1.5
2023,5,23,8,0,19.700000000000003,0.363,0,170,648,553,0.299,40.800000000000004,818,2.5,1.5
2023,5,23,9,0,21.1,0.323,0,181,743,730,0.299,37.46,818,2.3000000000000003,1.5
2023,5,23,10,0,22,0.3,0,184,800,866,0.299,35.27,818,2.2,1.5
2023,5,23,11,0,22.700000000000003,0.35000000000000003,0,209,796,943,0.299,33.56,818,2,1.5
2023,5,23,12,0,23.200000000000003,0.34400000000000003,0,207,806,969,0.3,32.3,818,1.9000000000000001,1.5
2023,5,23,13,0,23.5,0.335,0,202,806,942,0.299,31.330000000000002,818,1.6,1.4000000000000001
2023,5,23,14,0,23.400000000000002,0.38,0,205,758,845,0.3,30.88,817,1.5,1.4000000000000001
2023,5,23,15,0,22.900000000000002,0.389,6,364,61,408,0.3,31.29,817,1.3,1.4000000000000001
2023,5,23,16,0,22.200000000000003,0.399,6,293,216,418,0.301,32.39,817,1.2000000000000002,1.4000000000000001
2023,5,23,17,0,21.200000000000003,0.41400000000000003,6,118,3,119,0.301,36.63,817,1,1.4000000000000001
2023,5,23,18,0,18.8,0.423,8,96,9,98,0.301,52.36,818,0.8,1.4000000000000001
2023,5,23,19,0,16.3,0.425,3,10,52,12,0.301,54.88,818,1,1.4000000000000001
2023,5,23,20,0,15.4,0.41600000000000004,3,0,0,0,0.301,55.120000000000005,818,1.1,1.4000000000000001
2023,5,23,21,0,14.600000000000001,0.396,8,0,0,0,0.302,56.32,818,1.3,1.3
2023,5,23,22,0,13.4,0.372,8,0,0,0,0.302,59.6,818,1.6,1.3
2023,5,23,23,0,12.100000000000001,0.356,8,0,0,0,0.302,63.34,818,1.7000000000000002,1.3
2023,5,24,0,0,11,0.354,5,0,0,0,0.302,66.44,817,1.6,1.3
2023,5,24,1,0,10.4,0.356,0,0,0,0,0.302,67.64,817,1.4000000000000001,1.3
2023,5,24,2,0,10.100000000000001,0.356,0,0,0,0,0.302,68.63,817,1.4000000000000001,1.4000000000000001
2023,5,24,3,0,9.9,0.358,3,0,0,0,0.301,69.87,818,1.6,1.4000000000000001
2023,5,24,4,0,9.700000000000001,0.378,0,0,0,0,0.301,71.59,818,1.9000000000000001,1.5
2023,5,24,5,0,10.9,0.41500000000000004,5,15,66,18,0.301,70.92,818,2.1,1.6
2023,5,24,6,0,13.200000000000001,0.452,7,4,0,4,0.302,65.21000000000001,818,2.5,1.7000000000000002
2023,5,24,7,0,15.700000000000001,0.507,7,165,14,170,0.302,56.730000000000004,818,1.8,1.7000000000000002
2023,5,24,8,0,17.6,0.562,7,288,30,306,0.303,48.6,818,0.8,1.8
2023,5,24,9,0,18.5,0.583,7,394,57,436,0.303,45.62,818,1,1.8
2023,5,24,10,0,18.900000000000002,0.5690000000000001,6,477,120,579,0.302,44.81,818,1.4000000000000001,1.9000000000000001
2023,5,24,11,0,18.7,0.451,6,510,81,585,0.301,45.86,818,1.8,1.9000000000000001
2023,5,24,12,0,18.6,0.378,6,72,0,72,0.3,46.39,818,2.2,1.9000000000000001
2023,5,24,13,0,18.6,0.299,9,195,1,196,0.3,46.2,818,2.5,1.9000000000000001
2023,5,24,14,0,18.8,0.226,9,202,1,203,0.3,45.26,818,2.5,1.8
2023,5,24,15,0,18.900000000000002,0.181,6,324,354,583,0.3,44.93,817,2.1,1.8
2023,5,24,16,0,18.7,0.156,6,256,279,418,0.3,45.88,817,1.3,1.8
2023,5,24,17,0,17.7,0.155,8,168,40,185,0.301,51.34,817,0.7000000000000001,2
2023,5,24,18,0,15.9,0.186,7,61,2,61,0.302,65.83,817,0.5,2.1
2023,5,24,19,0,14.200000000000001,0.23600000000000002,6,11,0,11,0.305,70.23,817,0.6000000000000001,2.2
2023,5,24,20,0,13.4,0.258,6,0,0,0,0.309,72.67,818,0.9,2.2
2023,5,24,21,0,12.5,0.223,7,0,0,0,0.312,75.17,818,1.3,2.2
2023,5,24,22,0,11.8,0.17400000000000002,7,0,0,0,0.313,76.37,818,1.3,2
2023,5,24,23,0,11.3,0.14100000000000001,0,0,0,0,0.313,76.71000000000001,818,1.2000000000000002,1.9000000000000001
2023,5,25,0,0,10.8,0.121,8,0,0,0,0.313,76.9,817,1.2000000000000002,1.7000000000000002
2023,5,25,1,0,10.3,0.114,0,0,0,0,0.312,77.59,817,1.1,1.6
2023,5,25,2,0,9.700000000000001,0.114,8,0,0,0,0.311,79.53,817,1,1.5
2023,5,25,3,0,9.1,0.112,0,0,0,0,0.311,80.86,817,1.1,1.4000000000000001
2023,5,25,4,0,8.6,0.10400000000000001,0,0,0,0,0.312,81.04,817,1.3,1.3
2023,5,25,5,0,10,0.095,0,20,180,30,0.313,75.19,817,1.7000000000000002,1.3
2023,5,25,6,0,13.4,0.089,0,56,587,195,0.315,61.52,817,2.4000000000000004,1.2000000000000002
2023,5,25,7,0,17,0.08600000000000001,0,75,767,398,0.317,45.03,817,1.4000000000000001,1.2000000000000002
2023,5,25,8,0,20.6,0.085,0,88,860,599,0.316,32.22,817,1.1,1.2000000000000002
2023,5,25,9,0,22.6,0.085,0,97,914,775,0.315,28.72,817,1.6,1.2000000000000002
2023,5,25,10,0,24,0.085,0,103,943,908,0.314,26.87,816,2.1,1.3
2023,5,25,11,0,25.1,0.08,8,203,790,933,0.313,25.68,816,2.5,1.4000000000000001
2023,5,25,12,0,25.8,0.08700000000000001,7,185,817,959,0.313,25.21,816,2.8000000000000003,1.5
2023,5,25,13,0,25.700000000000003,0.095,7,322,535,815,0.311,26.310000000000002,816,3,1.7000000000000002
2023,5,25,14,0,24.900000000000002,0.10300000000000001,7,371,26,393,0.31,29.060000000000002,815,2.9000000000000004,1.9000000000000001
2023,5,25,15,0,23.400000000000002,0.115,9,20,0,20,0.309,33.84,815,2.6,2.1
2023,5,25,16,0,21.200000000000003,0.126,9,14,0,14,0.307,41.45,816,2.3000000000000003,2.3000000000000003
2023,5,25,17,0,18.7,0.162,7,171,428,346,0.305,52.14,816,2.1,2.4000000000000004
2023,5,25,18,0,16.7,0.137,7,116,91,137,0.303,64.95,816,1.6,2.3000000000000003
2023,5,25,19,0,14.9,0.128,7,15,0,15,0.302,71.62,816,0.7000000000000001,2.2
2023,5,25,20,0,13.5,0.154,8,0,0,0,0.301,79.67,817,1.2000000000000002,2.2
2023,5,25,21,0,13.3,0.179,7,0,0,0,0.302,81.34,817,1.5,2.2
2023,5,25,22,0,13.3,0.17500000000000002,6,0,0,0,0.304,81.86,818,1.3,2.2
2023,5,25,23,0,13,0.14400000000000002,7,0,0,0,0.305,82.85000000000001,817,0.9,2
2023,5,26,0,0,12.4,0.11800000000000001,8,0,0,0,0.307,84.19,817,0.7000000000000001,1.9000000000000001
2023,5,26,1,0,11.8,0.099,5,0,0,0,0.307,84.37,817,0.6000000000000001,1.7000000000000002
2023,5,26,2,0,11.100000000000001,0.091,0,0,0,0,0.308,83.85000000000001,817,0.6000000000000001,1.6
2023,5,26,3,0,10.3,0.089,0,0,0,0,0.307,82.9,817,0.8,1.5
2023,5,26,4,0,9.8,0.08600000000000001,0,0,0,0,0.306,79.18,817,1,1.4000000000000001
2023,5,26,5,0,11.200000000000001,0.08600000000000001,0,20,209,31,0.304,71.64,817,1.4000000000000001,1.4000000000000001
2023,5,26,6,0,14.3,0.08700000000000001,3,54,594,196,0.304,57.36,818,1.9000000000000001,1.4000000000000001
2023,5,26,7,0,17.900000000000002,0.084,0,73,772,399,0.304,43.01,818,1.3,1.3
2023,5,26,8,0,20.900000000000002,0.081,3,266,486,555,0.305,32.85,818,1.6,1.3
2023,5,26,9,0,23,0.078,1,92,920,774,0.306,27.990000000000002,817,2.4000000000000004,1.3
2023,5,26,10,0,24.6,0.076,1,96,949,908,0.306,25.12,817,3,1.4000000000000001
2023,5,26,11,0,25.8,0.074,7,189,815,943,0.306,23.29,816,3.3000000000000003,1.4000000000000001
2023,5,26,12,0,26.3,0.082,7,351,417,746,0.306,22.96,816,3.6,1.5
2023,5,26,13,0,26.1,0.098,9,44,0,44,0.306,23.830000000000002,815,3.6,1.6
2023,5,26,14,0,25.1,0.113,6,60,0,60,0.305,26.16,815,3.3000000000000003,1.7000000000000002
2023,5,26,15,0,23.700000000000003,0.126,8,214,688,719,0.305,29.37,815,2.8000000000000003,1.9000000000000001
2023,5,26,16,0,22.400000000000002,0.11800000000000001,3,280,393,510,0.306,32.5,816,2.3000000000000003,1.9000000000000001
2023,5,26,17,0,21.1,0.1,8,172,377,328,0.306,36.33,816,1.9000000000000001,1.8
2023,5,26,18,0,18.7,0.091,1,54,553,179,0.306,50.11,816,1.2000000000000002,1.9000000000000001
2023,5,26,19,0,15.700000000000001,0.084,3,13,0,13,0.307,63.03,817,0.9,1.9000000000000001
2023,5,26,20,0,14.3,0.079,6,0,0,0,0.305,67.84,817,0.7000000000000001,1.9000000000000001
2023,5,26,21,0,13.3,0.076,6,0,0,0,0.302,71.44,818,0.7000000000000001,1.8
2023,5,26,22,0,12.3,0.081,3,0,0,0,0.3,75.37,817,0.8,1.8
2023,5,26,23,0,11.3,0.089,3,0,0,0,0.298,80.11,817,0.9,1.9000000000000001
2023,5,27,0,0,10.600000000000001,0.089,0,0,0,0,0.298,81.21000000000001,817,1,1.8
2023,5,27,1,0,9.9,0.085,0,0,0,0,0.299,80.54,817,1,1.7000000000000002
2023,5,27,2,0,9.1,0.081,3,0,0,0,0.301,80.07000000000001,817,1,1.6
2023,5,27,3,0,8.4,0.078,8,0,0,0,0.305,79.36,817,1.2000000000000002,1.4000000000000001
2023,5,27,4,0,7.9,0.076,8,0,0,0,0.307,78.10000000000001,816,1.4000000000000001,1.3
2023,5,27,5,0,9.9,0.076,0,20,217,32,0.309,72.64,816,1.9000000000000001,1.2000000000000002
2023,5,27,6,0,13,0.075,0,52,615,199,0.311,62.84,816,2.6,1.1
2023,5,27,7,0,16.7,0.074,0,70,786,404,0.313,49.160000000000004,816,1.9000000000000001,1.1
2023,5,27,8,0,20.400000000000002,0.074,0,83,878,606,0.314,34.04,816,2.2,1
2023,5,27,9,0,22.5,0.075,0,92,925,780,0.315,28.73,816,2.9000000000000004,1.1
2023,5,27,10,0,24.1,0.077,8,321,501,750,0.316,25.13,815,3.4000000000000004,1.1
2023,5,27,11,0,25.200000000000003,0.07100000000000001,1,101,973,1002,0.317,22.54,815,3.7,1.1
2023,5,27,12,0,25.900000000000002,0.074,3,511,362,855,0.318,20.5,814,3.9000000000000004,1.2000000000000002
2023,5,27,13,0,26.1,0.078,7,411,368,751,0.319,19.6,814,3.9000000000000004,1.2000000000000002
2023,5,27,14,0,25.6,0.08600000000000001,7,202,775,861,0.319,20.32,814,3.7,1.3
2023,5,27,15,0,24.400000000000002,0.097,0,103,891,759,0.319,22.75,813,3.3000000000000003,1.4000000000000001
2023,5,27,16,0,22.8,0.11,8,274,290,444,0.319,26.67,814,2.6,1.5
2023,5,27,17,0,20.700000000000003,0.126,7,7,0,7,0.319,34.36,814,1.9000000000000001,1.6
2023,5,27,18,0,18,0.136,7,14,0,14,0.319,50.07,815,1.5,1.7000000000000002
2023,5,27,19,0,15.3,0.131,7,18,1,18,0.32,60.33,816,1.5,1.7000000000000002
2023,5,27,20,0,13.100000000000001,0.117,7,0,0,0,0.322,66.95,817,1.3,1.5
2023,5,27,21,0,11.5,0.10300000000000001,7,0,0,0,0.325,71.3,817,1.2000000000000002,1.4000000000000001
2023,5,27,22,0,10.4,0.097,7,0,0,0,0.329,73.64,817,1.1,1.2000000000000002
2023,5,27,23,0,9.600000000000001,0.093,0,0,0,0,0.333,73.95,817,1.1,1.2000000000000002
2023,5,28,0,0,9.1,0.091,0,0,0,0,0.335,71.84,817,1.1,1.1
2023,5,28,1,0,8.8,0.088,0,0,0,0,0.337,68.46000000000001,817,1.1,1.1
2023,5,28,2,0,8.5,0.085,0,0,0,0,0.337,65.8,817,1,1
2023,5,28,3,0,7.9,0.081,0,0,0,0,0.335,64.94,817,1.1,1
2023,5,28,4,0,7.300000000000001,0.077,0,0,0,0,0.33,64.45,817,1.2000000000000002,0.9
2023,5,28,5,0,9.200000000000001,0.074,0,21,221,34,0.326,64,817,1.1,0.9
2023,5,28,6,0,13.600000000000001,0.073,0,53,624,203,0.322,45.97,817,1.9000000000000001,0.9
2023,5,28,7,0,17.5,0.075,0,72,787,407,0.319,30.87,817,1.3,1
2023,5,28,8,0,20.400000000000002,0.079,0,86,872,607,0.316,23.87,817,1,1
2023,5,28,9,0,22.1,0.085,0,98,916,779,0.313,21.740000000000002,817,1.3,1.1
2023,5,28,10,0,23.3,0.092,7,391,284,634,0.309,20.71,816,1.6,1.1
2023,5,28,11,0,24.1,0.088,7,457,139,585,0.305,20.35,816,1.7000000000000002,1.2000000000000002
2023,5,28,12,0,24.5,0.08700000000000001,8,406,258,651,0.302,20.55,816,1.7000000000000002,1.3
2023,5,28,13,0,24.400000000000002,0.08600000000000001,8,377,444,788,0.3,21.36,815,1.4000000000000001,1.4000000000000001
2023,5,28,14,0,23.700000000000003,0.09,8,342,461,735,0.299,23.34,815,1.3,1.5
2023,5,28,15,0,22.700000000000003,0.095,3,331,497,697,0.299,26.04,815,1.5,1.6
2023,5,28,16,0,21.6,0.094,7,124,1,125,0.299,29.19,816,1.6,1.7000000000000002
2023,5,28,17,0,20.3,0.095,8,197,141,255,0.299,34.22,816,1.2000000000000002,1.7000000000000002
2023,5,28,18,0,18.3,0.091,3,125,44,135,0.299,47.65,817,0.8,1.7000000000000002
2023,5,28,19,0,15.9,0.083,3,15,0,15,0.299,52.89,817,0.9,1.6
2023,5,28,20,0,14.700000000000001,0.08,1,0,0,0,0.3,54.660000000000004,818,0.9,1.6
2023,5,28,21,0,13.4,0.079,1,0,0,0,0.301,58.620000000000005,818,0.9,1.6
2023,5,28,22,0,12.100000000000001,0.078,1,0,0,0,0.303,63.68,818,1,1.5
2023,5,28,23,0,11.200000000000001,0.076,1,0,0,0,0.305,65.89,817,1.1,1.5
2023,5,29,0,0,10.4,0.074,1,0,0,0,0.306,66.76,817,1.2000000000000002,1.4000000000000001
2023,5,29,1,0,9.700000000000001,0.07200000000000001,0,0,0,0,0.305,67.01,817,1.3,1.3
2023,5,29,2,0,9.1,0.07100000000000001,0,0,0,0,0.305,66.75,817,1.4000000000000001,1.3
2023,5,29,3,0,8.700000000000001,0.07100000000000001,0,0,0,0,0.307,65.7,817,1.6,1.2000000000000002
2023,5,29,4,0,8.5,0.07200000000000001,0,0,0,0,0.309,64.07000000000001,817,1.9000000000000001,1.2000000000000002
2023,5,29,5,0,10.8,0.075,0,22,211,34,0.312,55.95,817,2.7,1.2000000000000002
2023,5,29,6,0,14.5,0.075,0,54,609,202,0.315,44.52,817,3.3000000000000003,1.1
2023,5,29,7,0,18.7,0.075,0,73,781,405,0.317,32.99,817,2.6,1.1
2023,5,29,8,0,22,0.075,0,85,871,606,0.318,24.77,817,1.9000000000000001,1.1
2023,5,29,9,0,24,0.075,0,94,920,779,0.318,22.18,817,1.1,1.2000000000000002
2023,5,29,10,0,25.3,0.077,7,185,807,876,0.318,21.25,817,0.6000000000000001,1.3
2023,5,29,11,0,26.1,0.067,8,209,778,930,0.319,20.900000000000002,817,0.5,1.4000000000000001
2023,5,29,12,0,26.200000000000003,0.07,7,163,851,972,0.319,21.38,816,0.6000000000000001,1.5
2023,5,29,13,0,25.700000000000003,0.073,7,206,778,926,0.321,22.84,816,1,1.7000000000000002
2023,5,29,14,0,25.200000000000003,0.077,7,268,592,773,0.323,24.26,816,1.3,1.7000000000000002
2023,5,29,15,0,24.700000000000003,0.074,7,285,17,298,0.324,25.07,816,1.2000000000000002,1.6
2023,5,29,16,0,24.200000000000003,0.065,6,211,15,220,0.326,25.97,816,1.4000000000000001,1.6
2023,5,29,17,0,23.200000000000003,0.062,7,187,98,228,0.327,30.04,816,1.5,1.5
2023,5,29,18,0,20.5,0.061,0,48,612,191,0.327,44.79,816,1.1,1.6
2023,5,29,19,0,17.7,0.061,1,18,216,29,0.326,49.9,817,1.1,1.6
2023,5,29,20,0,16.7,0.066,0,0,0,0,0.326,51.35,817,1.1,1.6
2023,5,29,21,0,16.1,0.069,1,0,0,0,0.325,51.09,818,1,1.6
2023,5,29,22,0,14.8,0.067,0,0,0,0,0.325,55.160000000000004,817,0.8,1.5
2023,5,29,23,0,13.200000000000001,0.063,0,0,0,0,0.326,61.11,817,0.9,1.5
2023,5,30,0,0,12.100000000000001,0.061,0,0,0,0,0.326,65.62,817,1.3,1.4000000000000001
2023,5,30,1,0,11.100000000000001,0.06,0,0,0,0,0.325,69.77,817,1.6,1.3
2023,5,30,2,0,10.3,0.061,0,0,0,0,0.325,72.16,817,1.6,1.2000000000000002
2023,5,30,3,0,9.8,0.062,0,0,0,0,0.325,71.79,817,1.5,1.1
2023,5,30,4,0,9.4,0.062,0,0,0,0,0.326,69.96000000000001,817,1.4000000000000001,1
2023,5,30,5,0,11.3,0.063,0,21,259,36,0.327,62.27,817,1.5,0.9
2023,5,30,6,0,15.600000000000001,0.065,0,51,640,207,0.328,44.94,817,2.2,0.9
2023,5,30,7,0,19.400000000000002,0.066,0,69,808,414,0.33,30.89,817,1.7000000000000002,0.8
2023,5,30,8,0,22.400000000000002,0.067,0,81,893,616,0.328,21.88,817,1.2000000000000002,0.8
2023,5,30,9,0,24.400000000000002,0.069,3,284,654,772,0.325,18.55,817,0.5,0.9
2023,5,30,10,0,25.900000000000002,0.073,7,341,441,719,0.321,16.89,817,0.7000000000000001,1
2023,5,30,11,0,26.900000000000002,0.074,6,321,4,325,0.317,16.26,816,1.4000000000000001,1.1
2023,5,30,12,0,27.1,0.08700000000000001,6,423,20,442,0.313,16.68,816,1.9000000000000001,1.2000000000000002
2023,5,30,13,0,26,0.1,6,340,6,345,0.308,18.77,815,1.9000000000000001,1.4000000000000001
2023,5,30,14,0,24.6,0.10200000000000001,7,322,452,708,0.306,21.82,815,1.8,1.5
2023,5,30,15,0,23.1,0.10300000000000001,7,25,0,25,0.305,25.43,816,2.2,1.7000000000000002
2023,5,30,16,0,21.900000000000002,0.093,7,280,83,329,0.304,28.96,816,1.7000000000000002,1.7000000000000002
2023,5,30,17,0,21,0.083,7,201,196,283,0.303,33.42,815,1,1.6
2023,5,30,18,0,18.900000000000002,0.07100000000000001,3,124,117,151,0.304,45.6,815,1.1,1.6
2023,5,30,19,0,15.9,0.061,1,18,229,30,0.305,52.85,815,1.4000000000000001,1.6
2023,5,30,20,0,14.200000000000001,0.058,1,0,0,0,0.305,55.9,816,1.3,1.5
2023,5,30,21,0,13.5,0.058,1,0,0,0,0.304,56.120000000000005,816,1.3,1.3
2023,5,30,22,0,12.9,0.056,1,0,0,0,0.304,55.34,816,1.4000000000000001,1.2000000000000002
2023,5,30,23,0,12.3,0.054,8,0,0,0,0.304,53.97,815,1.8,1.1
2023,5,31,0,0,11.700000000000001,0.052000000000000005,8,0,0,0,0.304,52.02,815,2,1
2023,5,31,1,0,11,0.05,8,0,0,0,0.305,50.36,816,2.1,0.9
2023,5,31,2,0,10.200000000000001,0.048,7,0,0,0,0.306,50.120000000000005,816,2,0.8
2023,5,31,3,0,9.600000000000001,0.047,1,0,0,0,0.307,50.410000000000004,816,1.9000000000000001,0.8
2023,5,31,4,0,9.1,0.049,0,0,0,0,0.309,50.82,816,1.7000000000000002,0.8
2023,5,31,5,0,11.200000000000001,0.051000000000000004,0,20,295,38,0.311,50.13,816,1.4000000000000001,0.9
2023,5,31,6,0,15.9,0.053,1,47,668,211,0.313,36.4,816,1.6,0.9
2023,5,31,7,0,19.5,0.054,0,63,824,416,0.314,25.13,816,0.6000000000000001,0.9
2023,5,31,8,0,22,0.054,0,74,907,617,0.314,21.22,816,1.6,0.9
2023,5,31,9,0,23.8,0.057,0,82,948,790,0.314,19.42,815,2.3000000000000003,1
2023,5,31,10,0,25.3,0.064,8,285,595,795,0.314,18.05,815,2.9000000000000004,1.1
2023,5,31,11,0,26,0.069,7,159,861,959,0.314,18.04,814,3.5,1.2000000000000002
2023,5,31,12,0,25.700000000000003,0.08700000000000001,6,150,0,150,0.314,19.41,814,3.8000000000000003,1.4000000000000001
2023,5,31,13,0,24.6,0.111,6,45,0,45,0.315,22.42,814,3.9000000000000004,1.6
2023,5,31,14,0,23.1,0.109,6,188,1,189,0.314,26.59,814,3.5,1.7000000000000002
2023,5,31,15,0,21.8,0.106,6,301,19,315,0.314,30.23,814,2.9000000000000004,1.8
2023,5,31,16,0,20.700000000000003,0.092,7,272,274,434,0.313,33.17,814,2.2,1.7000000000000002
2023,5,31,17,0,19.6,0.079,1,71,761,391,0.314,37.43,814,1.5,1.7000000000000002
2023,5,31,18,0,17.8,0.075,6,7,0,7,0.314,48.69,814,0.9,1.7000000000000002
2023,5,31,19,0,15.3,0.074,6,15,0,15,0.314,57.120000000000005,814,1,1.7000000000000002
2023,5,31,20,0,14,0.07200000000000001,7,0,0,0,0.313,59.75,814,1.3,1.8
2023,5,31,21,0,12.9,0.07,7,0,0,0,0.313,62.93,814,1.5,1.8
2023,5,31,22,0,11.9,0.079,5,0,0,0,0.313,67.07000000000001,814,1.3,1.8
2023,5,31,23,0,11.200000000000001,0.095,6,0,0,0,0.311,71.64,814,1.2000000000000002,1.9000000000000001
2023,6,1,0,0,11,0.098,6,0,0,0,0.308,71.82000000000001,814,1.6,1.9000000000000001
2023,6,1,1,0,10.600000000000001,0.091,7,0,0,0,0.307,71.67,814,1.8,1.9000000000000001
2023,6,1,2,0,10,0.088,7,0,0,0,0.307,72.07000000000001,813,1.9000000000000001,1.9000000000000001
2023,6,1,3,0,9.5,0.089,8,0,0,0,0.308,73.27,813,2,1.8
2023,6,1,4,0,9.200000000000001,0.091,5,0,0,0,0.311,74.26,813,2,1.8
2023,6,1,5,0,9.9,0.093,7,20,1,20,0.315,71.58,813,2.3000000000000003,1.8
2023,6,1,6,0,11.8,0.098,5,115,7,117,0.319,65.3,814,2,1.8
2023,6,1,7,0,14.600000000000001,0.106,7,192,86,229,0.321,55.980000000000004,814,0.6000000000000001,1.9000000000000001
2023,6,1,8,0,16.400000000000002,0.117,7,285,285,456,0.321,51.26,814,0.9,1.9000000000000001
2023,6,1,9,0,17.400000000000002,0.11800000000000001,8,329,355,594,0.32,48.49,814,0.9,1.8
2023,6,1,10,0,18.400000000000002,0.113,8,201,770,863,0.319,45.17,814,0.7000000000000001,1.8
2023,6,1,11,0,19.5,0.085,6,187,0,187,0.318,41.25,813,0.7000000000000001,1.8
2023,6,1,12,0,20.400000000000002,0.078,7,421,358,762,0.317,38.01,813,0.8,1.8
2023,6,1,13,0,20.900000000000002,0.074,7,391,14,403,0.316,36.1,813,1,1.8
2023,6,1,14,0,20.900000000000002,0.079,3,362,536,821,0.315,35.730000000000004,813,1.2000000000000002,1.8
2023,6,1,15,0,20.400000000000002,0.077,1,92,904,763,0.315,36.51,813,1.3,1.8
2023,6,1,16,0,19.700000000000003,0.073,7,190,572,530,0.316,38,813,1.2000000000000002,1.8
2023,6,1,17,0,18.400000000000002,0.075,3,198,341,342,0.317,42.42,813,1.1,1.8
2023,6,1,18,0,16.3,0.074,7,115,185,160,0.318,56.59,814,1,1.8
2023,6,1,19,0,13.8,0.07200000000000001,7,18,1,18,0.32,65.38,815,1.3,1.8
2023,6,1,20,0,12.600000000000001,0.07100000000000001,7,0,0,0,0.321,67.48,815,1.7000000000000002,1.7000000000000002
2023,6,1,21,0,11.600000000000001,0.07200000000000001,4,0,0,0,0.322,70.41,816,1.8,1.7000000000000002
2023,6,1,22,0,11,0.074,4,0,0,0,0.323,70.85000000000001,815,1.7000000000000002,1.7000000000000002
2023,6,1,23,0,10.4,0.073,8,0,0,0,0.323,71.18,815,1.7000000000000002,1.6
2023,6,2,0,0,9.700000000000001,0.073,4,0,0,0,0.322,71.67,815,1.8,1.6
2023,6,2,1,0,9.200000000000001,0.073,4,0,0,0,0.321,71.51,814,1.9000000000000001,1.5
2023,6,2,2,0,8.700000000000001,0.073,0,0,0,0,0.32,72.12,814,1.9000000000000001,1.4000000000000001
2023,6,2,3,0,8.200000000000001,0.073,4,0,0,0,0.32,73.03,814,1.9000000000000001,1.4000000000000001
2023,6,2,4,0,7.7,0.073,4,0,0,0,0.32,74.09,814,1.8,1.3
2023,6,2,5,0,9.4,0.075,0,22,249,38,0.319,69.16,815,2.3000000000000003,1.3
2023,6,2,6,0,12,0.077,0,54,616,205,0.318,59.45,815,2.4000000000000004,1.3
2023,6,2,7,0,14.700000000000001,0.078,0,72,778,407,0.318,48.03,815,1.5,1.3
2023,6,2,8,0,16.7,0.076,0,84,868,605,0.318,40.61,815,1.1,1.3
2023,6,2,9,0,18.400000000000002,0.075,7,264,485,627,0.319,35.47,815,1.1,1.3
2023,6,2,10,0,19.700000000000003,0.075,7,167,1,167,0.32,32.28,815,1.2000000000000002,1.4000000000000001
2023,6,2,11,0,20.700000000000003,0.078,6,192,1,193,0.323,30.34,815,1.2000000000000002,1.4000000000000001
2023,6,2,12,0,21.200000000000003,0.078,6,460,250,698,0.327,29.42,814,1.2000000000000002,1.5
2023,6,2,13,0,21.400000000000002,0.077,7,394,410,775,0.329,29.35,814,1.1,1.5
2023,6,2,14,0,20.900000000000002,0.075,7,374,299,630,0.33,30.560000000000002,814,1.1,1.6
2023,6,2,15,0,20.200000000000003,0.069,6,202,3,204,0.33,32.25,814,1.4000000000000001,1.6
2023,6,2,16,0,19.3,0.06,7,227,391,460,0.33,34.4,814,2,1.6
2023,6,2,17,0,18.5,0.061,5,179,8,182,0.326,36.56,815,1.6,1.6
2023,6,2,18,0,16.5,0.064,5,57,0,57,0.32,48.300000000000004,815,1.2000000000000002,1.7000000000000002
2023,6,2,19,0,13.9,0.077,7,21,1,21,0.32,63.92,816,0.8,1.7000000000000002
2023,6,2,20,0,13.3,0.074,6,0,0,0,0.32,67.38,817,0.7000000000000001,1.8
2023,6,2,21,0,12.200000000000001,0.059000000000000004,6,0,0,0,0.316,71.29,817,0.9,1.7000000000000002
2023,6,2,22,0,11.3,0.056,7,0,0,0,0.314,74.3,817,0.9,1.6
2023,6,2,23,0,10.8,0.057,6,0,0,0,0.314,75.23,817,0.9,1.6
2023,6,3,0,0,10.3,0.06,6,0,0,0,0.313,75.94,816,1,1.6
2023,6,3,1,0,10,0.064,6,0,0,0,0.314,75.52,816,1.1,1.6
2023,6,3,2,0,9.8,0.068,6,0,0,0,0.315,74.22,816,1.5,1.6
2023,6,3,3,0,9.5,0.07100000000000001,6,0,0,0,0.315,73.73,816,1.8,1.6
2023,6,3,4,0,9.3,0.073,7,0,0,0,0.315,74.38,816,1.8,1.7000000000000002
2023,6,3,5,0,9.700000000000001,0.073,7,16,0,16,0.314,74.22,817,2,1.7000000000000002
2023,6,3,6,0,10.700000000000001,0.07200000000000001,7,74,4,75,0.314,71.4,817,2.2,1.8
2023,6,3,7,0,12.100000000000001,0.075,7,143,9,147,0.313,67.04,818,2,1.9000000000000001
2023,6,3,8,0,13.5,0.08,7,291,101,352,0.312,62.370000000000005,818,2.1,1.9000000000000001
2023,6,3,9,0,14.5,0.079,7,367,69,419,0.31,58.63,818,2.1,1.9000000000000001
2023,6,3,10,0,15.5,0.08,6,348,13,360,0.308,54.480000000000004,818,1.9000000000000001,1.9000000000000001
2023,6,3,11,0,16.400000000000002,0.107,6,299,3,302,0.308,51.370000000000005,819,2,1.9000000000000001
2023,6,3,12,0,16.8,0.11,6,359,9,367,0.307,50.18,819,2.1,2
2023,6,3,13,0,16.6,0.11,6,367,8,374,0.307,51.29,819,2.1,2
2023,6,3,14,0,16.2,0.095,6,345,13,355,0.307,53.27,819,2,2.1
2023,6,3,15,0,15.8,0.097,7,351,175,482,0.307,55.56,819,1.9000000000000001,2.1
2023,6,3,16,0,15.100000000000001,0.096,7,287,117,357,0.308,59.38,819,1.8,2.2
2023,6,3,17,0,14.100000000000001,0.105,7,202,54,225,0.308,65.15,819,1.6,2.2
2023,6,3,18,0,13.100000000000001,0.109,7,117,39,127,0.308,72.4,820,1.2000000000000002,2.2
2023,6,3,19,0,12.100000000000001,0.106,7,16,0,16,0.309,80.39,820,0.6000000000000001,2.3000000000000003
2023,6,3,20,0,11.700000000000001,0.107,8,0,0,0,0.31,83.03,820,0.4,2.3000000000000003
2023,6,3,21,0,11.5,0.106,7,0,0,0,0.311,83.87,820,0.4,2.3000000000000003
2023,6,3,22,0,11.3,0.10300000000000001,8,0,0,0,0.312,84.27,820,0.6000000000000001,2.3000000000000003
2023,6,3,23,0,11,0.108,8,0,0,0,0.312,85.09,820,0.7000000000000001,2.3000000000000003
2023,6,4,0,0,10.8,0.11,8,0,0,0,0.313,85.62,820,0.8,2.3000000000000003
2023,6,4,1,0,10.700000000000001,0.108,7,0,0,0,0.313,85.96000000000001,820,0.8,2.3000000000000003
2023,6,4,2,0,10.5,0.129,5,0,0,0,0.313,86.83,820,1,2.3000000000000003
2023,6,4,3,0,10.4,0.133,4,0,0,0,0.313,87.2,820,1.2000000000000002,2.3000000000000003
2023,6,4,4,0,10.3,0.117,4,0,0,0,0.312,87.61,820,1.2000000000000002,2.2
2023,6,4,5,0,10.700000000000001,0.128,7,18,0,18,0.31,87.17,820,1.6,2.2
2023,6,4,6,0,11.5,0.117,7,125,135,159,0.309,85.63,820,1.8,2.2
2023,6,4,7,0,12.5,0.106,7,74,1,75,0.308,81.43,820,1.9000000000000001,2.1
2023,6,4,8,0,13.3,0.11,7,217,13,225,0.307,76.8,820,1.7000000000000002,2.1
2023,6,4,9,0,14.4,0.111,6,123,0,124,0.306,69.96000000000001,820,1.5,2.1
2023,6,4,10,0,15.5,0.10400000000000001,6,268,4,272,0.305,63.38,821,1.5,2.1
2023,6,4,11,0,16.400000000000002,0.108,6,457,36,490,0.305,58.89,821,1.6,2.1
2023,6,4,12,0,17,0.108,6,475,107,578,0.305,56.370000000000005,821,1.6,2.1
2023,6,4,13,0,17,0.105,6,476,66,537,0.306,56.34,821,1.7000000000000002,2.2
2023,6,4,14,0,16.8,0.149,7,370,19,387,0.307,57.2,821,1.8,2.2
2023,6,4,15,0,16.3,0.149,6,203,3,205,0.309,59.47,820,1.7000000000000002,2.2
2023,6,4,16,0,15.700000000000001,0.146,7,185,6,188,0.311,62.67,821,1.6,2.2
2023,6,4,17,0,14.8,0.151,7,158,13,163,0.313,67.96000000000001,821,1.4000000000000001,2.3000000000000003
2023,6,4,18,0,13.700000000000001,0.152,8,124,165,164,0.314,75.4,821,1,2.3000000000000003
2023,6,4,19,0,12.4,0.151,3,18,0,18,0.315,84.31,821,0.4,2.3000000000000003
2023,6,4,20,0,12.100000000000001,0.161,8,0,0,0,0.317,85.74,822,0.30000000000000004,2.3000000000000003
2023,6,4,21,0,11.9,0.16,4,0,0,0,0.318,86.02,822,0.30000000000000004,2.3000000000000003
2023,6,4,22,0,11.8,0.147,4,0,0,0,0.32,85.92,822,0.2,2.3000000000000003
2023,6,4,23,0,11.5,0.14400000000000002,4,0,0,0,0.321,86.61,822,0.30000000000000004,2.3000000000000003
2023,6,5,0,0,11.200000000000001,0.14100000000000001,3,0,0,0,0.322,87.33,822,0.30000000000000004,2.3000000000000003
2023,6,5,1,0,11,0.135,4,0,0,0,0.323,87.37,822,0.4,2.3000000000000003
2023,6,5,2,0,10.8,0.138,4,0,0,0,0.323,87.4,822,0.4,2.3000000000000003
2023,6,5,3,0,10.600000000000001,0.137,7,0,0,0,0.323,87.56,822,0.4,2.3000000000000003
2023,6,5,4,0,10.4,0.13,7,0,0,0,0.324,87.62,822,0.5,2.3000000000000003
2023,6,5,5,0,11.4,0.129,7,20,0,20,0.324,85.77,821,0.6000000000000001,2.3000000000000003
2023,6,5,6,0,12.8,0.123,3,63,530,195,0.324,79.28,821,1.1,2.3000000000000003
2023,6,5,7,0,14.4,0.115,3,84,710,390,0.325,71.53,821,1.6,2.3000000000000003
2023,6,5,8,0,16.2,0.113,3,301,318,492,0.325,61.67,821,1.8,2.3000000000000003
2023,6,5,9,0,17.7,0.109,8,333,244,515,0.325,54.1,821,2,2.3000000000000003
2023,6,5,10,0,18.5,0.10400000000000001,5,220,0,220,0.325,51.02,821,2.3000000000000003,2.3000000000000003
2023,6,5,11,0,18.8,0.078,8,429,261,673,0.325,50.4,821,2.5,2.3000000000000003
2023,6,5,12,0,18.900000000000002,0.081,7,291,545,812,0.325,50.53,821,2.6,2.3000000000000003
2023,6,5,13,0,18.7,0.079,6,235,1,236,0.325,51.620000000000005,821,2.5,2.3000000000000003
2023,6,5,14,0,18.400000000000002,0.083,9,32,0,32,0.326,53.050000000000004,821,2.3000000000000003,2.3000000000000003
2023,6,5,15,0,18,0.083,6,66,0,66,0.326,54.980000000000004,821,2,2.3000000000000003
2023,6,5,16,0,17.400000000000002,0.079,6,22,0,22,0.326,57.85,821,1.9000000000000001,2.3000000000000003
2023,6,5,17,0,16.5,0.079,7,58,0,59,0.326,62.980000000000004,821,1.7000000000000002,2.3000000000000003
2023,6,5,18,0,15.200000000000001,0.075,7,115,43,125,0.326,72.11,821,1.2000000000000002,2.2
2023,6,5,19,0,13.3,0.067,7,24,2,24,0.327,78.73,821,1.2000000000000002,2.1
2023,6,5,20,0,12.200000000000001,0.061,8,0,0,0,0.328,80.11,821,1.5,2.1
2023,6,5,21,0,11.5,0.056,8,0,0,0,0.329,80.02,821,1.6,2
2023,6,5,22,0,10.9,0.053,3,0,0,0,0.33,79.63,821,1.6,2
2023,6,5,23,0,10.600000000000001,0.051000000000000004,1,0,0,0,0.33,78.39,820,1.4000000000000001,2
2023,6,6,0,0,10.5,0.051000000000000004,1,0,0,0,0.329,76.84,820,1.3,2
2023,6,6,1,0,10.5,0.053,0,0,0,0,0.329,75.75,820,1.1,2
2023,6,6,2,0,10.200000000000001,0.055,1,0,0,0,0.328,77.02,820,1.1,2
2023,6,6,3,0,9.5,0.055,1,0,0,0,0.329,80.07000000000001,819,1.1,1.9000000000000001
2023,6,6,4,0,9.200000000000001,0.055,0,0,0,0,0.33,80.23,819,1.2000000000000002,1.9000000000000001
2023,6,6,5,0,11,0.054,0,20,300,40,0.33,77.32000000000001,819,1.6,1.8
2023,6,6,6,0,13.9,0.053,0,47,650,208,0.332,68.58,819,2.1,1.7000000000000002
2023,6,6,7,0,17.400000000000002,0.053,0,62,800,407,0.333,53.86,819,1.3,1.7000000000000002
2023,6,6,8,0,20.3,0.054,0,73,880,603,0.332,42.31,819,1.4000000000000001,1.7000000000000002
2023,6,6,9,0,22,0.056,0,81,926,775,0.331,38.47,819,1.9000000000000001,1.7000000000000002
2023,6,6,10,0,23.200000000000003,0.059000000000000004,0,88,949,906,0.329,36.52,819,2.2,1.8
2023,6,6,11,0,23.900000000000002,0.045,3,358,595,912,0.327,35.68,818,2.5,1.8
2023,6,6,12,0,24.1,0.048,6,229,1,230,0.325,35.79,818,2.6,1.9000000000000001
2023,6,6,13,0,23.8,0.051000000000000004,6,78,0,78,0.322,36.88,817,2.7,2
2023,6,6,14,0,23.3,0.066,6,424,105,514,0.319,38.6,817,2.6,2
2023,6,6,15,0,22.6,0.068,9,349,158,467,0.317,40.87,817,2.2,2
2023,6,6,16,0,21.6,0.066,7,204,505,508,0.315,43.97,817,1.7000000000000002,2.1
2023,6,6,17,0,20.6,0.07,9,10,0,10,0.315,49.38,817,1.4000000000000001,2.1
2023,6,6,18,0,18.8,0.067,9,103,27,109,0.315,63.07,817,0.9,2
2023,6,6,19,0,16.5,0.064,6,25,2,25,0.316,68.71000000000001,818,1,2
2023,6,6,20,0,15.5,0.065,7,0,0,0,0.318,71.5,818,1.1,2
2023,6,6,21,0,14.700000000000001,0.063,7,0,0,0,0.319,73.79,818,1.1,2
2023,6,6,22,0,14,0.058,7,0,0,0,0.32,75,818,1,2
2023,6,6,23,0,13.4,0.053,7,0,0,0,0.32,75.12,818,0.9,1.9000000000000001
2023,6,7,0,0,13.100000000000001,0.051000000000000004,3,0,0,0,0.319,73.94,817,0.8,1.8
2023,6,7,1,0,12.8,0.052000000000000005,7,0,0,0,0.318,73.47,817,0.8,1.9000000000000001
2023,6,7,2,0,12.200000000000001,0.056,7,0,0,0,0.317,75.24,817,0.9,1.9000000000000001
2023,6,7,3,0,11.5,0.06,8,0,0,0,0.317,77.77,817,1,2
2023,6,7,4,0,10.8,0.06,0,0,0,0,0.318,80.23,817,1.1,2
2023,6,7,5,0,12.600000000000001,0.059000000000000004,1,21,290,40,0.319,76.74,817,1.4000000000000001,2
2023,6,7,6,0,15.200000000000001,0.058,0,48,638,207,0.32,68.84,817,2.2,1.9000000000000001
2023,6,7,7,0,18.1,0.058,0,64,787,404,0.32,57.54,817,1.4000000000000001,2
2023,6,7,8,0,20.400000000000002,0.061,0,76,865,597,0.32,46.99,817,1.3,2
2023,6,7,9,0,21.6,0.066,7,139,817,751,0.319,43.800000000000004,817,2.1,2
2023,6,7,10,0,22,0.07200000000000001,8,156,819,861,0.318,43.53,817,2.5,2.1
2023,6,7,11,0,21.900000000000002,0.093,7,122,863,927,0.317,44.01,817,2.7,2.2
2023,6,7,12,0,21.8,0.094,8,357,467,804,0.317,44.26,817,2.7,2.2
2023,6,7,13,0,21.6,0.091,6,448,273,702,0.317,44.71,816,2.7,2.2
2023,6,7,14,0,21,0.099,9,285,5,290,0.317,46.300000000000004,816,2.4000000000000004,2.2
2023,6,7,15,0,20.6,0.094,9,180,2,182,0.316,47.56,816,1.9000000000000001,2.2
2023,6,7,16,0,20.1,0.092,9,214,14,223,0.316,49.27,816,1.5,2.2
2023,6,7,17,0,19.1,0.10300000000000001,6,85,1,86,0.316,54.47,816,0.9,2.2
2023,6,7,18,0,17.3,0.105,7,53,1,53,0.317,67.57000000000001,817,0.7000000000000001,2.3000000000000003
2023,6,7,19,0,15.200000000000001,0.097,7,16,0,16,0.318,71.61,817,1.4000000000000001,2.3000000000000003
2023,6,7,20,0,13.9,0.08600000000000001,6,0,0,0,0.319,71.16,818,2.3000000000000003,2.2
2023,6,7,21,0,13,0.077,6,0,0,0,0.32,70.51,818,2.7,2.1
2023,6,7,22,0,12.200000000000001,0.07100000000000001,8,0,0,0,0.321,70.12,818,2.6,2.1
2023,6,7,23,0,11.5,0.07,8,0,0,0,0.321,70.32000000000001,818,2.3000000000000003,2
2023,6,8,0,0,11.100000000000001,0.075,3,0,0,0,0.321,70.51,818,1.7000000000000002,2.1
2023,6,8,1,0,11,0.083,7,0,0,0,0.32,69.64,818,1.4000000000000001,2.1
2023,6,8,2,0,11,0.095,7,0,0,0,0.32,67.84,818,1.3,2.1
2023,6,8,3,0,10.9,0.10300000000000001,5,0,0,0,0.32,67.06,818,1.2000000000000002,2
2023,6,8,4,0,10.8,0.107,8,0,0,0,0.321,66.39,818,1.2000000000000002,2
2023,6,8,5,0,12.100000000000001,0.112,8,23,1,23,0.323,66.25,818,1,1.9000000000000001
2023,6,8,6,0,14.5,0.117,7,47,1,47,0.324,55.07,818,1.1,1.8
2023,6,8,7,0,16.400000000000002,0.11800000000000001,3,86,720,398,0.325,44.35,818,0.6000000000000001,1.7000000000000002
2023,6,8,8,0,17.900000000000002,0.117,3,274,465,554,0.324,39.26,819,0.9,1.7000000000000002
2023,6,8,9,0,19.1,0.114,7,201,716,738,0.321,36.9,819,1.1,1.6
2023,6,8,10,0,20.200000000000003,0.107,7,435,212,618,0.318,34.71,819,1.3,1.6
2023,6,8,11,0,21.200000000000003,0.07100000000000001,7,323,528,816,0.315,32.55,818,1.5,1.6
2023,6,8,12,0,22.1,0.069,7,298,544,818,0.313,30.900000000000002,818,1.6,1.5
2023,6,8,13,0,22.700000000000003,0.07,7,398,11,409,0.311,30.13,818,1.7000000000000002,1.6
2023,6,8,14,0,22.8,0.073,7,226,2,227,0.312,30.44,818,1.8,1.6
2023,6,8,15,0,22.400000000000002,0.079,6,309,291,527,0.315,31.77,817,1.7000000000000002,1.7000000000000002
2023,6,8,16,0,21.5,0.088,6,236,27,252,0.317,34.89,817,1.4000000000000001,1.8
2023,6,8,17,0,20.1,0.105,9,49,0,49,0.318,41.2,818,0.7000000000000001,2
2023,6,8,18,0,18.1,0.121,9,90,9,92,0.318,55.85,819,0.5,2.1
2023,6,8,19,0,15.3,0.126,9,18,0,18,0.319,65.83,819,1.1,2.1
2023,6,8,20,0,14,0.126,9,0,0,0,0.32,68.81,820,1.8,2.2
2023,6,8,21,0,13.4,0.122,9,0,0,0,0.321,71.46000000000001,820,2.4000000000000004,2.1
2023,6,8,22,0,13.100000000000001,0.116,9,0,0,0,0.322,73.8,820,1.9000000000000001,2
2023,6,8,23,0,12.9,0.107,9,0,0,0,0.324,74.19,819,1.4000000000000001,1.9000000000000001
2023,6,9,0,0,12.700000000000001,0.099,9,0,0,0,0.326,73.73,819,1.2000000000000002,1.8
2023,6,9,1,0,12.600000000000001,0.09,6,0,0,0,0.327,72.24,819,1.2000000000000002,1.7000000000000002
2023,6,9,2,0,12.3,0.085,7,0,0,0,0.327,71.52,818,1.3,1.6
2023,6,9,3,0,11.9,0.084,7,0,0,0,0.326,72.2,818,1.4000000000000001,1.5
2023,6,9,4,0,11.700000000000001,0.085,1,0,0,0,0.325,72.10000000000001,818,1.5,1.4000000000000001
2023,6,9,5,0,12.8,0.08600000000000001,1,23,248,40,0.324,71.47,818,1.6,1.4000000000000001
2023,6,9,6,0,15.5,0.088,3,56,602,206,0.324,63.93,818,2.2,1.4000000000000001
2023,6,9,7,0,18.2,0.09,8,76,763,406,0.323,49.47,818,2.2,1.4000000000000001
2023,6,9,8,0,21.8,0.095,0,91,843,599,0.323,33.28,818,1.4000000000000001,1.5
2023,6,9,9,0,23.3,0.107,0,106,883,768,0.322,31.12,818,1.9000000000000001,1.6
2023,6,9,10,0,23.8,0.125,1,121,897,894,0.32,31.59,818,1.9000000000000001,1.8
2023,6,9,11,0,23.5,0.105,7,172,766,886,0.319,33.38,818,1.6,1.9000000000000001
2023,6,9,12,0,22.700000000000003,0.114,6,448,40,487,0.317,36.01,818,1,2
2023,6,9,13,0,21.900000000000002,0.116,9,372,9,380,0.316,38.550000000000004,817,0.5,2.1
2023,6,9,14,0,21.200000000000003,0.117,9,182,2,183,0.315,41.39,817,1.3,2.1
2023,6,9,15,0,20.400000000000002,0.115,9,318,76,376,0.315,44.5,817,2,2.1
2023,6,9,16,0,19.3,0.10400000000000001,9,240,50,270,0.315,48.74,817,2.5,2.1
2023,6,9,17,0,18,0.11,6,198,199,284,0.315,54.08,817,2.8000000000000003,2.1
2023,6,9,18,0,16,0.109,7,123,156,162,0.316,63.940000000000005,817,2.7,2
2023,6,9,19,0,13.600000000000001,0.094,7,29,3,29,0.318,72.68,818,2.6,1.9000000000000001
2023,6,9,20,0,12.9,0.085,3,0,0,0,0.32,72.49,818,1.7000000000000002,1.8
2023,6,9,21,0,13.100000000000001,0.079,7,0,0,0,0.321,69.15,818,0.7000000000000001,1.7000000000000002
2023,6,9,22,0,12.8,0.073,8,0,0,0,0.325,67.26,818,0.9,1.6
2023,6,9,23,0,12.8,0.066,3,0,0,0,0.329,61.89,817,1.1,1.4000000000000001
2023,6,10,0,0,13.4,0.062,8,0,0,0,0.328,54.26,817,0.8,1.4000000000000001
2023,6,10,1,0,12.600000000000001,0.062,7,0,0,0,0.325,56.36,817,1,1.4000000000000001
2023,6,10,2,0,11.4,0.063,0,0,0,0,0.325,60.52,817,1,1.4000000000000001
2023,6,10,3,0,9.8,0.062,0,0,0,0,0.326,66.79,817,1,1.4000000000000001
2023,6,10,4,0,8.8,0.06,0,0,0,0,0.328,70.63,817,1.2000000000000002,1.4000000000000001
2023,6,10,5,0,11,0.059000000000000004,0,22,296,42,0.33,66.58,817,1.9000000000000001,1.3
2023,6,10,6,0,14,0.059000000000000004,0,49,649,212,0.334,56.59,817,2.9000000000000004,1.3
2023,6,10,7,0,17.7,0.061,0,66,800,412,0.339,41.79,817,2.2,1.3
2023,6,10,8,0,20.6,0.063,0,78,877,607,0.342,32.49,817,1.8,1.4000000000000001
2023,6,10,9,0,22.3,0.067,1,88,922,779,0.343,29.79,817,1.6,1.4000000000000001
2023,6,10,10,0,23.400000000000002,0.075,8,223,676,806,0.343,28.650000000000002,817,1.6,1.5
2023,6,10,11,0,24,0.073,7,154,852,949,0.343,28.39,817,1.6,1.6
2023,6,10,12,0,23.8,0.082,6,263,592,829,0.342,29.75,816,1.4000000000000001,1.8
2023,6,10,13,0,23.1,0.089,9,112,0,112,0.341,32.47,816,0.9,1.9000000000000001
2023,6,10,14,0,22.1,0.116,6,63,0,63,0.34,35.78,816,0.6000000000000001,2.1
2023,6,10,15,0,20.900000000000002,0.11800000000000001,6,56,0,56,0.338,39.77,817,1.1,2.1
2023,6,10,16,0,20,0.098,7,264,57,299,0.338,42.74,817,1.3,2
2023,6,10,17,0,19.3,0.094,8,173,362,330,0.337,45.52,817,1.3,1.9000000000000001
2023,6,10,18,0,17.7,0.092,1,58,583,205,0.337,56.1,817,1.7000000000000002,2
2023,6,10,19,0,15.3,0.097,5,24,0,24,0.335,68.26,818,1.5,2.1
2023,6,10,20,0,13.8,0.107,8,0,0,0,0.333,76.71000000000001,819,1.1,2.1
2023,6,10,21,0,13.200000000000001,0.113,3,0,0,0,0.33,80.44,819,0.6000000000000001,2.2
2023,6,10,22,0,12.600000000000001,0.11800000000000001,0,0,0,0,0.327,83.95,819,0.6000000000000001,2.2
2023,6,10,23,0,12.100000000000001,0.153,0,0,0,0,0.324,87.36,818,0.7000000000000001,2.2
2023,6,11,0,0,12.200000000000001,0.177,4,0,0,0,0.321,87.46000000000001,818,0.9,2.3000000000000003
2023,6,11,1,0,12.200000000000001,0.152,4,0,0,0,0.319,87.4,819,1.5,2.4000000000000004
2023,6,11,2,0,12,0.163,7,0,0,0,0.319,87.19,819,1.9000000000000001,2.3000000000000003
2023,6,11,3,0,11.5,0.135,7,0,0,0,0.319,87.8,819,1.6,2.3000000000000003
2023,6,11,4,0,11.200000000000001,0.109,0,0,0,0,0.319,87.52,819,1.1,2.1
2023,6,11,5,0,11.5,0.111,0,25,204,39,0.32,85.86,819,1.3,1.9000000000000001
2023,6,11,6,0,12.3,0.113,1,63,556,202,0.321,81.21000000000001,819,1.5,1.7000000000000002
2023,6,11,7,0,14,0.108,3,244,72,275,0.321,72.74,819,1.3,1.7000000000000002
2023,6,11,8,0,16.6,0.10400000000000001,3,230,2,231,0.322,59.84,819,1.5,1.7000000000000002
2023,6,11,9,0,18.8,0.105,3,171,0,171,0.32,49.84,819,1.8,1.8
2023,6,11,10,0,19.900000000000002,0.107,3,109,0,109,0.318,45.96,819,2.2,1.9000000000000001
2023,6,11,11,0,20.400000000000002,0.093,8,374,17,389,0.316,44.34,818,2.5,2
2023,6,11,12,0,20.200000000000003,0.1,6,165,0,165,0.314,45.36,818,2.8000000000000003,2.1
2023,6,11,13,0,19,0.106,9,180,0,180,0.311,49.79,818,2.9000000000000004,2.2
2023,6,11,14,0,18.400000000000002,0.112,9,35,0,35,0.311,52.59,818,2.8000000000000003,2.3000000000000003
2023,6,11,15,0,18,0.109,9,21,0,21,0.312,54.46,817,2.8000000000000003,2.3000000000000003
2023,6,11,16,0,17.6,0.108,6,60,0,60,0.315,57.11,817,2.7,2.3000000000000003
2023,6,11,17,0,16.900000000000002,0.11800000000000001,6,139,9,143,0.317,62.050000000000004,817,2.4000000000000004,2.3000000000000003
2023,6,11,18,0,15.600000000000001,0.122,6,17,0,17,0.318,71.12,818,2,2.4000000000000004
2023,6,11,19,0,13.8,0.125,9,10,0,10,0.319,82.13,818,1.6,2.3000000000000003
2023,6,11,20,0,12.9,0.14200000000000002,6,0,0,0,0.321,86.21000000000001,818,1.8,2.2
2023,6,11,21,0,12.600000000000001,0.135,6,0,0,0,0.322,87.11,818,2,2.1
2023,6,11,22,0,12.100000000000001,0.124,6,0,0,0,0.322,88.43,818,1.6,2.1
2023,6,11,23,0,11.8,0.136,7,0,0,0,0.321,88.27,818,1.3,2.1
2023,6,12,0,0,11.5,0.148,4,0,0,0,0.317,87.91,818,1.3,2.2
2023,6,12,1,0,11.600000000000001,0.15,6,0,0,0,0.317,87.2,818,1.3,2.2
2023,6,12,2,0,11.200000000000001,0.127,6,0,0,0,0.323,86.93,817,1.1,2
2023,6,12,3,0,10.5,0.111,6,0,0,0,0.33,87.36,817,1,1.9000000000000001
2023,6,12,4,0,9.8,0.107,3,0,0,0,0.333,87.79,817,0.8,1.8
2023,6,12,5,0,11.100000000000001,0.106,3,25,0,25,0.335,84.43,817,1,1.8
2023,6,12,6,0,13.100000000000001,0.105,0,60,566,202,0.337,76.82000000000001,817,1.6,1.8
2023,6,12,7,0,15.700000000000001,0.105,3,198,413,377,0.338,63.82,817,2.2,1.8
2023,6,12,8,0,17.900000000000002,0.105,7,281,220,413,0.338,51.68,817,2.6,1.8
2023,6,12,9,0,18.7,0.109,6,153,1,154,0.335,47.49,817,2.9000000000000004,1.8
2023,6,12,10,0,18.5,0.116,8,248,579,748,0.333,47.300000000000004,816,2.8000000000000003,1.9000000000000001
2023,6,12,11,0,18.3,0.108,9,496,151,637,0.331,47.76,816,2.4000000000000004,1.9000000000000001
2023,6,12,12,0,18.3,0.1,9,48,0,48,0.328,46.84,815,2,1.9000000000000001
2023,6,12,13,0,18.5,0.091,9,191,0,192,0.323,43.95,814,1.5,1.7000000000000002
2023,6,12,14,0,18.2,0.096,9,234,2,236,0.318,43.7,815,1.3,1.7000000000000002
2023,6,12,15,0,17.1,0.095,9,243,5,247,0.316,48.36,815,1.1,1.7000000000000002
2023,6,12,16,0,15.9,0.095,6,242,24,257,0.316,54.050000000000004,815,1.4000000000000001,1.7000000000000002
2023,6,12,17,0,14.9,0.1,6,203,43,222,0.316,60.81,816,1.5,1.8
2023,6,12,18,0,13.5,0.111,7,122,41,132,0.316,71.82000000000001,816,1,1.8
2023,6,12,19,0,11.700000000000001,0.126,6,16,0,16,0.316,82.61,817,0.6000000000000001,1.8
2023,6,12,20,0,11.3,0.14200000000000002,7,0,0,0,0.316,83.08,817,0.5,1.9000000000000001
2023,6,12,21,0,11,0.136,6,0,0,0,0.318,82.60000000000001,818,0.7000000000000001,1.8
2023,6,12,22,0,10.700000000000001,0.117,7,0,0,0,0.319,81.26,817,0.9,1.7000000000000002
2023,6,12,23,0,10.3,0.10200000000000001,6,0,0,0,0.321,80.78,817,0.8,1.6
2023,6,13,0,0,9.8,0.098,6,0,0,0,0.322,81.16,816,0.8,1.5
2023,6,13,1,0,9.4,0.099,7,0,0,0,0.324,81.72,816,0.8,1.5
2023,6,13,2,0,9,0.10300000000000001,7,0,0,0,0.325,82.39,816,0.8,1.5
2023,6,13,3,0,8.5,0.10400000000000001,7,0,0,0,0.326,83.33,817,0.7000000000000001,1.5
2023,6,13,4,0,8,0.10400000000000001,7,0,0,0,0.327,84.2,817,0.5,1.6
2023,6,13,5,0,9.700000000000001,0.116,7,24,1,24,0.328,77.60000000000001,817,0.7000000000000001,1.6
2023,6,13,6,0,11.700000000000001,0.123,7,36,0,36,0.328,68.64,817,0.7000000000000001,1.7000000000000002
2023,6,13,7,0,13.8,0.125,6,211,52,234,0.328,60.31,817,0.9,1.7000000000000002
2023,6,13,8,0,14.9,0.136,6,162,3,164,0.328,55.99,817,1.3,1.8
2023,6,13,9,0,15.3,0.147,6,177,1,178,0.328,54.96,817,1.6,1.8
2023,6,13,10,0,15.4,0.152,6,341,11,350,0.329,55.06,817,1.6,1.9000000000000001
2023,6,13,11,0,15.3,0.191,6,348,4,352,0.33,55.730000000000004,817,1.4000000000000001,1.9000000000000001
2023,6,13,12,0,15.4,0.197,6,355,7,361,0.331,55.57,816,1.2000000000000002,1.9000000000000001
2023,6,13,13,0,15.5,0.193,6,266,1,268,0.333,55.49,816,1.2000000000000002,1.9000000000000001
2023,6,13,14,0,15.600000000000001,0.114,6,333,10,342,0.334,55.54,816,1.1,2
2023,6,13,15,0,15.5,0.127,7,326,351,591,0.334,56.53,816,1.1,2
2023,6,13,16,0,15.200000000000001,0.14300000000000002,7,213,569,559,0.333,58.35,815,1.1,2
2023,6,13,17,0,14.8,0.163,7,211,214,305,0.332,60.94,816,1.2000000000000002,2
2023,6,13,18,0,14,0.17400000000000002,7,127,177,172,0.332,67.5,816,0.8,2
2023,6,13,19,0,12.3,0.186,7,31,2,31,0.332,74.01,816,0.7000000000000001,1.9000000000000001
2023,6,13,20,0,11.200000000000001,0.229,3,0,0,0,0.332,76.01,816,0.9,1.8
2023,6,13,21,0,10.600000000000001,0.28300000000000003,3,0,0,0,0.332,77.16,816,1.1,1.7000000000000002
2023,6,13,22,0,10.3,0.326,1,0,0,0,0.332,76.84,816,1.3,1.6
2023,6,13,23,0,9.9,0.334,0,0,0,0,0.331,76.62,816,1.5,1.5
2023,6,14,0,0,9.5,0.314,0,0,0,0,0.331,76.53,816,1.6,1.5
2023,6,14,1,0,9.1,0.267,0,0,0,0,0.331,76.66,815,1.7000000000000002,1.5
2023,6,14,2,0,8.8,0.222,0,0,0,0,0.332,76.79,815,1.8,1.5
2023,6,14,3,0,8.6,0.185,0,0,0,0,0.333,76.55,815,2,1.5
2023,6,14,4,0,8.5,0.16,0,0,0,0,0.334,76.02,815,2.1,1.5
2023,6,14,5,0,10.200000000000001,0.147,0,24,192,37,0.334,70.53,816,2.7,1.5
2023,6,14,6,0,13.100000000000001,0.139,0,64,534,197,0.335,62.03,816,3,1.6
2023,6,14,7,0,17,0.134,0,88,709,394,0.334,48.730000000000004,816,2.1,1.6
2023,6,14,8,0,19.6,0.129,0,102,809,590,0.333,39.84,816,1.4000000000000001,1.6
2023,6,14,9,0,21.200000000000003,0.124,0,111,867,761,0.333,35.910000000000004,815,1,1.7000000000000002
2023,6,14,10,0,22.5,0.11900000000000001,1,116,904,896,0.332,33.39,815,0.7000000000000001,1.7000000000000002
2023,6,14,11,0,23.5,0.098,3,495,349,820,0.332,31.75,815,0.7000000000000001,1.7000000000000002
2023,6,14,12,0,24.1,0.092,5,252,0,253,0.331,30.86,814,1,1.8
2023,6,14,13,0,24.1,0.092,5,137,0,137,0.331,31.48,814,1.3,1.9000000000000001
2023,6,14,14,0,23.8,0.089,3,423,404,772,0.331,32.67,813,1.5,2
2023,6,14,15,0,23.1,0.098,7,242,8,248,0.331,34.69,813,1.5,2.1
2023,6,14,16,0,22.200000000000003,0.109,8,272,305,458,0.331,37.09,813,1.5,2.1
2023,6,14,17,0,21.1,0.11800000000000001,9,8,0,8,0.331,41.89,813,1.2000000000000002,2.1
2023,6,14,18,0,19.1,0.129,9,6,0,6,0.33,58.07,814,0.6000000000000001,2
2023,6,14,19,0,16.400000000000002,0.14,9,20,0,20,0.329,64.38,814,0.6000000000000001,1.9000000000000001
2023,6,14,20,0,14.8,0.148,9,0,0,0,0.328,67.11,814,0.8,1.8
2023,6,14,21,0,13.8,0.152,9,0,0,0,0.327,69.55,814,1.1,1.8
2023,6,14,22,0,13,0.156,6,0,0,0,0.326,71.56,814,1.3,1.8
2023,6,14,23,0,12.5,0.169,6,0,0,0,0.324,72.73,814,1.5,1.9000000000000001
2023,6,15,0,0,12.3,0.17300000000000001,7,0,0,0,0.323,72.59,814,1.7000000000000002,2
2023,6,15,1,0,12.100000000000001,0.166,4,0,0,0,0.322,72.39,814,1.9000000000000001,2
2023,6,15,2,0,12,0.152,8,0,0,0,0.321,72.71000000000001,813,1.7000000000000002,2
2023,6,15,3,0,11.600000000000001,0.135,8,0,0,0,0.321,74.87,813,1.3,2
2023,6,15,4,0,11.4,0.127,7,0,0,0,0.321,75.94,813,1,1.9000000000000001
2023,6,15,5,0,12.600000000000001,0.123,7,14,0,14,0.322,75.24,814,0.9,1.9000000000000001
2023,6,15,6,0,15,0.125,8,17,0,17,0.322,67.04,814,1,1.9000000000000001
2023,6,15,7,0,17.5,0.133,8,196,180,274,0.323,55.96,814,0.9,2
2023,6,15,8,0,18.6,0.149,7,210,527,527,0.322,49.97,814,1.2000000000000002,2
2023,6,15,9,0,19,0.157,7,232,644,715,0.321,48.07,814,1.3,2.1
2023,6,15,10,0,19.3,0.16,7,166,1,167,0.319,47.32,814,1.3,2.1
2023,6,15,11,0,19.5,0.101,9,46,0,46,0.318,46.86,814,1.2000000000000002,2.1
2023,6,15,12,0,19.700000000000003,0.10300000000000001,7,395,360,740,0.316,46.2,814,1.1,2.1
2023,6,15,13,0,19.900000000000002,0.1,7,228,735,917,0.315,45.75,814,1,2.2
2023,6,15,14,0,19.900000000000002,0.08700000000000001,3,481,172,631,0.314,45.72,814,0.8,2.2
2023,6,15,15,0,19.8,0.094,7,49,0,49,0.314,45.88,814,0.7000000000000001,2.2
2023,6,15,16,0,19.200000000000003,0.099,6,281,76,327,0.313,48.34,814,0.8,2.3000000000000003
2023,6,15,17,0,17.8,0.123,3,210,332,357,0.313,56.03,815,0.9,2.4000000000000004
2023,6,15,18,0,16.1,0.129,3,60,0,60,0.314,67.8,815,1.3,2.4000000000000004
2023,6,15,19,0,14.3,0.11900000000000001,7,14,0,14,0.315,80.31,816,1.1,2.4000000000000004
2023,6,15,20,0,13.5,0.11800000000000001,7,0,0,0,0.318,82.22,817,1.1,2.4000000000000004
2023,6,15,21,0,13,0.11,6,0,0,0,0.319,83.14,817,0.6000000000000001,2.3000000000000003
2023,6,15,22,0,12.5,0.101,7,0,0,0,0.319,84.76,817,0.4,2.2
2023,6,15,23,0,11.9,0.097,7,0,0,0,0.319,85.19,817,0.5,2.1
2023,6,16,0,0,11.3,0.094,3,0,0,0,0.319,84.96000000000001,818,0.6000000000000001,2
2023,6,16,1,0,10.8,0.092,0,0,0,0,0.318,84.58,818,0.6000000000000001,2
2023,6,16,2,0,10.3,0.094,0,0,0,0,0.318,84.46000000000001,818,0.7000000000000001,1.9000000000000001
2023,6,16,3,0,9.8,0.091,0,0,0,0,0.32,84.03,818,0.8,1.8
2023,6,16,4,0,9.3,0.092,0,0,0,0,0.321,83.45,818,0.8,1.6
2023,6,16,5,0,10.8,0.10300000000000001,5,25,0,25,0.322,81.01,818,1.2000000000000002,1.5
2023,6,16,6,0,12.5,0.12,4,109,4,110,0.322,74.29,819,1.8,1.5
2023,6,16,7,0,14.600000000000001,0.13,4,130,0,130,0.321,64.53,819,2.1,1.5
2023,6,16,8,0,16.7,0.138,5,334,70,376,0.318,54.26,820,2.1,1.5
2023,6,16,9,0,18.400000000000002,0.147,5,94,0,94,0.316,47.28,820,2,1.6
2023,6,16,10,0,19.700000000000003,0.146,7,249,2,251,0.316,42.94,820,2,1.7000000000000002
2023,6,16,11,0,20.6,0.128,5,83,0,83,0.317,40.51,819,2.2,1.8
2023,6,16,12,0,20.6,0.122,7,468,55,521,0.32,41.46,819,2.8000000000000003,1.9000000000000001
2023,6,16,13,0,19.700000000000003,0.13,8,37,0,37,0.32,45.86,819,3,2.1
2023,6,16,14,0,18.400000000000002,0.123,9,70,0,70,0.317,51.82,819,2.8000000000000003,2.2
2023,6,16,15,0,17,0.132,6,26,0,26,0.314,57.72,819,2.3000000000000003,2.3000000000000003
2023,6,16,16,0,15.600000000000001,0.136,6,49,0,49,0.312,64.16,819,2.1,2.3000000000000003
2023,6,16,17,0,14,0.157,6,12,0,12,0.31,72.05,820,1.8,2.3000000000000003
2023,6,16,18,0,12.600000000000001,0.151,6,4,0,4,0.309,79.65,820,1.4000000000000001,2.2
2023,6,16,19,0,11.700000000000001,0.133,9,7,0,7,0.311,83.34,821,1.2000000000000002,2.1
2023,6,16,20,0,11.3,0.124,6,0,0,0,0.314,84.09,821,1,1.8
2023,6,16,21,0,10.700000000000001,0.105,6,0,0,0,0.317,85.54,821,1.1,1.6
2023,6,16,22,0,10,0.092,7,0,0,0,0.319,87.28,820,0.6000000000000001,1.5
2023,6,16,23,0,9.5,0.096,7,0,0,0,0.319,87.49,820,0.8,1.5
2023,6,17,0,0,9.1,0.094,6,0,0,0,0.321,86.8,820,0.7000000000000001,1.5
2023,6,17,1,0,8.200000000000001,0.08600000000000001,3,0,0,0,0.322,87.83,820,0.8,1.4000000000000001
2023,6,17,2,0,7.6000000000000005,0.082,0,0,0,0,0.322,86.02,819,0.8,1.3
2023,6,17,3,0,7.5,0.082,0,0,0,0,0.324,82.91,819,0.9,1.3
2023,6,17,4,0,7.5,0.081,0,0,0,0,0.327,80.05,819,0.9,1.3
2023,6,17,5,0,9.600000000000001,0.088,7,29,2,29,0.328,75.11,819,1,1.3
2023,6,17,6,0,12.100000000000001,0.099,8,106,26,113,0.329,63.29,818,1.5,1.3
2023,6,17,7,0,14.600000000000001,0.108,8,160,559,401,0.33,51.34,818,1.5,1.4000000000000001
2023,6,17,8,0,16.3,0.116,7,260,267,421,0.333,42.72,818,1.6,1.5
2023,6,17,9,0,17.1,0.125,8,240,527,634,0.335,40.18,818,1.5,1.5
2023,6,17,10,0,17.1,0.124,6,169,1,169,0.336,40.84,818,1.3,1.6
2023,6,17,11,0,16.8,0.092,7,444,341,763,0.337,42.53,818,1.2000000000000002,1.7000000000000002
2023,6,17,12,0,16.7,0.085,6,486,159,638,0.338,43.47,817,1.3,1.7000000000000002
2023,6,17,13,0,17.3,0.076,8,438,266,688,0.34,42.11,817,1.1,1.6
2023,6,17,14,0,17.900000000000002,0.08,0,99,937,913,0.342,40.79,816,0.9,1.6
2023,6,17,15,0,18.6,0.077,3,329,499,708,0.343,39.44,816,1.5,1.6
2023,6,17,16,0,18.7,0.073,0,81,866,611,0.34,39.26,816,1.8,1.6
2023,6,17,17,0,18.2,0.07,3,200,397,375,0.335,41.51,816,1.4000000000000001,1.5
2023,6,17,18,0,16.5,0.068,3,135,20,140,0.33,55.53,817,0.6000000000000001,1.4000000000000001
2023,6,17,19,0,13.5,0.068,1,24,324,50,0.328,61.99,817,0.30000000000000004,1.4000000000000001
2023,6,17,20,0,11.9,0.067,1,0,0,0,0.327,65.53,817,0.5,1.4000000000000001
2023,6,17,21,0,10.9,0.064,0,0,0,0,0.325,66.93,818,0.9,1.4000000000000001
2023,6,17,22,0,10.200000000000001,0.059000000000000004,1,0,0,0,0.322,66.37,818,1.2000000000000002,1.4000000000000001
2023,6,17,23,0,9.600000000000001,0.056,8,0,0,0,0.319,65.5,817,1.4000000000000001,1.4000000000000001
2023,6,18,0,0,9.3,0.054,0,0,0,0,0.317,63.440000000000005,817,1.7000000000000002,1.4000000000000001
2023,6,18,1,0,9.1,0.053,0,0,0,0,0.317,61.47,817,2.1,1.5
2023,6,18,2,0,8.9,0.052000000000000005,0,0,0,0,0.319,60.800000000000004,816,2.1,1.5
2023,6,18,3,0,8.6,0.05,0,0,0,0,0.32,61.54,816,2,1.5
2023,6,18,4,0,8.5,0.047,0,0,0,0,0.32,61.870000000000005,816,2,1.5
2023,6,18,5,0,11.4,0.042,0,20,344,43,0.318,54.89,816,2.4000000000000004,1.5
2023,6,18,6,0,15.4,0.039,7,5,0,5,0.315,44.25,816,2.9000000000000004,1.5
2023,6,18,7,0,19.3,0.039,6,142,12,147,0.312,36.31,815,2.5,1.5
2023,6,18,8,0,22.1,0.043000000000000003,8,159,711,587,0.309,30.970000000000002,815,2.3000000000000003,1.6
2023,6,18,9,0,23.900000000000002,0.049,7,154,783,740,0.306,28.97,815,2.1,1.7000000000000002
2023,6,18,10,0,25.3,0.055,7,157,826,869,0.304,27.66,814,1.8,1.8
2023,6,18,11,0,26.400000000000002,0.037,7,475,187,649,0.302,26.580000000000002,814,1.6,1.8
2023,6,18,12,0,27.200000000000003,0.035,7,327,457,765,0.3,25.96,813,1.6,1.9000000000000001
2023,6,18,13,0,27.5,0.034,8,178,802,929,0.299,26.060000000000002,813,1.6,2
2023,6,18,14,0,27.5,0.057,8,294,483,713,0.3,26.35,813,1.5,2
2023,6,18,15,0,27.1,0.054,3,286,597,739,0.3,26.86,812,1.4000000000000001,2
2023,6,18,16,0,26.400000000000002,0.048,3,242,560,585,0.3,27.97,812,1.2000000000000002,1.9000000000000001
2023,6,18,17,0,25.200000000000003,0.041,1,59,818,421,0.299,31.490000000000002,813,0.9,1.9000000000000001
2023,6,18,18,0,22.700000000000003,0.037,1,44,691,225,0.299,45.53,813,0.4,1.8
2023,6,18,19,0,19.400000000000002,0.033,1,22,394,53,0.299,50.1,813,0.5,1.7000000000000002
2023,6,18,20,0,17.1,0.03,1,0,0,0,0.3,56.61,814,0.8,1.6
2023,6,18,21,0,15.3,0.029,0,0,0,0,0.3,61.92,814,1,1.6
2023,6,18,22,0,14.3,0.029,0,0,0,0,0.301,61.63,814,1.3,1.6
2023,6,18,23,0,13.8,0.032,0,0,0,0,0.301,58.99,814,1.5,1.5
2023,6,19,0,0,13.5,0.036000000000000004,1,0,0,0,0.301,56.32,814,1.8,1.6
2023,6,19,1,0,13.3,0.041,8,0,0,0,0.3,54.2,814,2.2,1.6
2023,6,19,2,0,13.200000000000001,0.044,0,0,0,0,0.299,52.77,814,2.5,1.5
2023,6,19,3,0,12.9,0.045,0,0,0,0,0.299,53.01,814,2.6,1.4000000000000001
2023,6,19,4,0,12.5,0.046,0,0,0,0,0.298,54.13,814,2.6,1.3
2023,6,19,5,0,14.700000000000001,0.045,0,21,326,43,0.298,49.43,814,2.8000000000000003,1.2000000000000002
2023,6,19,6,0,18.6,0.045,0,46,682,216,0.298,40.84,815,3.1,1
2023,6,19,7,0,22.3,0.045,0,61,835,420,0.299,32.43,815,2.7,0.9
2023,6,19,8,0,25.3,0.045,0,71,914,620,0.3,22.88,815,2.1,0.9
2023,6,19,9,0,26.900000000000002,0.046,0,78,959,795,0.3,19.72,815,1.6,0.9
2023,6,19,10,0,28.3,0.048,0,84,980,929,0.3,18.47,815,1.7000000000000002,1
2023,6,19,11,0,29.400000000000002,0.037,0,79,1005,1018,0.299,17.64,815,2.1,1
2023,6,19,12,0,30.200000000000003,0.038,0,81,1006,1046,0.298,17.17,814,2.3000000000000003,1.1
2023,6,19,13,0,30.6,0.04,0,81,1000,1019,0.297,17.2,814,2.2,1.1
2023,6,19,14,0,30.700000000000003,0.051000000000000004,0,85,973,930,0.296,17.27,814,2.3000000000000003,1.2000000000000002
2023,6,19,15,0,30.400000000000002,0.051000000000000004,0,80,950,800,0.295,17.740000000000002,813,2.3000000000000003,1.1
2023,6,19,16,0,29.6,0.05,0,72,907,628,0.295,19.78,813,2.1,1.1
2023,6,19,17,0,28,0.047,0,61,840,434,0.293,24.21,813,1.7000000000000002,1
2023,6,19,18,0,24.200000000000003,0.046,0,47,703,231,0.291,42.910000000000004,814,1.2000000000000002,1
2023,6,19,19,0,19.400000000000002,0.045,1,23,393,55,0.28800000000000003,50.730000000000004,814,1.4000000000000001,0.9
2023,6,19,20,0,17.3,0.043000000000000003,1,0,0,0,0.28600000000000003,51.32,815,1.6,0.9
2023,6,19,21,0,16.400000000000002,0.041,0,0,0,0,0.28500000000000003,48.79,815,2,0.8
2023,6,19,22,0,15.8,0.038,0,0,0,0,0.28200000000000003,44.82,815,2.6,0.7000000000000001
2023,6,19,23,0,15.200000000000001,0.037,0,0,0,0,0.28,41.58,816,3,0.7000000000000001
2023,6,20,0,0,14.600000000000001,0.038,0,0,0,0,0.277,39.96,816,3.3000000000000003,0.7000000000000001
2023,6,20,1,0,14,0.041,0,0,0,0,0.275,39.410000000000004,816,3.5,0.7000000000000001
2023,6,20,2,0,13.5,0.045,0,0,0,0,0.274,40.31,816,3.3000000000000003,0.8
2023,6,20,3,0,13.3,0.051000000000000004,0,0,0,0,0.274,41.77,816,3,0.9
2023,6,20,4,0,13.3,0.059000000000000004,8,0,0,0,0.274,43.15,816,2.6,1.1
2023,6,20,5,0,14.4,0.067,7,30,4,31,0.274,43.08,817,2.4000000000000004,1.2000000000000002
2023,6,20,6,0,16.8,0.066,6,4,0,4,0.274,40.2,817,2.4000000000000004,1.3
2023,6,20,7,0,20.1,0.066,6,102,2,103,0.275,31.96,817,2.8000000000000003,1.3
2023,6,20,8,0,23,0.068,6,280,85,330,0.276,25.060000000000002,818,2.2,1.3
2023,6,20,9,0,24.6,0.066,6,312,24,330,0.279,21.1,818,1.9000000000000001,1.3
2023,6,20,10,0,25.3,0.064,6,399,286,645,0.28300000000000003,20.5,818,1.6,1.2000000000000002
2023,6,20,11,0,26.3,0.049,3,396,556,915,0.289,19.490000000000002,818,1.3,1.1
2023,6,20,12,0,27.700000000000003,0.047,0,86,1003,1048,0.296,18.25,818,0.9,1
2023,6,20,13,0,28.700000000000003,0.047,3,482,405,862,0.298,17.35,817,0.2,1
2023,6,20,14,0,28.900000000000002,0.049,1,83,983,937,0.296,17.240000000000002,817,0.8,1
2023,6,20,15,0,28.6,0.048,3,301,594,752,0.292,17.81,817,1.4000000000000001,1.1
2023,6,20,16,0,27.8,0.047,0,70,907,628,0.289,18.92,817,1.7000000000000002,1.2000000000000002
2023,6,20,17,0,26.3,0.048,0,61,831,431,0.28800000000000003,23.12,818,1.7000000000000002,1.2000000000000002
2023,6,20,18,0,22.900000000000002,0.049,0,47,687,228,0.28800000000000003,40.31,818,1.2000000000000002,1.3
2023,6,20,19,0,19.1,0.05,1,24,370,54,0.289,49.42,819,1.1,1.2000000000000002
2023,6,20,20,0,18.2,0.05,1,0,0,0,0.289,47.19,819,1,1.2000000000000002
2023,6,20,21,0,16.900000000000002,0.049,0,0,0,0,0.28700000000000003,50.67,820,0.9,1.2000000000000002
2023,6,20,22,0,15.8,0.048,0,0,0,0,0.28500000000000003,52.94,820,1,1.2000000000000002
2023,6,20,23,0,15.100000000000001,0.047,0,0,0,0,0.28500000000000003,52.5,820,1.2000000000000002,1.2000000000000002
2023,6,21,0,0,14.600000000000001,0.046,0,0,0,0,0.28600000000000003,50.96,819,1.3,1.2000000000000002
2023,6,21,1,0,14.100000000000001,0.045,0,0,0,0,0.28700000000000003,49.69,819,1.3,1.1
2023,6,21,2,0,13.3,0.044,0,0,0,0,0.28800000000000003,49.95,819,1.3,1.1
2023,6,21,3,0,12.200000000000001,0.044,0,0,0,0,0.29,51.230000000000004,819,1.4000000000000001,1
2023,6,21,4,0,11.4,0.046,0,0,0,0,0.291,51.76,820,1.5,1
2023,6,21,5,0,13.700000000000001,0.048,0,21,330,43,0.292,50.31,820,1.5,1
2023,6,21,6,0,18.3,0.051000000000000004,0,46,670,212,0.293,36.44,820,2.1,1.1
2023,6,21,7,0,21.8,0.055,0,63,815,413,0.293,25.97,820,1.6,1.1
2023,6,21,8,0,24.1,0.058,0,75,889,608,0.293,23.43,820,1.8,1.2000000000000002
2023,6,21,9,0,25.3,0.061,0,83,931,779,0.292,23.62,820,1.9000000000000001,1.3
2023,6,21,10,0,26.5,0.064,0,90,955,912,0.293,23.240000000000002,820,2.1,1.4000000000000001
2023,6,21,11,0,27.400000000000002,0.058,1,90,973,998,0.293,22.92,820,2.4000000000000004,1.5
2023,6,21,12,0,27.900000000000002,0.064,3,519,316,823,0.292,23.07,820,2.6,1.6
2023,6,21,13,0,28.200000000000003,0.073,3,513,172,675,0.292,23.44,819,2.8000000000000003,1.7000000000000002
2023,6,21,14,0,28.1,0.095,8,238,688,836,0.292,24.330000000000002,819,2.9000000000000004,1.8
2023,6,21,15,0,27.700000000000003,0.105,8,193,700,725,0.293,25.63,819,2.8000000000000003,1.9000000000000001
2023,6,21,16,0,26.900000000000002,0.113,7,118,1,119,0.293,27.830000000000002,818,2.8000000000000003,2
2023,6,21,17,0,25.6,0.124,7,200,96,243,0.293,33.28,819,2.5,2.1
2023,6,21,18,0,22.8,0.135,7,131,152,171,0.292,48.53,819,1.6,2.2
2023,6,21,19,0,19.400000000000002,0.14100000000000001,6,24,0,24,0.291,62.03,819,1.1,2.3000000000000003
2023,6,21,20,0,17.900000000000002,0.148,9,0,0,0,0.29,68.49,820,1,2.3000000000000003
2023,6,21,21,0,17.2,0.147,6,0,0,0,0.289,71.29,820,0.8,2.4000000000000004
2023,6,21,22,0,16,0.145,7,0,0,0,0.289,77.98,821,0.5,2.4000000000000004
2023,6,21,23,0,15.3,0.147,9,0,0,0,0.28800000000000003,82.11,821,0.6000000000000001,2.5
2023,6,22,0,0,14.9,0.147,9,0,0,0,0.28800000000000003,84.52,821,0.6000000000000001,2.5
2023,6,22,1,0,14.700000000000001,0.14200000000000002,9,0,0,0,0.289,85.76,821,0.7000000000000001,2.6
2023,6,22,2,0,14.5,0.133,9,0,0,0,0.289,86.08,821,0.7000000000000001,2.5
2023,6,22,3,0,14.200000000000001,0.13,7,0,0,0,0.289,85.58,820,0.7000000000000001,2.5
2023,6,22,4,0,14.100000000000001,0.128,8,0,0,0,0.29,85.12,820,0.7000000000000001,2.5
2023,6,22,5,0,15.8,0.127,0,24,185,36,0.29,84.15,820,0.5,2.4000000000000004
2023,6,22,6,0,18,0.12,0,62,533,193,0.291,78.51,820,1.2000000000000002,2.4000000000000004
2023,6,22,7,0,20,0.106,0,80,719,389,0.292,70.61,820,2,2.3000000000000003
2023,6,22,8,0,22.5,0.093,0,89,826,584,0.293,55.54,820,2.4000000000000004,2.2
2023,6,22,9,0,24.3,0.085,0,95,888,758,0.293,46.15,820,2.8000000000000003,2.1
2023,6,22,10,0,25.6,0.084,0,101,920,893,0.293,40.5,819,3.2,2.1
2023,6,22,11,0,26.3,0.066,3,359,586,906,0.292,37.57,819,3.5,2.1
2023,6,22,12,0,26.400000000000002,0.07100000000000001,7,225,713,909,0.292,36.69,818,3.6,2.2
2023,6,22,13,0,26.5,0.074,6,46,0,46,0.291,36.29,818,3.9000000000000004,2.3000000000000003
2023,6,22,14,0,26.200000000000003,0.093,7,315,449,705,0.29,36.94,817,3.9000000000000004,2.4000000000000004
2023,6,22,15,0,25.1,0.106,7,251,8,257,0.289,39.54,817,3.6,2.5
2023,6,22,16,0,24.200000000000003,0.10400000000000001,5,180,0,180,0.289,42.26,817,3.2,2.5
2023,6,22,17,0,22.900000000000002,0.099,5,146,1,147,0.29,47.68,817,2.8000000000000003,2.5
2023,6,22,18,0,20.900000000000002,0.093,4,8,0,8,0.291,59.67,818,2.2,2.4000000000000004
2023,6,22,19,0,17.900000000000002,0.08600000000000001,6,21,0,21,0.292,73.73,818,1.2000000000000002,2.4000000000000004
2023,6,22,20,0,16.6,0.08,6,0,0,0,0.293,77.73,819,1,2.2
2023,6,22,21,0,16,0.073,7,0,0,0,0.293,79.10000000000001,819,0.8,2
2023,6,22,22,0,15.200000000000001,0.068,0,0,0,0,0.294,81.17,819,0.8,1.8
2023,6,22,23,0,14.100000000000001,0.064,0,0,0,0,0.294,83.95,818,1,1.6
2023,6,23,0,0,13.4,0.062,0,0,0,0,0.293,84.04,818,1,1.5
2023,6,23,1,0,12.9,0.063,0,0,0,0,0.292,82.69,818,1,1.5
2023,6,23,2,0,12.4,0.066,0,0,0,0,0.291,81.63,818,0.9,1.6
2023,6,23,3,0,11.8,0.068,0,0,0,0,0.29,81.08,817,0.9,1.6
2023,6,23,4,0,11.4,0.068,0,0,0,0,0.289,79.33,817,1,1.5
2023,6,23,5,0,13.200000000000001,0.067,0,22,266,39,0.289,74.85000000000001,817,1.2000000000000002,1.4000000000000001
2023,6,23,6,0,16.3,0.064,0,51,635,206,0.28800000000000003,59.67,817,1.8,1.3
2023,6,23,7,0,19.6,0.061,0,66,804,410,0.28700000000000003,45.21,817,1.5,1.1
2023,6,23,8,0,22.400000000000002,0.06,0,77,892,611,0.28700000000000003,34.72,817,1.2000000000000002,1
2023,6,23,9,0,24.5,0.06,0,85,940,786,0.28800000000000003,28.03,817,1.7000000000000002,1
2023,6,23,10,0,26.1,0.062,0,91,971,927,0.29,23.39,816,2,0.9
2023,6,23,11,0,27.400000000000002,0.058,0,93,986,1012,0.292,20.52,816,2.1,1
2023,6,23,12,0,28.3,0.059000000000000004,1,94,990,1044,0.294,18.97,815,2.2,1
2023,6,23,13,0,28.900000000000002,0.059000000000000004,0,93,983,1015,0.295,18.09,815,2.4000000000000004,1.1
2023,6,23,14,0,29.1,0.057,7,214,748,865,0.296,17.48,814,2.4000000000000004,1.1
2023,6,23,15,0,28.8,0.056,7,248,565,677,0.298,17.48,814,2.2,1.1
2023,6,23,16,0,27.8,0.053,1,75,901,630,0.299,19.27,814,2,1.1
2023,6,23,17,0,26,0.05,3,240,214,336,0.301,23.3,814,2.1,1
2023,6,23,18,0,22.200000000000003,0.049,3,107,4,108,0.303,37.22,815,1.7000000000000002,1
2023,6,23,19,0,17.400000000000002,0.049,1,25,368,55,0.305,48.49,816,1.8,0.9
2023,6,23,20,0,15.8,0.05,0,0,0,0,0.305,49.04,816,2.2,0.8
2023,6,23,21,0,14.8,0.052000000000000005,0,0,0,0,0.305,47.550000000000004,817,2.2,0.7000000000000001
2023,6,23,22,0,13.600000000000001,0.051000000000000004,0,0,0,0,0.305,45.72,817,2.4000000000000004,0.5
2023,6,23,23,0,12.200000000000001,0.051000000000000004,0,0,0,0,0.304,45.4,817,2.6,0.4
2023,6,24,0,0,11.100000000000001,0.049,0,0,0,0,0.303,45.93,817,2.4000000000000004,0.4
2023,6,24,1,0,10.3,0.047,0,0,0,0,0.3,45.83,817,2.2,0.30000000000000004
2023,6,24,2,0,9.700000000000001,0.046,0,0,0,0,0.297,44.58,817,2.2,0.30000000000000004
2023,6,24,3,0,9.200000000000001,0.046,0,0,0,0,0.293,43.160000000000004,817,2.3000000000000003,0.4
2023,6,24,4,0,9.3,0.046,0,0,0,0,0.29,40.63,817,2.3000000000000003,0.4
2023,6,24,5,0,11.700000000000001,0.046,0,21,345,43,0.28800000000000003,36.47,818,2.6,0.5
2023,6,24,6,0,15.700000000000001,0.045,0,46,710,220,0.28700000000000003,29.88,818,2.9000000000000004,0.5
2023,6,24,7,0,19.400000000000002,0.045,0,60,858,427,0.28500000000000003,24.73,818,2.7,0.5
2023,6,24,8,0,21.8,0.044,0,70,930,626,0.28300000000000003,20.92,818,2.9000000000000004,0.6000000000000001
2023,6,24,9,0,23.3,0.044,0,77,976,804,0.28,19.3,818,2.8000000000000003,0.6000000000000001
2023,6,24,10,0,24.8,0.044,0,81,997,939,0.278,18.03,818,2.8000000000000003,0.7000000000000001
2023,6,24,11,0,26,0.037,0,80,1018,1029,0.277,17.25,818,2.8000000000000003,0.7000000000000001
2023,6,24,12,0,26.8,0.037,0,80,1018,1057,0.275,16.91,818,2.8000000000000003,0.8
2023,6,24,13,0,27.200000000000003,0.037,0,79,1015,1031,0.274,16.86,818,2.8000000000000003,0.8
2023,6,24,14,0,27.400000000000002,0.046,0,82,989,943,0.273,16.89,818,2.7,0.9
2023,6,24,15,0,27.1,0.047,0,78,962,810,0.272,17.22,819,2.4000000000000004,0.9
2023,6,24,16,0,26.3,0.045,0,70,921,638,0.271,18.22,819,2.1,0.9
2023,6,24,17,0,25,0.044,0,60,845,438,0.272,21.45,819,1.7000000000000002,1
2023,6,24,18,0,21.900000000000002,0.045,3,146,51,160,0.272,36.95,820,1.1,1
2023,6,24,19,0,18.1,0.045,8,43,22,44,0.272,44.18,821,1.3,1
2023,6,24,20,0,16.900000000000002,0.048,1,0,0,0,0.272,44.96,822,1.6,1.1
2023,6,24,21,0,15.4,0.051000000000000004,0,0,0,0,0.273,51.46,822,1.7000000000000002,1.2000000000000002
2023,6,24,22,0,13.700000000000001,0.052000000000000005,0,0,0,0,0.274,59.58,823,1.3,1.3
2023,6,24,23,0,12.5,0.053,0,0,0,0,0.274,65.51,823,0.8,1.4000000000000001
2023,6,25,0,0,11.9,0.053,7,0,0,0,0.274,68.4,823,0.30000000000000004,1.3
2023,6,25,1,0,11,0.054,5,0,0,0,0.274,72.88,823,0.4,1.3
2023,6,25,2,0,10.4,0.055,0,0,0,0,0.275,74.66,823,0.6000000000000001,1.3
2023,6,25,3,0,9.9,0.056,0,0,0,0,0.276,74.88,822,0.7000000000000001,1.2000000000000002
2023,6,25,4,0,9.600000000000001,0.055,0,0,0,0,0.277,74.22,822,0.7000000000000001,1.1
2023,6,25,5,0,11.5,0.055,0,21,306,40,0.277,69.37,822,0.8,1
2023,6,25,6,0,15.200000000000001,0.055,0,48,669,211,0.279,51.34,822,1.4000000000000001,0.9
2023,6,25,7,0,18.7,0.056,0,64,821,413,0.28,37.75,822,1.6,0.9
2023,6,25,8,0,21.6,0.057,0,75,906,616,0.28,28.23,822,1.4000000000000001,0.8
2023,6,25,9,0,23.900000000000002,0.058,0,82,953,792,0.279,23.11,822,1.2000000000000002,0.8
2023,6,25,10,0,25.6,0.06,0,88,975,926,0.278,20.67,821,1.6,0.9
2023,6,25,11,0,26.8,0.053,0,87,993,1013,0.276,19.53,821,2,1
2023,6,25,12,0,27.700000000000003,0.056,0,89,996,1045,0.274,18.93,821,2.3000000000000003,1
2023,6,25,13,0,28.1,0.06,1,91,986,1015,0.273,18.830000000000002,820,2.4000000000000004,1.1
2023,6,25,14,0,28.3,0.063,3,381,523,837,0.272,18.900000000000002,820,2.5,1.2000000000000002
2023,6,25,15,0,28.1,0.065,3,294,617,763,0.272,19.240000000000002,820,2.5,1.2000000000000002
2023,6,25,16,0,27.3,0.065,3,246,585,607,0.273,20.240000000000002,819,2.6,1.3
2023,6,25,17,0,25.8,0.063,1,66,812,430,0.273,23.7,820,2.6,1.3
2023,6,25,18,0,22.5,0.06,3,144,43,156,0.274,38.24,820,2.1,1.3
2023,6,25,19,0,18.400000000000002,0.055,1,24,371,56,0.275,49.56,820,1.9000000000000001,1.2000000000000002
2023,6,25,20,0,16.6,0.05,0,0,0,0,0.276,53.230000000000004,821,2,1.2000000000000002
2023,6,25,21,0,15.4,0.046,0,0,0,0,0.276,55.08,821,2,1.1
2023,6,25,22,0,14.3,0.045,0,0,0,0,0.277,56.07,820,1.8,1.1
2023,6,25,23,0,13.4,0.045,0,0,0,0,0.279,56.39,820,1.7000000000000002,1.1
2023,6,26,0,0,12.8,0.046,0,0,0,0,0.28,55.660000000000004,820,1.7000000000000002,1
2023,6,26,1,0,12.3,0.047,0,0,0,0,0.281,54.660000000000004,819,1.7000000000000002,1
2023,6,26,2,0,11.9,0.048,0,0,0,0,0.28200000000000003,54.07,819,1.7000000000000002,1
2023,6,26,3,0,11.4,0.049,0,0,0,0,0.28300000000000003,53.730000000000004,819,1.8,0.9
2023,6,26,4,0,11,0.049,0,0,0,0,0.28400000000000003,52.7,819,1.8,0.8
2023,6,26,5,0,13.700000000000001,0.049,0,20,322,40,0.28400000000000003,46.33,819,2.1,0.7000000000000001
2023,6,26,6,0,17.7,0.05,0,46,684,213,0.28300000000000003,34.96,820,2.5,0.7000000000000001
2023,6,26,7,0,21.400000000000002,0.049,0,61,838,418,0.28300000000000003,27.64,820,1.9000000000000001,0.7000000000000001
2023,6,26,8,0,24.5,0.048,0,71,920,619,0.28200000000000003,21.22,820,1.5,0.7000000000000001
2023,6,26,9,0,26.5,0.046,0,77,963,794,0.281,18.78,819,1,0.8
2023,6,26,10,0,28.1,0.045,0,81,992,932,0.279,17.44,819,0.7000000000000001,0.8
2023,6,26,11,0,29.400000000000002,0.037,0,78,1009,1019,0.278,16.52,818,0.9,0.9
2023,6,26,12,0,30.400000000000002,0.036000000000000004,0,78,1011,1048,0.277,15.76,818,1.1,1
2023,6,26,13,0,30.900000000000002,0.037,0,78,1003,1019,0.277,15.4,817,1.2000000000000002,1.1
2023,6,26,14,0,31,0.043000000000000003,0,79,985,937,0.277,15.31,817,1.3,1.1
2023,6,26,15,0,30.6,0.042,8,167,764,748,0.278,15.75,817,1.3,1.2000000000000002
2023,6,26,16,0,29.8,0.041,7,255,345,467,0.277,17.03,817,1.3,1.2000000000000002
2023,6,26,17,0,28.3,0.042,7,165,433,360,0.277,21.37,817,1.1,1.3
2023,6,26,18,0,25.1,0.044,0,46,697,232,0.277,37.79,817,0.7000000000000001,1.4000000000000001
2023,6,26,19,0,21.8,0.047,1,24,381,56,0.278,40.86,817,1,1.5
2023,6,26,20,0,19.6,0.049,0,0,0,0,0.278,46.92,817,1.2000000000000002,1.5
2023,6,26,21,0,17.7,0.051000000000000004,0,0,0,0,0.277,52.980000000000004,817,1.1,1.6
2023,6,26,22,0,16.7,0.055,0,0,0,0,0.275,54.38,817,1.1,1.5
2023,6,26,23,0,16.2,0.06,0,0,0,0,0.274,52.7,816,1.4000000000000001,1.5
2023,6,27,0,0,16.1,0.068,7,0,0,0,0.274,49.38,816,1.8,1.4000000000000001
2023,6,27,1,0,16.2,0.08,0,0,0,0,0.273,46.07,816,2.3000000000000003,1.5
2023,6,27,2,0,16.3,0.091,0,0,0,0,0.274,43.59,816,2.6,1.5
2023,6,27,3,0,16,0.097,0,0,0,0,0.275,43.42,815,2.7,1.6
2023,6,27,4,0,15.9,0.109,0,0,0,0,0.28,43.34,815,2.9000000000000004,1.6
2023,6,27,5,0,17.900000000000002,0.12,0,22,198,34,0.28800000000000003,39.71,816,3.6,1.7000000000000002
2023,6,27,6,0,21.1,0.11900000000000001,0,60,548,192,0.294,36.09,816,3.7,1.7000000000000002
2023,6,27,7,0,24.5,0.11,0,80,731,390,0.297,29.87,816,3.9000000000000004,1.6
2023,6,27,8,0,26.900000000000002,0.1,0,90,836,588,0.297,23.240000000000002,815,4.1000000000000005,1.5
2023,6,27,9,0,28.400000000000002,0.092,0,97,900,766,0.296,20.16,815,4.1000000000000005,1.4000000000000001
2023,6,27,10,0,29.8,0.084,1,100,941,907,0.294,18,815,4.2,1.3
2023,6,27,11,0,30.8,0.062,0,92,975,1001,0.292,16.54,814,4.3,1.3
2023,6,27,12,0,31.400000000000002,0.056,8,159,858,981,0.291,15.5,814,4.3,1.2000000000000002
2023,6,27,13,0,31.700000000000003,0.053,8,281,640,881,0.29,14.81,814,4.1000000000000005,1.2000000000000002
2023,6,27,14,0,31.6,0.049,7,203,765,870,0.29,14.36,814,3.8000000000000003,1.1
2023,6,27,15,0,31.1,0.046,3,384,377,671,0.291,14.31,814,3.3000000000000003,1.1
2023,6,27,16,0,30.200000000000003,0.045,8,155,716,597,0.291,15.11,814,2.8000000000000003,1
2023,6,27,17,0,28.6,0.045,3,243,206,335,0.291,17.73,814,2.1,1
2023,6,27,18,0,24.900000000000002,0.044,0,47,706,235,0.292,35.04,815,1,1
2023,6,27,19,0,20.5,0.044,0,24,390,57,0.292,39.7,815,1.2000000000000002,1
2023,6,27,20,0,18.900000000000002,0.046,1,0,0,0,0.294,40.13,816,1.2000000000000002,1
2023,6,27,21,0,17.5,0.049,0,0,0,0,0.295,42.83,816,1.1,1
2023,6,27,22,0,16.3,0.051000000000000004,0,0,0,0,0.295,44.89,816,1.1,1
2023,6,27,23,0,15.4,0.053,0,0,0,0,0.294,46.36,816,1.1,1
2023,6,28,0,0,15.200000000000001,0.054,0,0,0,0,0.294,45.85,817,1.2000000000000002,1.1
2023,6,28,1,0,15,0.057,0,0,0,0,0.295,47.19,817,1.3,1.2000000000000002
2023,6,28,2,0,14,0.061,0,0,0,0,0.298,54.75,817,1.3,1.2000000000000002
2023,6,28,3,0,13.200000000000001,0.064,1,0,0,0,0.3,60.27,818,1.2000000000000002,1.2000000000000002
2023,6,28,4,0,12.5,0.066,1,0,0,0,0.302,62.690000000000005,818,0.9,1.2000000000000002
2023,6,28,5,0,14.3,0.069,0,21,254,36,0.303,61,818,1,1.2000000000000002
2023,6,28,6,0,18,0.067,1,50,631,202,0.305,45.22,818,1,1.1
2023,6,28,7,0,21.6,0.064,0,66,797,403,0.307,34.06,818,1.1,1.1
2023,6,28,8,0,24.1,0.063,0,77,887,605,0.306,27.78,818,1,1
2023,6,28,9,0,26,0.062,0,85,934,778,0.305,24.05,818,0.9,1.1
2023,6,28,10,0,27.700000000000003,0.063,0,91,963,916,0.303,21.240000000000002,817,1.2000000000000002,1.1
2023,6,28,11,0,29,0.054,0,89,983,1004,0.302,19.35,817,1.6,1.2000000000000002
2023,6,28,12,0,29.900000000000002,0.054,3,344,650,967,0.301,18.04,817,1.9000000000000001,1.3
2023,6,28,13,0,30.400000000000002,0.056,7,173,839,960,0.3,17.14,816,1.9000000000000001,1.3
2023,6,28,14,0,30.6,0.055,7,414,153,547,0.3,16.45,816,1.9000000000000001,1.3
2023,6,28,15,0,30.3,0.055,8,260,495,637,0.299,16.3,816,1.8,1.3
2023,6,28,16,0,29.5,0.054,7,184,613,563,0.298,16.76,816,1.7000000000000002,1.3
2023,6,28,17,0,28,0.053,8,131,655,424,0.298,19.59,816,1.7000000000000002,1.3
2023,6,28,18,0,24.8,0.053,8,102,427,215,0.298,33.92,817,1.4000000000000001,1.3
2023,6,28,19,0,21,0.053,3,36,1,36,0.299,43.800000000000004,817,1.2000000000000002,1.3
2023,6,28,20,0,19.5,0.052000000000000005,7,0,0,0,0.299,46.18,818,1.1,1.4000000000000001
2023,6,28,21,0,18.2,0.053,1,0,0,0,0.298,50.31,818,1.1,1.4000000000000001
2023,6,28,22,0,17.1,0.056,0,0,0,0,0.298,54.59,818,1.2000000000000002,1.5
2023,6,28,23,0,16.3,0.06,0,0,0,0,0.296,59.28,818,1.5,1.6
2023,6,29,0,0,15.5,0.067,0,0,0,0,0.295,65.79,819,1.8,1.6
2023,6,29,1,0,14.600000000000001,0.076,0,0,0,0,0.295,72.86,819,1.8,1.7000000000000002
2023,6,29,2,0,14.3,0.096,3,0,0,0,0.295,76.47,819,1.5,1.8
2023,6,29,3,0,14.3,0.098,3,0,0,0,0.295,77.73,819,1,1.7000000000000002
2023,6,29,4,0,14.3,0.08700000000000001,3,0,0,0,0.295,77.47,820,0.6000000000000001,1.6
2023,6,29,5,0,15.3,0.088,1,22,218,35,0.295,75.16,820,0.5,1.5
2023,6,29,6,0,18.2,0.08,3,126,22,131,0.296,62.03,820,1,1.3
2023,6,29,7,0,21.400000000000002,0.067,3,239,70,268,0.297,43.800000000000004,820,1.7000000000000002,1.2000000000000002
2023,6,29,8,0,23.900000000000002,0.06,1,76,887,603,0.297,30.91,820,2.3000000000000003,1.1
2023,6,29,9,0,26,0.058,1,83,938,779,0.296,23.51,819,2.6,1.1
2023,6,29,10,0,27.700000000000003,0.058,0,88,967,917,0.295,19.36,819,2.6,1.1
2023,6,29,11,0,29,0.052000000000000005,3,486,383,842,0.293,16.88,819,2.6,1.1
2023,6,29,12,0,29.900000000000002,0.055,8,165,846,975,0.292,15.47,818,2.6,1.2000000000000002
2023,6,29,13,0,30.3,0.075,8,448,64,508,0.291,14.98,817,2.8000000000000003,1.3
2023,6,29,14,0,29.900000000000002,0.09,7,303,7,308,0.291,15.84,817,3.1,1.5
2023,6,29,15,0,28.6,0.122,7,254,533,660,0.29,18.72,817,3.3000000000000003,1.8
2023,6,29,16,0,26.3,0.159,8,108,1,109,0.29,24.47,818,2.5,2.1
2023,6,29,17,0,24.1,0.178,6,8,0,8,0.292,31.970000000000002,818,1.4000000000000001,2.2
2023,6,29,18,0,21.8,0.17500000000000002,7,127,286,203,0.294,42.45,819,1.1,2.3000000000000003
2023,6,29,19,0,19.1,0.187,3,34,0,34,0.295,54.38,819,1,2.4000000000000004
2023,6,29,20,0,17.6,0.182,8,0,0,0,0.297,61.79,820,1.1,2.4000000000000004
2023,6,29,21,0,16.2,0.166,7,0,0,0,0.299,68.01,821,1.6,2.4000000000000004
2023,6,29,22,0,15,0.166,7,0,0,0,0.301,73.84,821,2.1,2.4000000000000004
2023,6,29,23,0,14.100000000000001,0.17500000000000002,3,0,0,0,0.304,78.96000000000001,821,2.5,2.4000000000000004
2023,6,30,0,0,13.4,0.17,1,0,0,0,0.307,83.01,821,2.7,2.3000000000000003
2023,6,30,1,0,12.8,0.14100000000000001,3,0,0,0,0.31,85.22,821,2.9000000000000004,2.1
2023,6,30,2,0,12.5,0.132,4,0,0,0,0.312,84.35000000000001,820,2.5,1.9000000000000001
2023,6,30,3,0,11.700000000000001,0.117,7,0,0,0,0.314,84.46000000000001,820,1.6,1.8
2023,6,30,4,0,11.3,0.112,3,0,0,0,0.316,83.17,820,1.1,1.7000000000000002
2023,6,30,5,0,13,0.112,0,22,176,32,0.317,76.72,820,1,1.7000000000000002
2023,6,30,6,0,15.200000000000001,0.107,7,109,269,173,0.319,69.08,821,0.5,1.7000000000000002
2023,6,30,7,0,18.7,0.098,3,78,734,387,0.322,52.86,821,1.3,1.7000000000000002
2023,6,30,8,0,21.5,0.093,7,43,0,43,0.325,39.27,820,1.5,1.7000000000000002
2023,6,30,9,0,23.3,0.092,6,158,1,159,0.327,33.06,820,1.5,1.6
2023,6,30,10,0,24.6,0.098,6,174,1,174,0.328,29.61,820,1.9000000000000001,1.7000000000000002
2023,6,30,11,0,25.3,0.101,6,444,341,762,0.327,28.1,820,2.1,1.7000000000000002
2023,6,30,12,0,24.8,0.123,7,227,712,909,0.327,29.150000000000002,820,2.2,1.9000000000000001
2023,6,30,13,0,23.700000000000003,0.15,8,385,452,809,0.328,31.75,820,2,2
2023,6,30,14,0,22.700000000000003,0.139,9,45,0,45,0.33,34.46,821,2,2.1
2023,6,30,15,0,21.900000000000002,0.12,6,146,1,146,0.332,36.76,821,2.1,2.1
2023,6,30,16,0,21.3,0.096,8,195,536,526,0.334,38.230000000000004,821,1.8,2
2023,6,30,17,0,20.5,0.089,3,196,448,397,0.336,40.77,821,1.5,2
2023,6,30,18,0,19,0.08600000000000001,3,143,87,166,0.338,49.410000000000004,821,1.1,2
2023,6,30,19,0,16.400000000000002,0.081,8,35,5,35,0.341,62.730000000000004,822,0.6000000000000001,2
2023,6,30,20,0,15.5,0.079,4,0,0,0,0.343,63.940000000000005,822,0.2,2
2023,6,30,21,0,14.700000000000001,0.078,5,0,0,0,0.343,67.72,823,0.30000000000000004,2
2023,6,30,22,0,14,0.076,1,0,0,0,0.339,70.11,823,0.6000000000000001,2
2023,6,30,23,0,13.3,0.07100000000000001,1,0,0,0,0.332,71.98,823,0.8,2
2023,7,1,0,0,12.700000000000001,0.065,0,0,0,0,0.324,73.06,823,1,1.9000000000000001
2023,7,1,1,0,12,0.059000000000000004,0,0,0,0,0.319,74.5,822,1.1,1.8
2023,7,1,2,0,11.4,0.054,0,0,0,0,0.315,75.15,822,1.2000000000000002,1.6
2023,7,1,3,0,10.8,0.051000000000000004,0,0,0,0,0.313,75.57000000000001,822,1.3,1.4000000000000001
2023,7,1,4,0,10.5,0.048,0,0,0,0,0.312,75.02,822,1.4000000000000001,1.3
2023,7,1,5,0,13.100000000000001,0.047,0,18,294,35,0.312,67.51,823,1.9000000000000001,1.2000000000000002
2023,7,1,6,0,16.2,0.045,0,44,664,201,0.312,56.94,823,2.5,1.2000000000000002
2023,7,1,7,0,19.5,0.044,0,58,815,401,0.31,41.78,823,2.6,1.3
2023,7,1,8,0,21.700000000000003,0.045,0,69,892,596,0.309,34.65,823,2.9000000000000004,1.4000000000000001
2023,7,1,9,0,23.400000000000002,0.045,0,76,933,766,0.306,32.27,823,3.1,1.6
2023,7,1,10,0,24.900000000000002,0.047,0,81,957,900,0.304,30.57,823,3.1,1.7000000000000002
2023,7,1,11,0,26,0.04,0,80,976,988,0.303,29.18,822,3.1,1.8
2023,7,1,12,0,26.8,0.041,1,82,978,1019,0.302,28.16,822,3.1,1.9000000000000001
2023,7,1,13,0,27.400000000000002,0.042,0,82,973,994,0.301,27.36,822,3.1,1.9000000000000001
2023,7,1,14,0,27.5,0.062,3,337,580,842,0.3,27.05,821,3,2
2023,7,1,15,0,27.1,0.065,0,86,911,780,0.3,27.23,821,2.7,2
2023,7,1,16,0,26.400000000000002,0.065,0,78,864,612,0.301,28.09,821,2.4000000000000004,2
2023,7,1,17,0,25.3,0.064,7,130,5,132,0.301,30.63,821,1.8,2
2023,7,1,18,0,23.1,0.063,8,34,0,34,0.302,41.65,822,0.8,2
2023,7,1,19,0,20,0.06,3,32,1,32,0.303,48.75,822,0.5,1.9000000000000001
2023,7,1,20,0,18.2,0.058,1,0,0,0,0.303,51.22,822,0.6000000000000001,1.8
2023,7,1,21,0,16.5,0.058,0,0,0,0,0.301,57.34,823,0.8,1.8
2023,7,1,22,0,15.4,0.058,0,0,0,0,0.3,59.79,822,1,1.7000000000000002
2023,7,1,23,0,14.700000000000001,0.059000000000000004,0,0,0,0,0.299,60.29,822,1.2000000000000002,1.7000000000000002
2023,7,2,0,0,14.4,0.06,0,0,0,0,0.297,59.1,822,1.5,1.7000000000000002
2023,7,2,1,0,14.100000000000001,0.061,0,0,0,0,0.296,57.68,821,1.9000000000000001,1.6
2023,7,2,2,0,13.8,0.06,0,0,0,0,0.295,56.410000000000004,821,2.2,1.6
2023,7,2,3,0,13.5,0.057,0,0,0,0,0.295,55.29,821,2.4000000000000004,1.5
2023,7,2,4,0,13.200000000000001,0.054,0,0,0,0,0.294,54.86,821,2.5,1.5
2023,7,2,5,0,15.8,0.053,3,22,0,22,0.293,47.78,821,2.8000000000000003,1.5
2023,7,2,6,0,19.6,0.052000000000000005,0,45,640,196,0.293,38.79,821,2.9000000000000004,1.5
2023,7,2,7,0,23.5,0.051000000000000004,0,61,796,394,0.292,30.17,821,2.5,1.6
2023,7,2,8,0,25.6,0.051000000000000004,0,71,879,590,0.292,26.810000000000002,821,2.7,1.6
2023,7,2,9,0,27,0.052000000000000005,1,79,926,764,0.291,24.82,821,2.4000000000000004,1.6
2023,7,2,10,0,28.200000000000003,0.055,1,86,950,898,0.292,23.19,821,2.2,1.7000000000000002
2023,7,2,11,0,29.1,0.049,0,86,971,988,0.294,21.900000000000002,821,2.1,1.7000000000000002
2023,7,2,12,0,29.700000000000003,0.055,7,400,25,424,0.296,20.93,820,2,1.8
2023,7,2,13,0,29.900000000000002,0.062,7,326,537,830,0.298,20.55,820,2.1,1.8
2023,7,2,14,0,29.5,0.064,8,401,259,626,0.299,21.14,820,2,1.9000000000000001
2023,7,2,15,0,28.900000000000002,0.067,8,348,256,543,0.298,22.18,820,1.7000000000000002,2
2023,7,2,16,0,28,0.066,1,79,863,612,0.297,23.580000000000002,820,1.3,2
2023,7,2,17,0,27,0.062,0,66,790,421,0.295,26.02,820,0.9,2
2023,7,2,18,0,24.900000000000002,0.058,0,50,657,225,0.293,36.230000000000004,820,0.5,1.9000000000000001
2023,7,2,19,0,22.5,0.053,1,24,356,54,0.292,38.88,820,0.7000000000000001,1.8
2023,7,2,20,0,20.900000000000002,0.048,5,0,0,0,0.29,41.96,821,0.9,1.7000000000000002
2023,7,2,21,0,19.700000000000003,0.045,3,0,0,0,0.289,45.4,821,0.9,1.7000000000000002
2023,7,2,22,0,18.5,0.044,0,0,0,0,0.28700000000000003,48.78,821,0.7000000000000001,1.6
2023,7,2,23,0,17.3,0.044,0,0,0,0,0.28700000000000003,51.660000000000004,821,0.6000000000000001,1.5
2023,7,3,0,0,16.400000000000002,0.044,0,0,0,0,0.28700000000000003,53.13,821,0.7000000000000001,1.5
2023,7,3,1,0,15.600000000000001,0.045,0,0,0,0,0.28700000000000003,54.17,821,0.9,1.4000000000000001
2023,7,3,2,0,14.600000000000001,0.045,0,0,0,0,0.28700000000000003,56.11,821,1.1,1.4000000000000001
2023,7,3,3,0,13.700000000000001,0.045,0,0,0,0,0.28800000000000003,57.25,821,1.3,1.3
2023,7,3,4,0,13.200000000000001,0.044,0,0,0,0,0.28800000000000003,56.92,821,1.5,1.3
2023,7,3,5,0,15.9,0.043000000000000003,0,18,293,33,0.289,49.61,821,2.1,1.2000000000000002
2023,7,3,6,0,19.900000000000002,0.042,0,43,667,199,0.289,36.95,821,3,1.2000000000000002
2023,7,3,7,0,23.8,0.041,0,57,826,402,0.289,26.69,821,2.6,1.1
2023,7,3,8,0,26.6,0.041,0,67,906,601,0.28800000000000003,19.94,821,2.5,1.1
2023,7,3,9,0,28.400000000000002,0.041,0,74,953,778,0.28600000000000003,17.57,821,2.3000000000000003,1.1
2023,7,3,10,0,29.8,0.042,0,79,980,916,0.28400000000000003,16.48,821,2.1,1.1
2023,7,3,11,0,30.900000000000002,0.038,0,80,995,1004,0.28300000000000003,15.620000000000001,821,2,1.2000000000000002
2023,7,3,12,0,31.700000000000003,0.039,0,81,1000,1038,0.28300000000000003,15.08,820,2,1.2000000000000002
2023,7,3,13,0,32.1,0.041,0,81,988,1008,0.28200000000000003,14.91,819,2.2,1.4000000000000001
2023,7,3,14,0,32,0.055,0,87,963,925,0.28200000000000003,15.05,819,2.3000000000000003,1.4000000000000001
2023,7,3,15,0,31.400000000000002,0.063,3,303,580,745,0.28200000000000003,15.43,819,2.5,1.5
2023,7,3,16,0,30.3,0.065,3,307,339,516,0.28300000000000003,16.39,819,2.5,1.5
2023,7,3,17,0,28.700000000000003,0.063,1,68,801,427,0.28300000000000003,19.26,819,2.4000000000000004,1.5
2023,7,3,18,0,25.6,0.062,7,120,26,127,0.28300000000000003,30.54,819,1.6,1.5
2023,7,3,19,0,21.6,0.058,7,32,3,32,0.28300000000000003,38.01,819,1.4000000000000001,1.5
2023,7,3,20,0,19.700000000000003,0.057,6,0,0,0,0.28400000000000003,40.92,819,1.4000000000000001,1.5
2023,7,3,21,0,18.3,0.061,7,0,0,0,0.28400000000000003,46.13,820,1.2000000000000002,1.7000000000000002
2023,7,3,22,0,17.7,0.064,7,0,0,0,0.28400000000000003,49.94,820,1.3,1.8
2023,7,3,23,0,17.3,0.061,3,0,0,0,0.28400000000000003,52.35,820,1.3,1.8
2023,7,4,0,0,16.2,0.058,1,0,0,0,0.28500000000000003,55.56,820,1.2000000000000002,1.7000000000000002
2023,7,4,1,0,15.3,0.058,1,0,0,0,0.28500000000000003,58,820,1.1,1.7000000000000002
2023,7,4,2,0,14.700000000000001,0.07200000000000001,1,0,0,0,0.28500000000000003,59.2,819,1.1,1.7000000000000002
2023,7,4,3,0,14.3,0.1,3,0,0,0,0.28600000000000003,59.550000000000004,819,1.3,1.8
2023,7,4,4,0,14.8,0.113,7,0,0,0,0.28700000000000003,56.800000000000004,819,1.5,1.9000000000000001
2023,7,4,5,0,16.900000000000002,0.10200000000000001,7,20,1,20,0.28800000000000003,55.35,820,1.2000000000000002,1.9000000000000001
2023,7,4,6,0,20.8,0.09,8,106,274,170,0.289,43.2,819,1.3,1.8
2023,7,4,7,0,24.400000000000002,0.081,7,143,564,378,0.291,29.07,820,1.2000000000000002,1.7000000000000002
2023,7,4,8,0,26.8,0.084,7,248,282,414,0.292,24.27,820,1.7000000000000002,1.7000000000000002
2023,7,4,9,0,28,0.096,0,99,883,750,0.292,23.240000000000002,820,2.4000000000000004,1.8
2023,7,4,10,0,28.900000000000002,0.11800000000000001,7,293,6,298,0.291,22.64,820,2.8000000000000003,2
2023,7,4,11,0,29.200000000000003,0.121,7,299,591,848,0.29,22.85,820,2.8000000000000003,2.1
2023,7,4,12,0,29,0.14300000000000002,7,210,673,853,0.28700000000000003,24.28,820,2.3000000000000003,2.3000000000000003
2023,7,4,13,0,28.400000000000002,0.157,7,340,4,343,0.28600000000000003,26.54,820,1.8,2.5
2023,7,4,14,0,28,0.122,7,401,246,615,0.28500000000000003,28.19,820,2.3000000000000003,2.4000000000000004
2023,7,4,15,0,27.400000000000002,0.133,6,23,0,23,0.28400000000000003,30.21,820,2.9000000000000004,2.4000000000000004
2023,7,4,16,0,26.200000000000003,0.149,3,272,485,572,0.28400000000000003,33.31,820,3.3000000000000003,2.6
2023,7,4,17,0,24.200000000000003,0.17200000000000001,7,214,162,287,0.28400000000000003,39.24,820,3.5,2.6
2023,7,4,18,0,21.5,0.17200000000000001,6,4,0,4,0.28500000000000003,50.84,821,3,2.7
2023,7,4,19,0,18.8,0.14300000000000002,7,18,0,18,0.28500000000000003,64.96000000000001,821,2.4000000000000004,2.7
2023,7,4,20,0,16.900000000000002,0.133,4,0,0,0,0.28600000000000003,77.14,822,1.4000000000000001,2.6
2023,7,4,21,0,15.8,0.123,4,0,0,0,0.28700000000000003,84.27,822,0.8,2.5
2023,7,4,22,0,15.200000000000001,0.134,6,0,0,0,0.289,86.2,823,1.5,2.4000000000000004
2023,7,4,23,0,14.600000000000001,0.188,7,0,0,0,0.289,86.16,824,2.5,2.5
2023,7,5,0,0,13.9,0.183,4,0,0,0,0.29,85.95,824,2.6,2.5
2023,7,5,1,0,13.200000000000001,0.17200000000000001,4,0,0,0,0.291,86.12,824,2.6,2.5
2023,7,5,2,0,12.700000000000001,0.18,4,0,0,0,0.292,85.62,824,2.1,2.4000000000000004
2023,7,5,3,0,12.4,0.184,3,0,0,0,0.293,85.38,823,1.3,2.3000000000000003
2023,7,5,4,0,12.3,0.181,3,0,0,0,0.294,85.05,823,0.8,2.3000000000000003
2023,7,5,5,0,12.8,0.178,4,15,0,15,0.295,83.74,823,1.2000000000000002,2.2
2023,7,5,6,0,14.5,0.157,3,123,27,129,0.296,78.46000000000001,822,1.9000000000000001,2.1
2023,7,5,7,0,17.5,0.137,3,114,0,114,0.298,65.41,822,2.7,2.1
2023,7,5,8,0,20.6,0.129,3,106,0,106,0.299,51.43,822,3.1,2.1
2023,7,5,9,0,22.6,0.122,3,377,82,438,0.3,45.410000000000004,821,3,2.2
2023,7,5,10,0,24.400000000000002,0.116,3,194,0,194,0.302,40.46,821,2.7,2.2
2023,7,5,11,0,25.900000000000002,0.107,3,174,0,174,0.303,36.28,821,2.3000000000000003,2.2
2023,7,5,12,0,26.900000000000002,0.108,3,152,0,152,0.303,33.77,820,1.9000000000000001,2.2
2023,7,5,13,0,27.200000000000003,0.109,7,333,9,342,0.302,33.69,820,1.8,2.3000000000000003
2023,7,5,14,0,26.8,0.107,7,405,58,456,0.301,35.03,820,2,2.4000000000000004
2023,7,5,15,0,25.900000000000002,0.113,9,27,0,27,0.3,36.78,820,2.1,2.5
2023,7,5,16,0,24.6,0.113,6,165,4,167,0.298,39.77,821,2,2.5
2023,7,5,17,0,23.200000000000003,0.1,6,7,0,7,0.297,43.980000000000004,821,1.9000000000000001,2.5
2023,7,5,18,0,21.1,0.091,7,122,119,154,0.296,53.370000000000005,822,1.5,2.4000000000000004
2023,7,5,19,0,17.8,0.091,6,20,0,20,0.294,69.22,822,0.9,2.4000000000000004
2023,7,5,20,0,16.1,0.106,3,0,0,0,0.293,77.25,822,0.9,2.5
2023,7,5,21,0,15.8,0.155,3,0,0,0,0.292,79.49,823,0.7000000000000001,2.7
2023,7,5,22,0,15.4,0.181,7,0,0,0,0.291,81.44,823,0.8,2.8000000000000003
2023,7,5,23,0,14.8,0.199,1,0,0,0,0.29,83.44,823,1.3,2.7
2023,7,6,0,0,13.9,0.17,4,0,0,0,0.29,85.56,823,1.4000000000000001,2.5
2023,7,6,1,0,13.100000000000001,0.155,0,0,0,0,0.29,87.51,823,1,2.4000000000000004
2023,7,6,2,0,12.700000000000001,0.154,3,0,0,0,0.289,87.67,822,0.7000000000000001,2.3000000000000003
2023,7,6,3,0,12.100000000000001,0.148,0,0,0,0,0.289,88.93,822,0.6000000000000001,2.1
2023,7,6,4,0,11.600000000000001,0.132,0,0,0,0,0.289,88.64,821,0.7000000000000001,2
2023,7,6,5,0,13.4,0.12,5,15,0,15,0.289,82.17,821,1.4000000000000001,1.8
2023,7,6,6,0,16.1,0.105,3,57,548,183,0.29,73.24,821,1.6,1.7000000000000002
2023,7,6,7,0,20,0.097,3,77,734,380,0.291,54.04,821,1.4000000000000001,1.7000000000000002
2023,7,6,8,0,23.5,0.096,0,90,829,576,0.29,38.160000000000004,820,1.3,1.7000000000000002
2023,7,6,9,0,25.6,0.099,1,101,880,748,0.28800000000000003,31.51,820,1.4000000000000001,1.8
2023,7,6,10,0,27,0.106,7,229,4,232,0.28700000000000003,28.62,820,2,1.9000000000000001
2023,7,6,11,0,27.8,0.12,3,402,522,886,0.28500000000000003,27.47,820,2.3000000000000003,2
2023,7,6,12,0,28.200000000000003,0.138,8,259,693,920,0.28300000000000003,26.91,819,2.4000000000000004,2.1
2023,7,6,13,0,28.400000000000002,0.138,3,432,470,872,0.28300000000000003,26.72,818,2.5,2.2
2023,7,6,14,0,28.3,0.15,6,391,289,643,0.28300000000000003,26.830000000000002,818,2.5,2.2
2023,7,6,15,0,27.8,0.161,6,367,211,528,0.28400000000000003,27.45,818,2.8000000000000003,2.2
2023,7,6,16,0,26.6,0.166,6,294,193,412,0.28500000000000003,29.34,818,3.1,2.2
2023,7,6,17,0,24.8,0.164,8,209,111,259,0.28600000000000003,33.49,818,3.2,2.2
2023,7,6,18,0,22,0.148,7,123,33,132,0.28700000000000003,44.11,819,2.5,2.2
2023,7,6,19,0,18,0.131,7,34,3,35,0.28800000000000003,60.79,819,1.2000000000000002,2.1
2023,7,6,20,0,16.6,0.12,3,0,0,0,0.289,68.08,819,0.7000000000000001,2
2023,7,6,21,0,16.3,0.11,1,0,0,0,0.289,69.22,819,0.4,1.9000000000000001
2023,7,6,22,0,15.5,0.105,8,0,0,0,0.289,72.47,819,0.6000000000000001,1.8
2023,7,6,23,0,14.700000000000001,0.10400000000000001,4,0,0,0,0.28700000000000003,74.91,819,0.8,1.8
2023,7,7,0,0,13.8,0.106,0,0,0,0,0.28500000000000003,77.42,819,1.1,1.8
2023,7,7,1,0,13,0.111,0,0,0,0,0.28400000000000003,79.24,819,1.1,1.9000000000000001
2023,7,7,2,0,12.4,0.116,0,0,0,0,0.28300000000000003,80.25,819,1,1.9000000000000001
2023,7,7,3,0,12.100000000000001,0.116,0,0,0,0,0.281,79.29,819,0.9,1.8
2023,7,7,4,0,11.700000000000001,0.114,0,0,0,0,0.279,78.25,819,1,1.6
2023,7,7,5,0,13.600000000000001,0.113,0,18,169,26,0.277,71.31,819,1.2000000000000002,1.5
2023,7,7,6,0,16.900000000000002,0.109,0,56,551,182,0.277,56.6,819,1.5,1.5
2023,7,7,7,0,20.1,0.10400000000000001,0,77,737,381,0.276,41.5,819,1.7000000000000002,1.4000000000000001
2023,7,7,8,0,22.5,0.1,0,90,833,577,0.276,33.01,819,2.1,1.5
2023,7,7,9,0,24.400000000000002,0.099,0,99,890,753,0.276,28.69,819,2.3000000000000003,1.5
2023,7,7,10,0,26,0.10300000000000001,0,108,917,888,0.276,26.11,819,2.8000000000000003,1.6
2023,7,7,11,0,26.900000000000002,0.106,8,437,168,593,0.276,25.38,818,3.4000000000000004,1.7000000000000002
2023,7,7,12,0,27.200000000000003,0.124,8,380,420,782,0.276,26.11,818,3.9000000000000004,1.9000000000000001
2023,7,7,13,0,26.8,0.137,7,199,783,932,0.276,28.18,818,4,2.1
2023,7,7,14,0,26,0.14,8,295,518,745,0.277,30.76,818,3.9000000000000004,2.2
2023,7,7,15,0,25,0.158,7,319,343,580,0.278,33.74,819,3.7,2.3000000000000003
2023,7,7,16,0,23.5,0.164,8,68,0,68,0.278,38.25,819,3.6,2.4000000000000004
2023,7,7,17,0,21.6,0.17300000000000001,8,115,6,118,0.278,45.17,819,3.5,2.5
2023,7,7,18,0,19.3,0.166,4,89,2,90,0.278,56.06,820,3.1,2.5
2023,7,7,19,0,16.900000000000002,0.167,4,15,0,15,0.278,69.8,820,2.3000000000000003,2.5
2023,7,7,20,0,15.8,0.169,7,0,0,0,0.278,77.11,821,1.8,2.5
2023,7,7,21,0,15.3,0.15,7,0,0,0,0.279,81.13,821,1.2000000000000002,2.4000000000000004
2023,7,7,22,0,14.9,0.139,4,0,0,0,0.28,83.79,821,0.8,2.4000000000000004
2023,7,7,23,0,14.600000000000001,0.149,3,0,0,0,0.281,84.86,821,0.9,2.3000000000000003
2023,7,8,0,0,14.200000000000001,0.14,3,0,0,0,0.28200000000000003,85.36,820,1,2.2
2023,7,8,1,0,13.600000000000001,0.122,4,0,0,0,0.28200000000000003,86.13,820,1.1,2.1
2023,7,8,2,0,13.100000000000001,0.112,3,0,0,0,0.281,86.44,819,1.2000000000000002,2
2023,7,8,3,0,12.600000000000001,0.105,3,0,0,0,0.281,86.86,819,1.3,1.9000000000000001
2023,7,8,4,0,12.5,0.101,4,0,0,0,0.28,85.97,819,1.2000000000000002,1.9000000000000001
2023,7,8,5,0,14.200000000000001,0.1,3,7,0,7,0.281,81.7,819,1.5,1.7000000000000002
2023,7,8,6,0,16.400000000000002,0.098,3,114,14,117,0.281,74.26,819,2.2,1.7000000000000002
2023,7,8,7,0,19.8,0.097,0,75,737,378,0.28200000000000003,55.75,818,2.9000000000000004,1.6
2023,7,8,8,0,23.400000000000002,0.095,0,88,834,574,0.28200000000000003,37.77,818,3,1.6
2023,7,8,9,0,26,0.094,0,96,890,749,0.28200000000000003,28.91,817,2.5,1.6
2023,7,8,10,0,28,0.095,0,103,923,888,0.281,24.12,817,2,1.6
2023,7,8,11,0,29.5,0.095,7,168,830,936,0.281,21.34,816,2,1.6
2023,7,8,12,0,30.3,0.108,7,315,559,849,0.28,20.06,816,1.9000000000000001,1.6
2023,7,8,13,0,30.5,0.123,3,378,580,920,0.279,19.91,815,2.1,1.7000000000000002
2023,7,8,14,0,29.900000000000002,0.124,7,37,0,37,0.278,21.580000000000002,816,3.3000000000000003,1.8
2023,7,8,15,0,28.400000000000002,0.131,1,114,858,766,0.279,25.93,816,4.4,2
2023,7,8,16,0,26.5,0.131,3,350,141,437,0.28,32.18,817,4.6000000000000005,2.2
2023,7,8,17,0,24.200000000000003,0.14200000000000002,3,250,81,286,0.28,39.94,818,4.2,2.4000000000000004
2023,7,8,18,0,21.400000000000002,0.139,3,132,15,136,0.28,52.550000000000004,819,3.4000000000000004,2.4000000000000004
2023,7,8,19,0,18,0.134,1,28,214,45,0.28,70.64,820,2.2,2.5
2023,7,8,20,0,16.5,0.138,3,0,0,0,0.279,81.34,821,1.6,2.4000000000000004
2023,7,8,21,0,15.700000000000001,0.14,3,0,0,0,0.279,86.63,821,0.9,2.4000000000000004
2023,7,8,22,0,15.600000000000001,0.133,3,0,0,0,0.279,87.35000000000001,821,0.4,2.4000000000000004
2023,7,8,23,0,15.200000000000001,0.14400000000000002,3,0,0,0,0.28,88.44,821,0.5,2.4000000000000004
2023,7,9,0,0,14.8,0.145,5,0,0,0,0.28,88.96000000000001,821,0.6000000000000001,2.3000000000000003
2023,7,9,1,0,14.4,0.133,3,0,0,0,0.28,88.83,820,0.7000000000000001,2.3000000000000003
2023,7,9,2,0,13.9,0.121,3,0,0,0,0.28,88.22,820,0.9,2.2
2023,7,9,3,0,13.3,0.112,0,0,0,0,0.279,85.89,819,1.1,2.1
2023,7,9,4,0,12.9,0.101,0,0,0,0,0.278,81.84,819,1.3,1.9000000000000001
2023,7,9,5,0,14.600000000000001,0.089,0,17,176,25,0.277,71.96000000000001,819,1.7000000000000002,1.8
2023,7,9,6,0,17.7,0.077,0,50,585,181,0.276,58.14,820,2,1.7000000000000002
2023,7,9,7,0,21.6,0.07200000000000001,0,67,766,381,0.275,40.86,820,1.8,1.6
2023,7,9,8,0,24.200000000000003,0.07100000000000001,0,79,857,578,0.274,32.76,820,2.3000000000000003,1.6
2023,7,9,9,0,25.8,0.073,0,88,905,751,0.274,30.400000000000002,820,2.5,1.7000000000000002
2023,7,9,10,0,27.200000000000003,0.075,3,347,557,820,0.274,28.39,820,2.6,1.8
2023,7,9,11,0,28.5,0.069,8,272,634,858,0.274,26.150000000000002,820,2.6,1.8
2023,7,9,12,0,29.400000000000002,0.07200000000000001,7,202,768,934,0.275,24.55,820,2.7,1.9000000000000001
2023,7,9,13,0,29.900000000000002,0.076,7,243,699,896,0.275,23.6,820,2.7,2
2023,7,9,14,0,29.900000000000002,0.079,8,408,203,584,0.275,23.39,820,2.7,2
2023,7,9,15,0,29.400000000000002,0.081,8,123,1,123,0.275,23.84,820,2.7,2.1
2023,7,9,16,0,28.400000000000002,0.076,3,245,559,589,0.275,25.23,820,2.7,2.1
2023,7,9,17,0,26.8,0.073,3,202,365,365,0.274,28.36,820,2.4000000000000004,2.1
2023,7,9,18,0,24.1,0.068,3,113,5,114,0.274,39.24,820,1.6,2
2023,7,9,19,0,20.6,0.062,3,32,1,32,0.273,49.050000000000004,821,1.1,1.9000000000000001
2023,7,9,20,0,19.200000000000003,0.057,1,0,0,0,0.273,51.83,821,1.1,1.8
2023,7,9,21,0,18.3,0.055,0,0,0,0,0.273,54.26,821,1.4000000000000001,1.8
2023,7,9,22,0,17.400000000000002,0.053,0,0,0,0,0.272,57.980000000000004,821,1.6,1.7000000000000002
2023,7,9,23,0,16.7,0.051000000000000004,0,0,0,0,0.272,61.27,821,1.7000000000000002,1.6
2023,7,10,0,0,16.1,0.049,0,0,0,0,0.272,62.76,820,1.8,1.5
2023,7,10,1,0,15.600000000000001,0.047,0,0,0,0,0.271,61.92,820,1.8,1.4000000000000001
2023,7,10,2,0,15.100000000000001,0.046,0,0,0,0,0.271,59.78,820,1.9000000000000001,1.4000000000000001
2023,7,10,3,0,14.4,0.045,0,0,0,0,0.271,57.27,819,1.9000000000000001,1.4000000000000001
2023,7,10,4,0,14.200000000000001,0.047,0,0,0,0,0.271,52.15,819,1.9000000000000001,1.4000000000000001
2023,7,10,5,0,16.900000000000002,0.05,0,15,243,25,0.271,43.2,819,2.3000000000000003,1.5
2023,7,10,6,0,21.3,0.054,7,20,0,20,0.272,32.43,819,2.9000000000000004,1.6
2023,7,10,7,0,25.200000000000003,0.057,7,194,154,257,0.273,27.43,819,2.5,1.7000000000000002
2023,7,10,8,0,28.5,0.058,8,104,808,574,0.274,22.61,819,2.6,1.8
2023,7,10,9,0,30.3,0.06,7,254,10,261,0.275,20.76,819,2.7,1.8
2023,7,10,10,0,31.6,0.063,7,315,449,695,0.276,19.69,819,2.7,1.8
2023,7,10,11,0,32.4,0.056,1,88,962,977,0.276,18.900000000000002,819,2.5,1.9000000000000001
2023,7,10,12,0,32.9,0.062,8,329,522,826,0.276,18.09,819,2.2,1.9000000000000001
2023,7,10,13,0,33,0.068,3,308,669,932,0.275,17.63,819,1.8,2
2023,7,10,14,0,32.7,0.074,7,369,293,623,0.274,17.81,819,1.5,2
2023,7,10,15,0,32.1,0.074,7,194,698,723,0.273,18.56,819,1.3,2.1
2023,7,10,16,0,31.200000000000003,0.07,1,81,857,608,0.273,20.240000000000002,819,1.1,2.1
2023,7,10,17,0,29.900000000000002,0.068,0,69,779,416,0.274,22.400000000000002,819,1,2.1
2023,7,10,18,0,27.1,0.062,0,51,644,220,0.274,34.15,819,0.7000000000000001,2
2023,7,10,19,0,23.6,0.056,1,24,329,49,0.275,41.56,820,0.9,2
2023,7,10,20,0,21.8,0.05,1,0,0,0,0.274,44.08,820,1.2000000000000002,1.9000000000000001
2023,7,10,21,0,20.1,0.044,1,0,0,0,0.274,46.410000000000004,820,1.4000000000000001,1.7000000000000002
2023,7,10,22,0,19,0.041,0,0,0,0,0.274,47.25,820,1.4000000000000001,1.6
2023,7,10,23,0,18.1,0.039,3,0,0,0,0.274,47.72,820,1.4000000000000001,1.5
2023,7,11,0,0,17.400000000000002,0.04,3,0,0,0,0.273,47.93,820,1.4000000000000001,1.4000000000000001
2023,7,11,1,0,16.7,0.042,3,0,0,0,0.273,48.620000000000005,820,1.4000000000000001,1.3
2023,7,11,2,0,16.1,0.045,3,0,0,0,0.273,49.38,820,1.4000000000000001,1.3
2023,7,11,3,0,15.600000000000001,0.048,4,0,0,0,0.272,49.86,820,1.5,1.3
2023,7,11,4,0,15.200000000000001,0.05,1,0,0,0,0.272,49.92,820,1.6,1.4000000000000001
2023,7,11,5,0,17.900000000000002,0.051000000000000004,0,15,209,24,0.271,44.54,820,2,1.4000000000000001
2023,7,11,6,0,22.3,0.051000000000000004,0,44,625,183,0.272,34.52,821,2.9000000000000004,1.4000000000000001
2023,7,11,7,0,26.1,0.051000000000000004,0,60,794,382,0.273,26.77,821,2.6,1.4000000000000001
2023,7,11,8,0,29,0.051000000000000004,0,71,885,583,0.273,19.62,821,2.4000000000000004,1.3
2023,7,11,9,0,30.5,0.05,0,78,936,761,0.272,16.94,821,2.2,1.3
2023,7,11,10,0,31.700000000000003,0.05,0,83,969,904,0.272,15.58,821,1.9000000000000001,1.2000000000000002
2023,7,11,11,0,32.7,0.043000000000000003,0,82,991,997,0.271,14.51,820,1.7000000000000002,1.2000000000000002
2023,7,11,12,0,33.5,0.044,0,83,996,1032,0.271,13.63,820,1.6,1.2000000000000002
2023,7,11,13,0,33.9,0.045,0,83,992,1009,0.271,13.200000000000001,820,1.4000000000000001,1.2000000000000002
2023,7,11,14,0,33.9,0.046,0,81,975,926,0.271,13.1,819,1.3,1.3
2023,7,11,15,0,33.4,0.048,8,180,2,182,0.272,13.49,819,1.2000000000000002,1.3
2023,7,11,16,0,32.4,0.049,0,71,901,625,0.273,14.530000000000001,819,1,1.3
2023,7,11,17,0,30.8,0.05,3,216,301,350,0.274,16.72,819,0.8,1.4000000000000001
2023,7,11,18,0,27.400000000000002,0.049,3,142,45,153,0.274,29.92,819,0.5,1.3
2023,7,11,19,0,23.6,0.048,1,23,358,50,0.275,35.4,820,0.7000000000000001,1.3
2023,7,11,20,0,21.5,0.049,3,0,0,0,0.276,39.67,820,0.7000000000000001,1.3
2023,7,11,21,0,19.900000000000002,0.049,1,0,0,0,0.277,43.69,820,0.9,1.3
2023,7,11,22,0,18.6,0.051000000000000004,0,0,0,0,0.278,45.28,820,1,1.4000000000000001
2023,7,11,23,0,17.8,0.053,0,0,0,0,0.278,44.54,820,1.3,1.5
2023,7,12,0,0,17.400000000000002,0.054,0,0,0,0,0.278,42.31,820,1.7000000000000002,1.6
2023,7,12,1,0,17.400000000000002,0.057,0,0,0,0,0.278,39.93,820,2.4000000000000004,1.7000000000000002
2023,7,12,2,0,17.7,0.059000000000000004,0,0,0,0,0.279,40.43,820,3.1,1.7000000000000002
2023,7,12,3,0,17.2,0.057,0,0,0,0,0.279,45.38,820,3,1.6
2023,7,12,4,0,16.400000000000002,0.054,4,0,0,0,0.28,49.94,820,2.6,1.4000000000000001
2023,7,12,5,0,18.3,0.054,0,15,219,23,0.28,45.97,821,2.8000000000000003,1.3
2023,7,12,6,0,22,0.056,0,45,625,182,0.28200000000000003,37.35,821,2.9000000000000004,1.2000000000000002
2023,7,12,7,0,25.8,0.06,0,63,788,382,0.28300000000000003,25.900000000000002,821,2.4000000000000004,1.2000000000000002
2023,7,12,8,0,28.200000000000003,0.064,0,76,869,579,0.28300000000000003,20.04,821,2.4000000000000004,1.3
2023,7,12,9,0,29.8,0.069,0,87,917,755,0.28300000000000003,17.98,821,2,1.3
2023,7,12,10,0,31.200000000000003,0.073,0,95,942,892,0.28200000000000003,16.73,821,1.7000000000000002,1.4000000000000001
2023,7,12,11,0,32.4,0.062,8,196,777,913,0.281,15.88,821,1.7000000000000002,1.5
2023,7,12,12,0,33.300000000000004,0.065,8,175,814,949,0.28,15.4,820,1.9000000000000001,1.6
2023,7,12,13,0,33.7,0.073,8,214,752,915,0.278,15.540000000000001,820,2.3000000000000003,1.8
2023,7,12,14,0,33.5,0.07100000000000001,0,95,936,906,0.277,16.22,819,2.5,1.9000000000000001
2023,7,12,15,0,32.800000000000004,0.077,5,389,66,439,0.277,17.59,819,2.5,2.1
2023,7,12,16,0,31.8,0.077,8,161,663,568,0.276,19.27,819,2.4000000000000004,2.2
2023,7,12,17,0,30.200000000000003,0.083,8,172,396,348,0.276,22.72,819,2,2.3000000000000003
2023,7,12,18,0,27.200000000000003,0.08700000000000001,3,135,27,141,0.275,33.65,820,1.4000000000000001,2.4000000000000004
2023,7,12,19,0,23.8,0.085,1,25,264,45,0.275,44.06,820,1.5,2.4000000000000004
2023,7,12,20,0,22.700000000000003,0.08700000000000001,3,0,0,0,0.276,45.78,820,2,2.4000000000000004
2023,7,12,21,0,21.700000000000003,0.085,3,0,0,0,0.276,48.660000000000004,820,2.2,2.4000000000000004
2023,7,12,22,0,20.8,0.079,3,0,0,0,0.277,51.31,820,2.1,2.3000000000000003
2023,7,12,23,0,20,0.073,0,0,0,0,0.277,52.870000000000005,820,1.9000000000000001,2.2
2023,7,13,0,0,19.1,0.066,0,0,0,0,0.277,53.800000000000004,820,1.6,2.1
2023,7,13,1,0,18,0.058,1,0,0,0,0.277,55.21,820,1.3,2
2023,7,13,2,0,17.2,0.053,0,0,0,0,0.278,55.43,820,1.4000000000000001,1.9000000000000001
2023,7,13,3,0,16.5,0.051000000000000004,0,0,0,0,0.278,54.84,820,1.6,1.8
2023,7,13,4,0,16.1,0.052000000000000005,0,0,0,0,0.279,52.83,820,1.9000000000000001,1.7000000000000002
2023,7,13,5,0,18.400000000000002,0.054,0,14,215,22,0.279,45.43,820,2.3000000000000003,1.7000000000000002
2023,7,13,6,0,22.400000000000002,0.055,0,44,617,178,0.279,34.34,820,2.8000000000000003,1.6
2023,7,13,7,0,26.5,0.055,0,60,785,376,0.278,23.43,820,2.4000000000000004,1.6
2023,7,13,8,0,28.900000000000002,0.056,0,72,874,575,0.277,19.080000000000002,821,2.5,1.5
2023,7,13,9,0,30.5,0.058,3,276,613,722,0.276,17.14,821,2.4000000000000004,1.5
2023,7,13,10,0,31.900000000000002,0.063,0,88,949,890,0.275,15.76,820,2.1,1.5
2023,7,13,11,0,32.9,0.059000000000000004,8,377,351,700,0.274,14.9,820,1.9000000000000001,1.6
2023,7,13,12,0,33.6,0.064,3,383,574,929,0.274,14.5,820,1.8,1.6
2023,7,13,13,0,33.800000000000004,0.069,8,367,12,378,0.274,14.52,819,1.9000000000000001,1.7000000000000002
2023,7,13,14,0,33.7,0.07100000000000001,7,220,706,831,0.274,14.73,819,2,1.8
2023,7,13,15,0,33.1,0.074,3,360,408,669,0.274,15.14,818,1.8,1.8
2023,7,13,16,0,32.1,0.07200000000000001,3,269,459,550,0.274,15.93,818,1.7000000000000002,1.8
2023,7,13,17,0,30.6,0.073,0,70,780,415,0.275,17.990000000000002,818,1.5,1.8
2023,7,13,18,0,27.6,0.073,7,105,355,197,0.275,28.77,819,1,1.8
2023,7,13,19,0,23.700000000000003,0.07200000000000001,7,32,4,32,0.275,38.67,819,1.1,1.8
2023,7,13,20,0,22.3,0.077,3,0,0,0,0.275,43.36,820,1.5,1.9000000000000001
2023,7,13,21,0,21.1,0.083,5,0,0,0,0.274,48.53,820,1.7000000000000002,2.1
2023,7,13,22,0,20.400000000000002,0.08700000000000001,5,0,0,0,0.273,50.370000000000005,820,1.8,2.2
2023,7,13,23,0,19.8,0.088,5,0,0,0,0.274,51.33,820,1.8,2.2
2023,7,14,0,0,19.1,0.082,4,0,0,0,0.274,51.910000000000004,819,1.6,2.1
2023,7,14,1,0,18.3,0.07200000000000001,3,0,0,0,0.275,50.9,819,1.5,1.9000000000000001
2023,7,14,2,0,17.5,0.063,3,0,0,0,0.276,48.980000000000004,819,1.6,1.7000000000000002
2023,7,14,3,0,17,0.056,8,0,0,0,0.278,46.230000000000004,819,1.9000000000000001,1.5
2023,7,14,4,0,16.5,0.051000000000000004,0,0,0,0,0.281,44.06,820,2.4000000000000004,1.3
2023,7,14,5,0,17.6,0.047,0,14,218,21,0.28300000000000003,39.25,820,3.1,1.1
2023,7,14,6,0,20.3,0.044,0,42,653,183,0.28500000000000003,32.03,821,3.2,0.9
2023,7,14,7,0,23.700000000000003,0.042,0,57,824,387,0.28700000000000003,23.78,821,3.4000000000000004,0.9
2023,7,14,8,0,25.5,0.042,0,67,904,586,0.28800000000000003,21.46,822,3.6,1
2023,7,14,9,0,26.900000000000002,0.043000000000000003,0,74,948,763,0.28800000000000003,20.93,822,3.3000000000000003,1.1
2023,7,14,10,0,28.200000000000003,0.045,1,80,969,898,0.289,20.59,822,3.1,1.3
2023,7,14,11,0,29.200000000000003,0.04,3,382,3,385,0.289,20.42,821,2.9000000000000004,1.4000000000000001
2023,7,14,12,0,29.900000000000002,0.04,3,495,350,828,0.289,20.25,821,2.7,1.6
2023,7,14,13,0,30.3,0.041,3,314,663,931,0.289,20.25,821,2.5,1.7000000000000002
2023,7,14,14,0,30.400000000000002,0.047,8,370,361,682,0.289,20.36,821,2.4000000000000004,1.7000000000000002
2023,7,14,15,0,29.900000000000002,0.048,3,291,584,733,0.289,21.02,821,2.2,1.8
2023,7,14,16,0,29,0.05,1,72,883,612,0.289,22.13,821,2.1,1.8
2023,7,14,17,0,27.6,0.051000000000000004,3,198,362,358,0.289,24.16,821,1.9000000000000001,1.9000000000000001
2023,7,14,18,0,25,0.052000000000000005,3,138,59,153,0.289,31.48,822,1.5,1.9000000000000001
2023,7,14,19,0,20.8,0.056,3,28,1,28,0.289,46.01,823,1.1,1.9000000000000001
2023,7,14,20,0,19.700000000000003,0.061,3,0,0,0,0.289,48.09,823,1.1,1.9000000000000001
2023,7,14,21,0,18.900000000000002,0.065,1,0,0,0,0.28800000000000003,50.45,824,1,2
2023,7,14,22,0,18.1,0.068,1,0,0,0,0.28800000000000003,52.9,824,0.9,2.1
2023,7,14,23,0,17.3,0.07,0,0,0,0,0.28700000000000003,55.7,824,0.9,2.1
2023,7,15,0,0,16.6,0.07100000000000001,0,0,0,0,0.28700000000000003,58.08,823,0.8,2.1
2023,7,15,1,0,15.9,0.07,0,0,0,0,0.28700000000000003,60.47,823,0.8,2.1
2023,7,15,2,0,14.9,0.068,0,0,0,0,0.28700000000000003,64.36,823,0.9,2
2023,7,15,3,0,13.8,0.065,0,0,0,0,0.28700000000000003,69.01,823,1,1.8
2023,7,15,4,0,13.100000000000001,0.063,0,0,0,0,0.28800000000000003,70.99,823,1.3,1.7000000000000002
2023,7,15,5,0,15,0.061,0,13,178,19,0.289,62.15,823,2,1.6
2023,7,15,6,0,18.400000000000002,0.06,0,44,601,173,0.291,48.77,824,2.4000000000000004,1.5
2023,7,15,7,0,21.900000000000002,0.058,0,62,782,374,0.293,38.62,824,2.4000000000000004,1.4000000000000001
2023,7,15,8,0,24.400000000000002,0.057,0,72,873,573,0.293,32.17,824,2.4000000000000004,1.4000000000000001
2023,7,15,9,0,26.400000000000002,0.056,0,80,926,751,0.291,27.41,824,2.4000000000000004,1.4000000000000001
2023,7,15,10,0,28.200000000000003,0.055,0,85,958,892,0.289,23.93,824,2.4000000000000004,1.4000000000000001
2023,7,15,11,0,29.5,0.044,0,82,981,983,0.289,21.76,823,2.5,1.5
2023,7,15,12,0,30.400000000000002,0.046,7,175,814,948,0.28800000000000003,20.52,823,2.7,1.6
2023,7,15,13,0,30.900000000000002,0.05,0,85,973,990,0.28800000000000003,19.92,823,2.9000000000000004,1.7000000000000002
2023,7,15,14,0,30.8,0.073,0,94,938,904,0.289,20.19,822,3.1,1.8
2023,7,15,15,0,30.200000000000003,0.082,0,93,899,772,0.292,21.06,822,3.2,1.9000000000000001
2023,7,15,16,0,29.1,0.085,3,253,524,573,0.295,22.650000000000002,822,3,2
2023,7,15,17,0,27.6,0.083,7,152,502,373,0.298,25.09,823,2.5,2
2023,7,15,18,0,24.8,0.075,1,52,622,212,0.302,35.730000000000004,823,1.5,1.9000000000000001
2023,7,15,19,0,21.1,0.068,3,27,0,27,0.305,47.1,824,0.9,1.8
2023,7,15,20,0,19.8,0.063,1,0,0,0,0.305,49.92,824,0.8,1.7000000000000002
2023,7,15,21,0,18.2,0.057,1,0,0,0,0.304,54.59,824,1,1.6
2023,7,15,22,0,17.400000000000002,0.052000000000000005,0,0,0,0,0.303,56.26,824,1.5,1.5
2023,7,15,23,0,16.8,0.047,0,0,0,0,0.302,56.35,824,1.9000000000000001,1.4000000000000001
2023,7,16,0,0,16.5,0.043000000000000003,0,0,0,0,0.301,53.5,823,2.2,1.3
2023,7,16,1,0,16.1,0.039,0,0,0,0,0.301,49.76,823,2.7,1.2000000000000002
2023,7,16,2,0,15.600000000000001,0.035,0,0,0,0,0.301,46.27,823,2.8000000000000003,1.1
2023,7,16,3,0,15.100000000000001,0.032,0,0,0,0,0.3,43.36,823,2.9000000000000004,1
2023,7,16,4,0,14.8,0.031,0,0,0,0,0.298,41.43,823,2.9000000000000004,0.9
2023,7,16,5,0,16.8,0.032,0,12,254,20,0.295,37.13,823,3.2,0.9
2023,7,16,6,0,20.8,0.031,0,38,672,180,0.293,29.88,824,3.3000000000000003,1
2023,7,16,7,0,25,0.032,0,52,833,383,0.291,22.62,824,2.6,1
2023,7,16,8,0,27.5,0.034,0,63,909,582,0.289,18.84,824,2.7,1.1
2023,7,16,9,0,29.1,0.035,0,69,953,758,0.28800000000000003,17.22,824,2.8000000000000003,1.2000000000000002
2023,7,16,10,0,30.400000000000002,0.037,0,75,979,899,0.28800000000000003,16.2,824,2.7,1.2000000000000002
2023,7,16,11,0,31.5,0.033,0,75,995,989,0.28800000000000003,15.33,824,2.6,1.3
2023,7,16,12,0,32.300000000000004,0.035,0,77,996,1022,0.28700000000000003,14.61,823,2.5,1.4000000000000001
2023,7,16,13,0,32.800000000000004,0.036000000000000004,1,77,992,999,0.28700000000000003,14.11,823,2.3000000000000003,1.4000000000000001
2023,7,16,14,0,32.9,0.048,7,220,689,815,0.28600000000000003,13.75,822,2,1.4000000000000001
2023,7,16,15,0,32.6,0.045,0,75,945,788,0.28600000000000003,13.66,822,1.6,1.4000000000000001
2023,7,16,16,0,31.8,0.042,0,68,908,621,0.28600000000000003,14.05,822,1.1,1.3
2023,7,16,17,0,30.3,0.039,8,125,619,397,0.28600000000000003,15.91,822,0.8,1.2000000000000002
2023,7,16,18,0,26.700000000000003,0.037,0,44,703,223,0.28600000000000003,28.43,823,0.5,1.2000000000000002
2023,7,16,19,0,22.3,0.038,1,21,368,46,0.28600000000000003,35.94,823,0.5,1.2000000000000002
2023,7,16,20,0,20.8,0.042,1,0,0,0,0.28700000000000003,36.67,824,1,1.2000000000000002
2023,7,16,21,0,19.5,0.047,0,0,0,0,0.28700000000000003,38.01,824,1.4000000000000001,1.3
2023,7,16,22,0,18.900000000000002,0.051000000000000004,0,0,0,0,0.28700000000000003,36.730000000000004,824,1.9000000000000001,1.4000000000000001
2023,7,16,23,0,18.6,0.052000000000000005,1,0,0,0,0.28600000000000003,35.18,823,2.2,1.5
2023,7,17,0,0,18.3,0.052000000000000005,0,0,0,0,0.28400000000000003,34.480000000000004,823,2.2,1.5
2023,7,17,1,0,17.8,0.051000000000000004,0,0,0,0,0.281,35.02,823,2.1,1.5
2023,7,17,2,0,17.2,0.05,0,0,0,0,0.28,36.68,823,2,1.4000000000000001
2023,7,17,3,0,16.6,0.049,0,0,0,0,0.279,39.31,823,1.7000000000000002,1.3
2023,7,17,4,0,16,0.048,0,0,0,0,0.277,41.45,823,1.6,1.2000000000000002
2023,7,17,5,0,18.2,0.048,0,12,199,18,0.276,39.24,823,1.6,1.2000000000000002
2023,7,17,6,0,22.8,0.047,0,42,635,175,0.276,29.05,823,2.2,1.1
2023,7,17,7,0,26.8,0.046,0,57,808,377,0.275,22.42,823,1.5,1.1
2023,7,17,8,0,30.3,0.047,0,68,894,578,0.275,16.76,823,1.2000000000000002,1.1
2023,7,17,9,0,32.4,0.048,0,77,943,758,0.274,14,823,1,1.1
2023,7,17,10,0,34,0.049,0,82,969,896,0.274,12.48,823,1.1,1.2000000000000002
2023,7,17,11,0,35.300000000000004,0.038,0,79,991,988,0.274,11.56,823,1.3,1.3
2023,7,17,12,0,36.2,0.039,0,81,993,1021,0.274,11.120000000000001,822,1.6,1.4000000000000001
2023,7,17,13,0,36.7,0.047,8,238,683,872,0.274,10.92,821,1.8,1.6
2023,7,17,14,0,36.6,0.052000000000000005,3,481,225,676,0.274,11.25,821,1.8,1.8
2023,7,17,15,0,35.6,0.061,7,310,28,332,0.274,12.32,821,1.5,1.9000000000000001
2023,7,17,16,0,34.4,0.067,7,46,0,46,0.273,14,821,1.3,2.1
2023,7,17,17,0,32.5,0.069,3,199,352,353,0.272,18.28,821,1.2000000000000002,2.3000000000000003
2023,7,17,18,0,29.1,0.06,7,93,396,193,0.272,30.41,821,1,2.2
2023,7,17,19,0,25.6,0.049,7,31,6,31,0.272,34.65,821,1.3,2.1
2023,7,17,20,0,24.200000000000003,0.047,7,0,0,0,0.274,34.77,821,1.7000000000000002,1.9000000000000001
2023,7,17,21,0,23.200000000000003,0.052000000000000005,7,0,0,0,0.275,35.730000000000004,821,2.1,1.9000000000000001
2023,7,17,22,0,22.400000000000002,0.058,6,0,0,0,0.275,36.910000000000004,821,2.2,1.9000000000000001
2023,7,17,23,0,21.900000000000002,0.062,7,0,0,0,0.274,37.32,821,2.3000000000000003,1.9000000000000001
2023,7,18,0,0,21.200000000000003,0.061,0,0,0,0,0.275,37.81,820,2.3000000000000003,1.8
2023,7,18,1,0,21.1,0.058,0,0,0,0,0.275,35.93,820,2.5,1.7000000000000002
2023,7,18,2,0,21,0.059000000000000004,0,0,0,0,0.276,33.76,820,2.8000000000000003,1.7000000000000002
2023,7,18,3,0,20.400000000000002,0.062,0,0,0,0,0.277,33.63,820,3,1.6
2023,7,18,4,0,19.6,0.067,7,0,0,0,0.277,35.5,820,3,1.6
2023,7,18,5,0,20.700000000000003,0.074,0,12,133,16,0.277,36.87,821,2.6,1.6
2023,7,18,6,0,24.5,0.083,0,49,549,163,0.277,32.57,822,2.4000000000000004,1.7000000000000002
2023,7,18,7,0,28.6,0.095,7,163,327,292,0.277,23.97,822,2.5,1.9000000000000001
2023,7,18,8,0,30.900000000000002,0.109,7,236,290,401,0.277,20.27,822,2.7,2
2023,7,18,9,0,32.1,0.115,8,174,739,707,0.276,18.39,822,2.3000000000000003,2.1
2023,7,18,10,0,32.800000000000004,0.109,7,119,851,833,0.277,17.23,822,2,2.1
2023,7,18,11,0,33.800000000000004,0.084,7,224,707,872,0.277,16.080000000000002,822,1.8,2.2
2023,7,18,12,0,35,0.091,7,249,678,891,0.276,14.98,822,1.5,2.2
2023,7,18,13,0,35.5,0.107,7,394,305,677,0.276,14.56,821,1.1,2.3000000000000003
2023,7,18,14,0,34.9,0.135,7,346,29,371,0.276,15.370000000000001,821,1,2.4000000000000004
2023,7,18,15,0,33.6,0.147,7,364,125,457,0.276,17.21,821,1.4000000000000001,2.6
2023,7,18,16,0,32.2,0.14300000000000002,7,260,307,446,0.277,19.63,822,1.7000000000000002,2.7
2023,7,18,17,0,30.6,0.14300000000000002,7,157,520,384,0.278,22.79,822,2,2.7
2023,7,18,18,0,27.8,0.134,7,65,516,195,0.278,31.68,822,2,2.7
2023,7,18,19,0,24.3,0.137,7,21,0,21,0.279,41.12,822,1.4000000000000001,2.7
2023,7,18,20,0,22.700000000000003,0.169,7,0,0,0,0.278,45.76,823,0.8,2.8000000000000003
2023,7,18,21,0,22.1,0.164,7,0,0,0,0.277,48.11,824,1.4000000000000001,2.8000000000000003
2023,7,18,22,0,21.200000000000003,0.124,7,0,0,0,0.277,52,824,1.8,2.8000000000000003
2023,7,18,23,0,20.200000000000003,0.097,7,0,0,0,0.277,57.31,824,1.4000000000000001,2.7
2023,7,19,0,0,20,0.082,7,0,0,0,0.277,59.56,823,1.4000000000000001,2.5
2023,7,19,1,0,20.200000000000003,0.085,8,0,0,0,0.277,58.34,823,1.8,2.5
2023,7,19,2,0,20.3,0.098,7,0,0,0,0.278,55.78,822,2.2,2.7
2023,7,19,3,0,20.200000000000003,0.094,0,0,0,0,0.28,53.89,822,2.4000000000000004,2.7
2023,7,19,4,0,19.400000000000002,0.084,7,0,0,0,0.281,54.95,823,2.3000000000000003,2.7
2023,7,19,5,0,20.1,0.078,7,7,0,7,0.281,52.050000000000004,823,2.8000000000000003,2.6
2023,7,19,6,0,23.1,0.078,7,88,20,92,0.28,43.300000000000004,823,3.2,2.6
2023,7,19,7,0,26.6,0.085,7,148,421,313,0.28,34.11,824,3.1,2.7
2023,7,19,8,0,28.700000000000003,0.097,7,162,651,531,0.28,29.77,824,2.8000000000000003,2.8000000000000003
2023,7,19,9,0,29.6,0.121,3,281,576,696,0.279,28.43,824,2.6,2.9000000000000004
2023,7,19,10,0,29.700000000000003,0.155,7,386,250,596,0.278,28.45,824,2.6,3
2023,7,19,11,0,29.400000000000002,0.129,7,251,658,854,0.278,29.48,825,2.6,3.1
2023,7,19,12,0,29.3,0.12,1,122,894,967,0.278,29.86,825,2.5,3.1
2023,7,19,13,0,29.900000000000002,0.101,7,196,1,197,0.277,28.51,824,1.8,3
2023,7,19,14,0,30.200000000000003,0.08700000000000001,7,212,659,779,0.277,27.75,824,1.3,2.9000000000000004
2023,7,19,15,0,29.8,0.083,7,152,686,667,0.276,28.57,824,1.2000000000000002,2.9000000000000004
2023,7,19,16,0,28.900000000000002,0.078,7,244,342,452,0.275,30.72,824,1.4000000000000001,2.9000000000000004
2023,7,19,17,0,27.400000000000002,0.08,3,208,269,325,0.274,35.910000000000004,825,1.4000000000000001,2.9000000000000004
2023,7,19,18,0,25.1,0.08,7,119,112,147,0.274,48.02,825,1.1,2.9000000000000004
2023,7,19,19,0,22.5,0.077,3,21,0,21,0.274,59.56,826,0.9,2.8000000000000003
2023,7,19,20,0,21.1,0.07200000000000001,3,0,0,0,0.275,62.29,826,1,2.7
2023,7,19,21,0,20,0.073,7,0,0,0,0.275,64.77,826,1,2.6
2023,7,19,22,0,19,0.075,3,0,0,0,0.275,67.79,826,1,2.7
2023,7,19,23,0,18.2,0.076,3,0,0,0,0.274,70.51,826,1.1,2.7
2023,7,20,0,0,18.2,0.078,3,0,0,0,0.273,70.94,826,1.1,2.7
2023,7,20,1,0,18.3,0.085,7,0,0,0,0.273,70.79,825,1.2000000000000002,2.9000000000000004
2023,7,20,2,0,18.3,0.091,7,0,0,0,0.274,71.32000000000001,825,1.3,3.1
2023,7,20,3,0,17.900000000000002,0.10300000000000001,6,0,0,0,0.275,73.58,825,1.5,3.2
2023,7,20,4,0,17,0.10400000000000001,6,0,0,0,0.278,77.59,825,1.4000000000000001,3
2023,7,20,5,0,17.6,0.09,4,3,0,3,0.28,76.10000000000001,825,1.5,2.7
2023,7,20,6,0,19,0.079,4,53,0,53,0.281,72.10000000000001,825,1.6,2.5
2023,7,20,7,0,23,0.079,3,68,722,349,0.281,52.6,826,1.3,2.5
2023,7,20,8,0,26.3,0.082,4,243,451,498,0.281,38.65,825,1.8,2.6
2023,7,20,9,0,28.200000000000003,0.094,0,96,859,712,0.281,33.26,825,2.4000000000000004,2.7
2023,7,20,10,0,29.3,0.116,0,113,875,845,0.281,30.78,825,2.9000000000000004,2.8000000000000003
2023,7,20,11,0,29.5,0.10200000000000001,7,179,778,890,0.281,30.8,824,3.2,3
2023,7,20,12,0,29.200000000000003,0.113,8,330,465,770,0.28,32.51,824,3.1,3.1
2023,7,20,13,0,28.5,0.12,3,111,0,111,0.28,35.300000000000004,823,2.8000000000000003,3.3000000000000003
2023,7,20,14,0,27.1,0.155,7,221,699,822,0.281,40.5,824,2.5,3.4000000000000004
2023,7,20,15,0,25.700000000000003,0.153,7,21,0,21,0.28200000000000003,46.19,824,2.5,3.4000000000000004
2023,7,20,16,0,24.8,0.11900000000000001,7,54,0,54,0.28400000000000003,50.42,824,2.9000000000000004,3.2
2023,7,20,17,0,23.5,0.108,7,168,20,177,0.28500000000000003,56.45,824,3,3.1
2023,7,20,18,0,21.200000000000003,0.121,3,7,0,7,0.28600000000000003,68.81,825,2.8000000000000003,3
2023,7,20,19,0,18.6,0.134,3,13,0,13,0.28800000000000003,82.7,825,2.2,2.9000000000000004
2023,7,20,20,0,17.7,0.152,4,0,0,0,0.289,86.03,826,1.7000000000000002,2.8000000000000003
2023,7,20,21,0,17.1,0.145,4,0,0,0,0.29,86.72,826,1.2000000000000002,2.7
2023,7,20,22,0,16.6,0.123,3,0,0,0,0.291,86.83,826,0.7000000000000001,2.6
2023,7,20,23,0,15.9,0.112,0,0,0,0,0.291,87.97,826,0.4,2.5
2023,7,21,0,0,15.4,0.108,3,0,0,0,0.291,87.7,826,0.30000000000000004,2.4000000000000004
2023,7,21,1,0,15.100000000000001,0.10400000000000001,1,0,0,0,0.291,87.17,826,0.30000000000000004,2.4000000000000004
2023,7,21,2,0,14.8,0.107,0,0,0,0,0.291,86.76,826,0.30000000000000004,2.3000000000000003
2023,7,21,3,0,14.4,0.108,0,0,0,0,0.291,86.5,826,0.4,2.3000000000000003
2023,7,21,4,0,14.100000000000001,0.10400000000000001,0,0,0,0,0.29,85.88,826,0.5,2.2
2023,7,21,5,0,15.100000000000001,0.106,0,11,82,12,0.29,82.51,826,1.1,2.1
2023,7,21,6,0,16.900000000000002,0.10300000000000001,0,52,504,153,0.289,75.52,826,1.5,2.1
2023,7,21,7,0,20.1,0.094,0,72,712,348,0.289,59.06,826,1,2.1
2023,7,21,8,0,23.700000000000003,0.084,0,83,826,548,0.28800000000000003,42.11,826,0.9,2
2023,7,21,9,0,26.1,0.076,0,88,890,726,0.28700000000000003,34.15,825,1.4000000000000001,2
2023,7,21,10,0,27.8,0.073,0,93,929,868,0.28700000000000003,29.59,825,1.8,1.9000000000000001
2023,7,21,11,0,29.1,0.076,0,98,942,958,0.28600000000000003,26.97,825,2.2,2
2023,7,21,12,0,30,0.079,0,100,944,991,0.28500000000000003,25.580000000000002,824,2.5,2.1
2023,7,21,13,0,30.3,0.08700000000000001,0,104,932,966,0.28500000000000003,25.240000000000002,824,2.9000000000000004,2.2
2023,7,21,14,0,30,0.091,0,103,911,885,0.28500000000000003,25.92,824,3.2,2.3000000000000003
2023,7,21,15,0,29,0.107,3,369,354,634,0.28400000000000003,27.740000000000002,824,3.1,2.4000000000000004
2023,7,21,16,0,27.8,0.111,3,255,500,557,0.28400000000000003,29.96,824,2.7,2.5
2023,7,21,17,0,26.3,0.108,8,80,720,391,0.28400000000000003,33.43,824,2.2,2.4000000000000004
2023,7,21,18,0,24,0.097,8,101,372,193,0.28400000000000003,44.230000000000004,825,1.5,2.4000000000000004
2023,7,21,19,0,20.400000000000002,0.084,7,17,0,17,0.28400000000000003,57.050000000000004,825,1,2.3000000000000003
2023,7,21,20,0,19.1,0.076,3,0,0,0,0.28400000000000003,60.82,825,1,2.2
2023,7,21,21,0,18.3,0.069,1,0,0,0,0.28400000000000003,63.42,825,1,2.1
2023,7,21,22,0,17.5,0.065,0,0,0,0,0.28400000000000003,66.27,825,1.1,2
2023,7,21,23,0,16.7,0.066,0,0,0,0,0.28300000000000003,68.9,825,1.2000000000000002,2
2023,7,22,0,0,16.1,0.068,0,0,0,0,0.28200000000000003,70.14,825,1.3,2.1
2023,7,22,1,0,15.600000000000001,0.066,0,0,0,0,0.28200000000000003,70.17,825,1.4000000000000001,2
2023,7,22,2,0,15.100000000000001,0.063,3,0,0,0,0.28200000000000003,68.92,824,1.4000000000000001,1.9000000000000001
2023,7,22,3,0,14.600000000000001,0.059000000000000004,0,0,0,0,0.28200000000000003,66.61,824,1.4000000000000001,1.9000000000000001
2023,7,22,4,0,14.3,0.056,0,0,0,0,0.28200000000000003,63.5,824,1.4000000000000001,1.8
2023,7,22,5,0,16.5,0.053,0,10,144,12,0.281,55.300000000000004,824,1.6,1.8
2023,7,22,6,0,20.700000000000003,0.052000000000000005,0,41,594,159,0.28200000000000003,40.71,824,2.5,1.7000000000000002
2023,7,22,7,0,24.6,0.052000000000000005,0,58,776,357,0.28200000000000003,30.82,824,2.1,1.7000000000000002
2023,7,22,8,0,27.1,0.054,0,69,865,555,0.28300000000000003,26.25,825,2.6,1.7000000000000002
2023,7,22,9,0,28.700000000000003,0.057,0,78,916,732,0.28300000000000003,23.82,825,2.8000000000000003,1.7000000000000002
2023,7,22,10,0,30,0.064,0,87,942,872,0.28300000000000003,21.96,824,2.8000000000000003,1.7000000000000002
2023,7,22,11,0,31.1,0.059000000000000004,0,87,961,963,0.28300000000000003,20.43,824,2.8000000000000003,1.8
2023,7,22,12,0,31.900000000000002,0.066,0,93,959,996,0.28200000000000003,19.22,824,2.7,1.9000000000000001
2023,7,22,13,0,32.300000000000004,0.07100000000000001,0,94,952,973,0.28200000000000003,18.55,823,2.7,1.9000000000000001
2023,7,22,14,0,32.2,0.10200000000000001,0,106,910,886,0.28200000000000003,18.42,823,2.9000000000000004,2
2023,7,22,15,0,31.6,0.106,0,102,876,756,0.28200000000000003,18.67,823,2.8000000000000003,2
2023,7,22,16,0,30.700000000000003,0.10300000000000001,7,55,0,55,0.28300000000000003,19.19,823,2.6,2
2023,7,22,17,0,29.200000000000003,0.089,8,139,596,395,0.28300000000000003,21.56,823,2.2,1.9000000000000001
2023,7,22,18,0,25.8,0.075,0,51,615,201,0.28300000000000003,33.59,823,1.3,1.8
2023,7,22,19,0,22.200000000000003,0.067,1,19,275,36,0.28300000000000003,39.410000000000004,824,1.2000000000000002,1.6
2023,7,22,20,0,21,0.062,1,0,0,0,0.28400000000000003,39.99,824,1.3,1.5
2023,7,22,21,0,19.8,0.059000000000000004,1,0,0,0,0.28400000000000003,41.11,824,1.5,1.4000000000000001
2023,7,22,22,0,18.7,0.056,0,0,0,0,0.28500000000000003,42.51,824,1.6,1.4000000000000001
2023,7,22,23,0,18,0.053,0,0,0,0,0.28600000000000003,43.230000000000004,824,1.8,1.4000000000000001
2023,7,23,0,0,17.400000000000002,0.05,0,0,0,0,0.28700000000000003,43.59,823,1.8,1.3
2023,7,23,1,0,16.900000000000002,0.046,0,0,0,0,0.28700000000000003,43.59,823,1.8,1.2000000000000002
2023,7,23,2,0,16.5,0.042,0,0,0,0,0.28700000000000003,42.96,823,1.9000000000000001,1.2000000000000002
2023,7,23,3,0,16.1,0.039,0,0,0,0,0.28800000000000003,41.86,823,2,1.1
2023,7,23,4,0,15.8,0.039,8,0,0,0,0.289,40.02,823,2.1,1
2023,7,23,5,0,18,0.039,0,0,0,0,0.28800000000000003,34.61,823,2.4000000000000004,1
2023,7,23,6,0,23.3,0.038,3,87,341,154,0.28800000000000003,25.21,823,3,1
2023,7,23,7,0,27.700000000000003,0.038,0,54,813,366,0.28800000000000003,19.330000000000002,823,2.6,1.1
2023,7,23,8,0,31.200000000000003,0.038,0,64,898,566,0.28800000000000003,14.780000000000001,823,2.2,1.2000000000000002
2023,7,23,9,0,33.1,0.038,0,70,948,746,0.28800000000000003,12.91,823,2.1,1.2000000000000002
2023,7,23,10,0,34.4,0.039,0,75,977,889,0.289,11.96,823,2.1,1.2000000000000002
2023,7,23,11,0,35.4,0.04,0,79,989,979,0.289,11.27,823,2,1.3
2023,7,23,12,0,36,0.043000000000000003,1,82,990,1013,0.289,10.72,822,2,1.4000000000000001
2023,7,23,13,0,36.2,0.049,3,424,471,858,0.289,10.450000000000001,822,2.2,1.5
2023,7,23,14,0,35.7,0.074,8,188,773,850,0.289,10.77,822,2.4000000000000004,1.6
2023,7,23,15,0,34.2,0.097,7,91,0,91,0.289,12.39,822,2.5,1.8
2023,7,23,16,0,32.2,0.111,7,276,250,427,0.28800000000000003,15.13,823,2.2,2
2023,7,23,17,0,29.6,0.105,7,157,509,375,0.28800000000000003,23.01,824,1.3,2.1
2023,7,23,18,0,26.700000000000003,0.09,7,46,1,47,0.28700000000000003,35.6,824,0.8,2.2
2023,7,23,19,0,24.700000000000003,0.081,7,22,1,22,0.28800000000000003,38.39,824,0.8,2.2
2023,7,23,20,0,23.1,0.074,7,0,0,0,0.289,39.69,824,0.8,2.2
2023,7,23,21,0,21.400000000000002,0.079,1,0,0,0,0.29,42.14,825,1,2.2
2023,7,23,22,0,20.900000000000002,0.091,1,0,0,0,0.29,42.63,825,1.1,2.2
2023,7,23,23,0,20.6,0.093,3,0,0,0,0.289,42.47,825,1.2000000000000002,2.2
2023,7,24,0,0,20.1,0.093,8,0,0,0,0.28800000000000003,43.09,824,1.4000000000000001,2.1
2023,7,24,1,0,19.8,0.091,7,0,0,0,0.28800000000000003,43.63,824,1.8,2.1
2023,7,24,2,0,19.5,0.079,4,0,0,0,0.28800000000000003,44.97,824,2.1,2
2023,7,24,3,0,18.8,0.065,5,0,0,0,0.289,47.660000000000004,824,2.4000000000000004,2
2023,7,24,4,0,18.400000000000002,0.058,3,0,0,0,0.289,49.21,824,2.6,2
2023,7,24,5,0,19.900000000000002,0.057,0,0,0,0,0.28800000000000003,46.5,824,3.1,2
2023,7,24,6,0,23.5,0.057,3,42,569,152,0.28700000000000003,39.050000000000004,824,3.3000000000000003,2
2023,7,24,7,0,27.900000000000002,0.06,8,61,752,348,0.28600000000000003,29.25,824,2.4000000000000004,2
2023,7,24,8,0,31.3,0.062,1,74,843,544,0.28700000000000003,21.7,824,1.5,2.1
2023,7,24,9,0,33.300000000000004,0.065,0,84,894,719,0.28700000000000003,19.14,824,1.5,2.2
2023,7,24,10,0,34.7,0.07,0,92,923,859,0.28800000000000003,17.75,824,1.8,2.2
2023,7,24,11,0,35.800000000000004,0.064,1,93,944,950,0.289,16.88,824,2,2.3000000000000003
2023,7,24,12,0,36.4,0.07100000000000001,5,298,1,298,0.289,16.4,824,2.2,2.5
2023,7,24,13,0,36.2,0.074,8,145,0,145,0.289,16.62,823,2.4000000000000004,2.6
2023,7,24,14,0,35.6,0.084,7,302,11,311,0.289,17.42,823,2.1,2.8000000000000003
2023,7,24,15,0,34.7,0.08700000000000001,7,319,150,430,0.289,18.72,823,1.7000000000000002,2.9000000000000004
2023,7,24,16,0,33.4,0.082,7,15,0,15,0.289,20.75,823,1.7000000000000002,2.9000000000000004
2023,7,24,17,0,31.700000000000003,0.081,6,8,0,8,0.29,24.36,823,2.2,2.8000000000000003
2023,7,24,18,0,28.5,0.08600000000000001,6,4,0,4,0.29,35.09,823,1.6,2.8000000000000003
2023,7,24,19,0,25.200000000000003,0.095,7,20,1,20,0.291,45,824,1.2000000000000002,2.9000000000000004
2023,7,24,20,0,23.900000000000002,0.10400000000000001,7,0,0,0,0.291,50.13,824,1.2000000000000002,2.9000000000000004
2023,7,24,21,0,22.8,0.098,7,0,0,0,0.291,53.31,824,1.5,2.8000000000000003
2023,7,24,22,0,21.900000000000002,0.08600000000000001,7,0,0,0,0.29,54.89,824,1.8,2.7
2023,7,24,23,0,21.3,0.077,7,0,0,0,0.29,54.54,823,2,2.5
2023,7,25,0,0,20.900000000000002,0.07,7,0,0,0,0.289,53.45,823,2.2,2.3000000000000003
2023,7,25,1,0,20.8,0.063,7,0,0,0,0.29,51.14,823,2.5,2.2
2023,7,25,2,0,20.5,0.063,7,0,0,0,0.29,50.06,823,2.5,2.2
2023,7,25,3,0,20.3,0.075,7,0,0,0,0.29,49.47,823,2.8000000000000003,2.4000000000000004
2023,7,25,4,0,20.1,0.082,7,0,0,0,0.29,50.18,824,2.9000000000000004,2.6
2023,7,25,5,0,21.1,0.08,7,0,0,0,0.289,49.15,824,2.9000000000000004,2.5
2023,7,25,6,0,24,0.07,7,91,64,103,0.289,42.92,824,3,2.2
2023,7,25,7,0,27.8,0.06,7,139,393,288,0.289,33.65,824,2.9000000000000004,1.9000000000000001
2023,7,25,8,0,31,0.053,8,104,797,547,0.29,25.5,824,2.9000000000000004,1.8
2023,7,25,9,0,33,0.053,7,246,445,563,0.29,21.09,824,2.5,1.9000000000000001
2023,7,25,10,0,34.4,0.057,7,228,651,768,0.29,18.97,824,2.2,2.1
2023,7,25,11,0,35.300000000000004,0.051000000000000004,7,205,730,868,0.29,17.900000000000002,823,2.1,2.3000000000000003
2023,7,25,12,0,35.800000000000004,0.054,8,232,2,234,0.289,17.43,823,2.1,2.5
2023,7,25,13,0,35.7,0.065,8,241,626,817,0.289,17.51,823,2.3000000000000003,2.6
2023,7,25,14,0,34.9,0.059000000000000004,7,387,208,564,0.28800000000000003,18.52,823,2.6,2.7
2023,7,25,15,0,33.800000000000004,0.058,7,215,4,218,0.28800000000000003,19.81,823,2.7,2.7
2023,7,25,16,0,32.7,0.054,3,266,386,496,0.28800000000000003,21.29,823,2.4000000000000004,2.7
2023,7,25,17,0,31.3,0.052000000000000005,3,212,29,224,0.28700000000000003,24.12,823,1.7000000000000002,2.7
2023,7,25,18,0,28.5,0.054,3,99,4,100,0.28600000000000003,36.2,823,0.6000000000000001,2.6
2023,7,25,19,0,25.8,0.059000000000000004,3,18,0,18,0.28500000000000003,39.07,824,0.4,2.6
2023,7,25,20,0,24,0.069,5,0,0,0,0.28500000000000003,44.050000000000004,824,0.8,2.6
2023,7,25,21,0,22.700000000000003,0.078,4,0,0,0,0.28500000000000003,47.39,824,1,2.7
2023,7,25,22,0,22,0.081,5,0,0,0,0.28400000000000003,49.09,824,1.1,2.7
2023,7,25,23,0,21.3,0.081,4,0,0,0,0.28400000000000003,51.08,824,1.2000000000000002,2.7
2023,7,26,0,0,20.5,0.079,3,0,0,0,0.28300000000000003,53.550000000000004,824,1.3,2.7
2023,7,26,1,0,19.8,0.082,5,0,0,0,0.28300000000000003,55.94,823,1.4000000000000001,2.7
2023,7,26,2,0,19.5,0.088,5,0,0,0,0.28300000000000003,57.06,823,1.5,2.7
2023,7,26,3,0,19.3,0.093,0,0,0,0,0.28300000000000003,57.33,823,1.4000000000000001,2.7
2023,7,26,4,0,19.1,0.092,3,0,0,0,0.28300000000000003,57.18,823,1.3,2.6
2023,7,26,5,0,20.400000000000002,0.084,0,0,0,0,0.28300000000000003,54.69,823,1.3,2.5
2023,7,26,6,0,24.1,0.074,0,44,526,144,0.28300000000000003,43.29,824,2.1,2.4000000000000004
2023,7,26,7,0,28,0.068,0,63,733,340,0.28300000000000003,29.36,824,1.7000000000000002,2.3000000000000003
2023,7,26,8,0,30.6,0.068,0,75,829,535,0.28300000000000003,23.04,824,1.5,2.4000000000000004
2023,7,26,9,0,32.1,0.077,0,88,876,708,0.28300000000000003,21.01,824,2.2,2.5
2023,7,26,10,0,33.1,0.09,3,338,530,777,0.28300000000000003,20.150000000000002,824,2.8000000000000003,2.6
2023,7,26,11,0,33.2,0.077,8,410,176,570,0.28300000000000003,20.68,823,3.1,2.8000000000000003
2023,7,26,12,0,32.7,0.085,8,263,645,868,0.28300000000000003,22.26,823,2.8000000000000003,2.9000000000000004
2023,7,26,13,0,31.900000000000002,0.08600000000000001,8,208,711,860,0.28300000000000003,24.45,824,2.3000000000000003,3.1
2023,7,26,14,0,30.900000000000002,0.085,7,147,0,147,0.28400000000000003,26.61,823,2.3000000000000003,3.1
2023,7,26,15,0,30.5,0.077,7,226,10,233,0.28400000000000003,27.38,823,2.1,3
2023,7,26,16,0,29.8,0.075,8,12,0,12,0.28400000000000003,28.29,823,1.6,2.9000000000000004
2023,7,26,17,0,28.8,0.063,3,178,421,356,0.28500000000000003,29.810000000000002,823,1.5,2.8000000000000003
2023,7,26,18,0,26.200000000000003,0.052000000000000005,3,107,7,108,0.28500000000000003,39.550000000000004,822,1.3,2.6
2023,7,26,19,0,22.700000000000003,0.046,3,16,0,16,0.28600000000000003,47.93,822,1.3,2.4000000000000004
2023,7,26,20,0,21,0.049,3,0,0,0,0.28500000000000003,52.96,823,1.1,2.3000000000000003
2023,7,26,21,0,20,0.055,5,0,0,0,0.28400000000000003,57.35,824,0.9,2.4000000000000004
2023,7,26,22,0,19.6,0.059000000000000004,7,0,0,0,0.28300000000000003,59.08,824,0.9,2.4000000000000004
2023,7,26,23,0,19.400000000000002,0.059000000000000004,5,0,0,0,0.28200000000000003,59.59,824,1,2.5
2023,7,27,0,0,18.7,0.061,3,0,0,0,0.281,61.89,824,1,2.6
2023,7,27,1,0,17.900000000000002,0.065,0,0,0,0,0.281,64.82000000000001,823,1,2.7
2023,7,27,2,0,17.400000000000002,0.066,0,0,0,0,0.28,65.27,823,1.1,2.6
2023,7,27,3,0,17.1,0.062,0,0,0,0,0.281,64.18,823,1.3,2.5
2023,7,27,4,0,16.7,0.057,0,0,0,0,0.281,62.51,822,1.5,2.2
2023,7,27,5,0,18.400000000000002,0.052000000000000005,0,0,0,0,0.28,56.11,822,1.9000000000000001,2
2023,7,27,6,0,22.200000000000003,0.049,0,39,582,149,0.28,43.7,822,2.8000000000000003,1.8
2023,7,27,7,0,26.700000000000003,0.049,1,57,771,347,0.279,30.42,823,2.5,1.8
2023,7,27,8,0,30,0.048,0,68,867,546,0.277,22.19,823,2.3000000000000003,1.8
2023,7,27,9,0,31.700000000000003,0.048,0,75,923,727,0.276,18.85,823,2.5,1.7000000000000002
2023,7,27,10,0,33,0.05,0,82,953,869,0.275,16.85,823,2.5,1.7000000000000002
2023,7,27,11,0,33.800000000000004,0.049,8,215,733,878,0.274,16.02,823,2.3000000000000003,1.9000000000000001
2023,7,27,12,0,34.2,0.058,7,163,0,163,0.273,15.700000000000001,822,2.3000000000000003,2.1
2023,7,27,13,0,34.1,0.069,7,230,699,871,0.272,15.93,822,2.1,2.2
2023,7,27,14,0,33.7,0.077,7,285,520,727,0.271,16.21,822,1.8,2.3000000000000003
2023,7,27,15,0,32.7,0.092,8,281,20,296,0.272,16.97,822,1.4000000000000001,2.4000000000000004
2023,7,27,16,0,31.5,0.092,7,153,3,155,0.273,18.240000000000002,822,1.7000000000000002,2.4000000000000004
2023,7,27,17,0,29.5,0.079,6,7,0,7,0.274,22.09,822,2.4000000000000004,2.3000000000000003
2023,7,27,18,0,26.1,0.077,7,110,56,123,0.276,31.46,822,2.8000000000000003,2.2
2023,7,27,19,0,23,0.07100000000000001,8,19,2,19,0.277,40.39,823,3.5,2.2
2023,7,27,20,0,21.200000000000003,0.065,1,0,0,0,0.278,49.97,823,3.3000000000000003,2.1
2023,7,27,21,0,20.5,0.06,5,0,0,0,0.279,54.18,823,2.4000000000000004,2
2023,7,27,22,0,20,0.056,0,0,0,0,0.28,55.93,823,1.6,2
2023,7,27,23,0,19.200000000000003,0.052000000000000005,0,0,0,0,0.28,58.230000000000004,823,1.2000000000000002,2.1
2023,7,28,0,0,18.3,0.053,0,0,0,0,0.28,61.17,824,1.5,2.2
2023,7,28,1,0,17.1,0.056,0,0,0,0,0.28,67.26,824,2,2.3000000000000003
2023,7,28,2,0,15.9,0.061,5,0,0,0,0.28,75.79,824,1.5,2.3000000000000003
2023,7,28,3,0,15.700000000000001,0.063,0,0,0,0,0.281,78.39,824,1.1,2.3000000000000003
2023,7,28,4,0,16.1,0.06,3,0,0,0,0.28200000000000003,75.73,824,1,2.3000000000000003
2023,7,28,5,0,17.6,0.06,1,0,0,0,0.28300000000000003,69.14,824,1.2000000000000002,2.3000000000000003
2023,7,28,6,0,21.5,0.062,5,83,276,134,0.28400000000000003,54.19,824,1.6,2.4000000000000004
2023,7,28,7,0,25.8,0.064,5,199,49,217,0.28400000000000003,36.38,824,0.8,2.4000000000000004
2023,7,28,8,0,29.200000000000003,0.065,8,216,379,425,0.28300000000000003,25.93,824,1,2.4000000000000004
2023,7,28,9,0,31.3,0.064,1,82,891,710,0.28200000000000003,21.45,824,1.4000000000000001,2.3000000000000003
2023,7,28,10,0,33,0.068,0,90,924,852,0.28200000000000003,18.53,824,1.7000000000000002,2.2
2023,7,28,11,0,34.2,0.062,7,352,392,706,0.281,16.76,823,2.2,2.2
2023,7,28,12,0,34.6,0.067,8,331,10,340,0.28,16.21,823,2.6,2.3000000000000003
2023,7,28,13,0,34.4,0.073,7,440,78,511,0.279,16.65,823,2.5,2.4000000000000004
2023,7,28,14,0,33.2,0.109,7,421,143,543,0.278,18.5,823,1.8,2.6
2023,7,28,15,0,31.1,0.11900000000000001,8,19,0,19,0.277,22.04,824,1.4000000000000001,2.8000000000000003
2023,7,28,16,0,29.200000000000003,0.106,7,278,134,358,0.277,25.77,824,2,2.8000000000000003
2023,7,28,17,0,27.400000000000002,0.106,7,179,313,310,0.278,30.01,824,2,2.7
2023,7,28,18,0,24.900000000000002,0.106,0,56,530,179,0.278,40.44,825,1.2000000000000002,2.7
2023,7,28,19,0,22,0.099,1,17,162,24,0.278,50.660000000000004,825,0.9,2.6
2023,7,28,20,0,20.6,0.088,3,0,0,0,0.278,53.300000000000004,826,1.1,2.5
2023,7,28,21,0,19.5,0.08,5,0,0,0,0.278,55.44,825,1.3,2.5
2023,7,28,22,0,18.7,0.078,0,0,0,0,0.278,57.74,825,1.4000000000000001,2.5
2023,7,28,23,0,18.1,0.078,0,0,0,0,0.278,60.050000000000004,825,1.5,2.6
2023,7,29,0,0,17.8,0.078,0,0,0,0,0.278,61.5,825,1.5,2.6
2023,7,29,1,0,17.6,0.078,0,0,0,0,0.278,62.42,825,1.6,2.7
2023,7,29,2,0,17.400000000000002,0.074,0,0,0,0,0.278,63.21,825,1.7000000000000002,2.6
2023,7,29,3,0,17.1,0.069,0,0,0,0,0.278,64.35,825,2,2.5
2023,7,29,4,0,16.8,0.066,0,0,0,0,0.279,65.68,825,2.4000000000000004,2.3000000000000003
2023,7,29,5,0,17.7,0.066,0,0,0,0,0.278,63.71,825,2.9000000000000004,2.2
2023,7,29,6,0,20,0.067,0,42,536,140,0.279,57.4,825,2.9000000000000004,2.1
2023,7,29,7,0,23.6,0.067,0,62,739,336,0.278,45.99,826,2.3000000000000003,2
2023,7,29,8,0,27.200000000000003,0.069,0,76,837,535,0.278,32.79,826,1.8,2
2023,7,29,9,0,29.8,0.07100000000000001,0,85,890,711,0.277,25.78,826,1.4000000000000001,2.1
2023,7,29,10,0,31.900000000000002,0.074,7,280,508,698,0.276,21.94,826,1.6,2.2
2023,7,29,11,0,33.4,0.068,7,244,654,834,0.275,19.81,825,1.8,2.3000000000000003
2023,7,29,12,0,34.300000000000004,0.073,8,219,729,899,0.275,18.740000000000002,825,2,2.5
2023,7,29,13,0,34.5,0.081,3,327,615,889,0.274,18.6,825,2,2.6
2023,7,29,14,0,34,0.116,7,399,195,564,0.274,19.37,824,1.9000000000000001,2.8000000000000003
2023,7,29,15,0,32.5,0.135,7,220,5,224,0.275,21.81,825,1.6,3
2023,7,29,16,0,30.3,0.138,6,15,0,15,0.276,26.400000000000002,825,1.5,3.2
2023,7,29,17,0,28,0.131,6,121,5,123,0.277,32.47,825,1.6,3.2
2023,7,29,18,0,25.3,0.121,8,109,137,140,0.278,42.94,825,1.9000000000000001,3.1
2023,7,29,19,0,22.400000000000002,0.117,3,13,0,13,0.28,56.04,826,2.2,3.1
2023,7,29,20,0,21.1,0.12,8,0,0,0,0.28,65.46000000000001,826,1.8,3.1
2023,7,29,21,0,20.6,0.121,7,0,0,0,0.28,68.73,826,1.5,3.1
2023,7,29,22,0,20.200000000000003,0.109,8,0,0,0,0.28,69.93,826,1.9000000000000001,3
2023,7,29,23,0,19.8,0.099,1,0,0,0,0.281,70.38,826,2.1,2.9000000000000004
2023,7,30,0,0,19.400000000000002,0.088,8,0,0,0,0.28200000000000003,70.07000000000001,826,2.1,2.8000000000000003
2023,7,30,1,0,19.1,0.078,8,0,0,0,0.28200000000000003,68.77,825,2.2,2.6
2023,7,30,2,0,18.400000000000002,0.07200000000000001,7,0,0,0,0.28300000000000003,69.93,825,2.1,2.5
2023,7,30,3,0,17.900000000000002,0.075,3,0,0,0,0.28300000000000003,70.73,824,2.3000000000000003,2.5
2023,7,30,4,0,17.900000000000002,0.079,0,0,0,0,0.28200000000000003,69.57000000000001,825,2.9000000000000004,2.4000000000000004
2023,7,30,5,0,18.7,0.079,0,0,0,0,0.281,65.34,825,3.4000000000000004,2.4000000000000004
2023,7,30,6,0,20.6,0.076,0,43,510,135,0.281,58.4,825,3.3000000000000003,2.3000000000000003
2023,7,30,7,0,24.400000000000002,0.07100000000000001,0,63,726,331,0.28200000000000003,45.28,825,2.4000000000000004,2.2
2023,7,30,8,0,28.8,0.069,0,76,831,530,0.28200000000000003,30.29,825,1.6,2.2
2023,7,30,9,0,31.400000000000002,0.067,0,83,891,708,0.28200000000000003,23.86,825,1.4000000000000001,2.2
2023,7,30,10,0,33.1,0.068,0,90,922,847,0.28200000000000003,20.95,825,2,2.3000000000000003
2023,7,30,11,0,34,0.066,7,166,810,896,0.28200000000000003,19.38,824,2.4000000000000004,2.3000000000000003
2023,7,30,12,0,34.1,0.075,7,185,0,185,0.28200000000000003,19.03,824,2.6,2.4000000000000004
2023,7,30,13,0,33.800000000000004,0.083,7,67,0,67,0.28200000000000003,19.26,824,2.6,2.5
2023,7,30,14,0,33.1,0.091,6,163,1,164,0.28200000000000003,20.07,823,2.2,2.6
2023,7,30,15,0,31.900000000000002,0.111,6,134,1,134,0.281,21.94,823,1.6,2.7
2023,7,30,16,0,30.3,0.125,6,93,1,93,0.281,25.14,823,0.7000000000000001,2.8000000000000003
2023,7,30,17,0,28.1,0.146,6,41,0,41,0.28,32.35,823,1.1,2.9000000000000004
2023,7,30,18,0,25,0.14300000000000002,6,57,2,57,0.28,45.02,824,2,3
2023,7,30,19,0,22.6,0.14300000000000002,6,11,0,11,0.28,50.79,824,2.7,3.1
2023,7,30,20,0,21.6,0.156,6,0,0,0,0.28,53.550000000000004,824,3.1,3
2023,7,30,21,0,20.900000000000002,0.158,7,0,0,0,0.28,55.45,825,2.9000000000000004,3
2023,7,30,22,0,20.400000000000002,0.14,7,0,0,0,0.279,55.83,825,2.5,2.8000000000000003
2023,7,30,23,0,19.8,0.117,6,0,0,0,0.279,56.96,824,1.7000000000000002,2.6
2023,7,31,0,0,19.400000000000002,0.098,7,0,0,0,0.28,57.26,823,1,2.3000000000000003
2023,7,31,1,0,19.200000000000003,0.088,7,0,0,0,0.28,56.31,823,1,2.1
2023,7,31,2,0,18.900000000000002,0.08600000000000001,7,0,0,0,0.281,56.29,823,1.1,2.1
2023,7,31,3,0,18.400000000000002,0.08700000000000001,7,0,0,0,0.281,57.68,823,1.2000000000000002,2.2
2023,7,31,4,0,17.900000000000002,0.089,7,0,0,0,0.281,59.04,824,1.2000000000000002,2.4000000000000004
2023,7,31,5,0,18.400000000000002,0.091,1,0,0,0,0.281,58.27,825,1.2000000000000002,2.5
2023,7,31,6,0,20.8,0.09,7,88,118,109,0.281,50.96,825,1.7000000000000002,2.5
2023,7,31,7,0,23.3,0.089,7,140,424,295,0.281,45.21,825,1.3,2.5
2023,7,31,8,0,26.1,0.08600000000000001,3,223,533,514,0.28,38.36,825,1.1,2.5
2023,7,31,9,0,28.6,0.084,0,92,868,699,0.28,32.1,825,1.1,2.5
2023,7,31,10,0,30.3,0.085,0,100,903,840,0.28,27.95,825,1.7000000000000002,2.5
2023,7,31,11,0,31.1,0.069,0,95,933,934,0.28,25.73,824,2,2.6
2023,7,31,12,0,31.5,0.07200000000000001,0,98,938,970,0.28,24.39,824,2.2,2.6
2023,7,31,13,0,31.5,0.078,8,316,487,759,0.28,23.91,824,2.3000000000000003,2.7
2023,7,31,14,0,31.3,0.091,6,391,65,445,0.281,23.69,823,2.3000000000000003,2.8000000000000003
2023,7,31,15,0,30.5,0.112,9,23,0,23,0.28200000000000003,24.98,823,2.2,2.8000000000000003
2023,7,31,16,0,29.3,0.131,9,217,26,233,0.28300000000000003,27.330000000000002,823,2.1,3
2023,7,31,17,0,27.700000000000003,0.165,9,7,0,7,0.28300000000000003,31.28,823,1.9000000000000001,3.1
2023,7,31,18,0,25.1,0.186,9,4,0,4,0.28200000000000003,43.36,823,1,3.2
2023,7,31,19,0,22.700000000000003,0.171,9,9,0,9,0.28300000000000003,54.15,824,0.8,3.2
2023,7,31,20,0,21.6,0.153,9,0,0,0,0.28300000000000003,60.120000000000005,824,0.4,3.1
2023,7,31,21,0,20.8,0.129,9,0,0,0,0.28300000000000003,62.95,824,0.5,3
2023,7,31,22,0,19.3,0.127,9,0,0,0,0.28200000000000003,69.95,824,1.1,3
2023,7,31,23,0,18.5,0.128,9,0,0,0,0.281,73.2,825,2.4000000000000004,3.1
2023,8,1,0,0,17.5,0.105,6,0,0,0,0.28,74.9,826,3.7,3.1
2023,8,1,1,0,16.6,0.07200000000000001,6,0,0,0,0.28,74.81,825,3.8000000000000003,2.9000000000000004
2023,8,1,2,0,16.2,0.055,6,0,0,0,0.28200000000000003,74.35000000000001,824,2.7,2.6
2023,8,1,3,0,16.400000000000002,0.054,7,0,0,0,0.28300000000000003,71.65,823,2.8000000000000003,2.4000000000000004
2023,8,1,4,0,16.8,0.06,7,0,0,0,0.28300000000000003,67.01,823,3.1,2.5
2023,8,1,5,0,17.400000000000002,0.065,7,0,0,0,0.28400000000000003,62.18,823,2.7,2.5
2023,8,1,6,0,19.1,0.063,8,80,194,114,0.28400000000000003,56.19,823,2.1,2.4000000000000004
2023,8,1,7,0,21.6,0.062,5,197,121,241,0.28500000000000003,48.07,823,2,2.4000000000000004
2023,8,1,8,0,24.900000000000002,0.062,3,301,140,378,0.28500000000000003,37.550000000000004,824,1.3,2.4000000000000004
2023,8,1,9,0,28,0.062,3,256,615,685,0.28400000000000003,30.28,824,1.5,2.5
2023,8,1,10,0,29.8,0.065,7,152,802,809,0.28300000000000003,27.46,823,1.5,2.6
2023,8,1,11,0,30.900000000000002,0.06,0,91,935,930,0.28200000000000003,26.1,823,1.4000000000000001,2.8000000000000003
2023,8,1,12,0,30.900000000000002,0.07,6,63,0,63,0.28200000000000003,26.8,823,1.4000000000000001,2.9000000000000004
2023,8,1,13,0,30,0.085,6,65,0,65,0.281,29.51,822,1.3,3.1
2023,8,1,14,0,28.5,0.097,9,35,0,35,0.281,33.88,823,1.2000000000000002,3.3000000000000003
2023,8,1,15,0,26.900000000000002,0.112,9,24,0,24,0.28200000000000003,39.2,823,1.2000000000000002,3.4000000000000004
2023,8,1,16,0,25.400000000000002,0.116,6,13,0,13,0.28300000000000003,45.480000000000004,823,1.4000000000000001,3.5
2023,8,1,17,0,23.900000000000002,0.114,6,11,0,11,0.28400000000000003,52.910000000000004,823,1.4000000000000001,3.5
2023,8,1,18,0,22.400000000000002,0.117,6,19,0,19,0.28500000000000003,60.57,824,1.1,3.5
2023,8,1,19,0,20.900000000000002,0.12,7,9,0,9,0.28600000000000003,69.53,824,0.7000000000000001,3.5
2023,8,1,20,0,20.200000000000003,0.122,7,0,0,0,0.28700000000000003,72.49,824,0.7000000000000001,3.5
2023,8,1,21,0,19.6,0.123,7,0,0,0,0.28700000000000003,74.66,824,0.8,3.5
2023,8,1,22,0,19.1,0.123,7,0,0,0,0.28700000000000003,76.02,824,1.1,3.4000000000000004
2023,8,1,23,0,18.7,0.125,8,0,0,0,0.28700000000000003,77.15,824,1.4000000000000001,3.4000000000000004
2023,8,2,0,0,18.400000000000002,0.121,0,0,0,0,0.28700000000000003,77.65,823,1.5,3.3000000000000003
2023,8,2,1,0,17.900000000000002,0.106,7,0,0,0,0.28700000000000003,77.81,823,1.6,3
2023,8,2,2,0,17.3,0.088,7,0,0,0,0.28800000000000003,77.49,822,1.7000000000000002,2.8000000000000003
2023,8,2,3,0,16.8,0.078,8,0,0,0,0.28800000000000003,76.9,822,2,2.6
2023,8,2,4,0,16.5,0.07200000000000001,3,0,0,0,0.28800000000000003,75.48,822,2.2,2.5
2023,8,2,5,0,17.1,0.068,1,0,0,0,0.28800000000000003,72.29,823,2.5,2.5
2023,8,2,6,0,19.400000000000002,0.064,0,41,512,129,0.28800000000000003,64.36,823,2.9000000000000004,2.4000000000000004
2023,8,2,7,0,22.900000000000002,0.061,3,160,374,295,0.28700000000000003,50.18,823,2.3000000000000003,2.4000000000000004
2023,8,2,8,0,26,0.061,1,73,831,523,0.28600000000000003,36.44,824,1.8,2.4000000000000004
2023,8,2,9,0,27.6,0.065,3,285,521,648,0.28400000000000003,32.29,824,1.9000000000000001,2.5
2023,8,2,10,0,28.700000000000003,0.07,5,428,119,526,0.28300000000000003,30.5,823,2,2.6
2023,8,2,11,0,29.400000000000002,0.058,5,266,0,267,0.28200000000000003,29.740000000000002,823,2.1,2.6
2023,8,2,12,0,29.6,0.062,8,205,1,206,0.281,30.14,823,2.2,2.7
2023,8,2,13,0,29.3,0.064,8,201,721,855,0.28,31.63,823,2.2,2.9000000000000004
2023,8,2,14,0,28.6,0.063,7,270,5,275,0.278,33.78,823,2,3
2023,8,2,15,0,27.700000000000003,0.068,7,304,274,503,0.277,36.31,823,1.6,3.1
2023,8,2,16,0,26.6,0.07100000000000001,0,80,823,557,0.276,39.53,823,1.2000000000000002,3.1
2023,8,2,17,0,25.6,0.07,1,67,735,365,0.275,44.480000000000004,823,1,3
2023,8,2,18,0,23.400000000000002,0.061,3,112,39,121,0.275,58.78,823,0.9,2.8000000000000003
2023,8,2,19,0,20.900000000000002,0.055,6,8,0,8,0.275,66.7,823,0.9,2.7
2023,8,2,20,0,19.900000000000002,0.055,7,0,0,0,0.275,68.52,823,0.9,2.7
2023,8,2,21,0,19.3,0.06,8,0,0,0,0.275,69.18,823,0.6000000000000001,2.8000000000000003
2023,8,2,22,0,18.400000000000002,0.066,8,0,0,0,0.274,72.22,823,0.5,2.8000000000000003
2023,8,2,23,0,17.6,0.07200000000000001,7,0,0,0,0.274,75.54,823,0.7000000000000001,2.8000000000000003
2023,8,3,0,0,16.900000000000002,0.07200000000000001,4,0,0,0,0.274,75.83,823,0.8,2.8000000000000003
2023,8,3,1,0,16.400000000000002,0.067,7,0,0,0,0.274,75.38,822,0.9,2.7
2023,8,3,2,0,15.9,0.059000000000000004,8,0,0,0,0.274,74.97,822,0.9,2.5
2023,8,3,3,0,15.5,0.053,5,0,0,0,0.275,74.36,822,0.9,2.3000000000000003
2023,8,3,4,0,15.4,0.049,0,0,0,0,0.275,72.67,822,1,2.1
2023,8,3,5,0,16.3,0.048,0,0,0,0,0.275,69.72,822,1.4000000000000001,2
2023,8,3,6,0,18.8,0.047,0,37,552,131,0.275,59.980000000000004,822,2.1,2
2023,8,3,7,0,22.700000000000003,0.046,0,55,759,328,0.275,44.730000000000004,822,1.6,2
2023,8,3,8,0,25.900000000000002,0.044,3,294,180,391,0.276,32.56,822,1.1,2
2023,8,3,9,0,27.900000000000002,0.041,0,72,918,709,0.278,27.95,822,0.6000000000000001,2
2023,8,3,10,0,29.400000000000002,0.041,3,285,646,812,0.28,25.32,821,0.7000000000000001,2
2023,8,3,11,0,30.3,0.04,3,363,547,852,0.281,24.19,821,1.3,2.1
2023,8,3,12,0,30.700000000000003,0.046,8,216,2,217,0.28200000000000003,23.86,821,1.8,2.2
2023,8,3,13,0,30.6,0.053,7,421,41,459,0.28400000000000003,24.26,821,2,2.3000000000000003
2023,8,3,14,0,30.1,0.07100000000000001,7,304,11,313,0.28400000000000003,25.07,821,2,2.4000000000000004
2023,8,3,15,0,29.200000000000003,0.078,8,119,1,119,0.28400000000000003,26.28,821,1.8,2.4000000000000004
2023,8,3,16,0,28,0.077,8,163,617,519,0.28400000000000003,28.01,821,1.9000000000000001,2.4000000000000004
2023,8,3,17,0,26.400000000000002,0.069,1,66,752,369,0.28500000000000003,32.45,821,1.9000000000000001,2.2
2023,8,3,18,0,23.3,0.063,1,45,586,171,0.28600000000000003,46.980000000000004,821,1.2000000000000002,2.1
2023,8,3,19,0,20.6,0.061,1,12,159,16,0.28700000000000003,55.39,822,0.9,2.1
2023,8,3,20,0,19.6,0.06,1,0,0,0,0.289,58.77,822,0.6000000000000001,2
2023,8,3,21,0,18.5,0.059000000000000004,0,0,0,0,0.289,62.230000000000004,823,0.4,2
2023,8,3,22,0,17.5,0.056,0,0,0,0,0.289,64.86,823,0.8,2
2023,8,3,23,0,16.400000000000002,0.053,0,0,0,0,0.289,67.86,822,1,2
2023,8,4,0,0,15.700000000000001,0.053,0,0,0,0,0.28800000000000003,68.66,822,1.1,2
2023,8,4,1,0,15.200000000000001,0.054,3,0,0,0,0.28700000000000003,69.02,822,1.3,2.1
2023,8,4,2,0,14.700000000000001,0.059000000000000004,5,0,0,0,0.28600000000000003,69.88,822,1.3,2.1
2023,8,4,3,0,14.200000000000001,0.065,0,0,0,0,0.28600000000000003,70.78,822,1.3,2.2
2023,8,4,4,0,14,0.07,0,0,0,0,0.28600000000000003,70.75,822,1.4000000000000001,2.2
2023,8,4,5,0,15,0.075,0,0,0,0,0.28600000000000003,68.44,822,1.7000000000000002,2.3000000000000003
2023,8,4,6,0,18,0.08,0,43,480,123,0.28600000000000003,57.75,822,2.3000000000000003,2.3000000000000003
2023,8,4,7,0,21.700000000000003,0.083,0,67,698,317,0.28800000000000003,43.77,822,1.8,2.3000000000000003
2023,8,4,8,0,24.200000000000003,0.07100000000000001,0,77,824,519,0.29,36.25,822,1.5,2.2
2023,8,4,9,0,26.200000000000003,0.067,0,85,890,701,0.292,31.48,822,1.1,2.1
2023,8,4,10,0,28,0.062,3,412,351,698,0.294,27.51,822,0.5,2
2023,8,4,11,0,29.400000000000002,0.051000000000000004,3,491,264,726,0.295,24.35,821,0.5,1.9000000000000001
2023,8,4,12,0,30.5,0.05,8,181,796,916,0.295,21.91,821,0.6000000000000001,1.9000000000000001
2023,8,4,13,0,31.1,0.05,7,251,651,839,0.295,20.26,820,0.6000000000000001,1.9000000000000001
2023,8,4,14,0,31.3,0.051000000000000004,8,171,781,824,0.294,19.45,820,0.8,1.8
2023,8,4,15,0,30.900000000000002,0.052000000000000005,8,283,24,300,0.294,19.5,820,1.1,1.8
2023,8,4,16,0,29.900000000000002,0.052000000000000005,8,145,694,544,0.294,20.54,820,1.3,1.8
2023,8,4,17,0,28.200000000000003,0.053,3,183,344,320,0.295,24.11,820,1.2000000000000002,1.8
2023,8,4,18,0,24.8,0.052000000000000005,1,43,609,172,0.296,37.42,821,0.7000000000000001,1.8
2023,8,4,19,0,21.6,0.048,8,9,1,9,0.298,43.27,821,0.7000000000000001,1.7000000000000002
2023,8,4,20,0,20.1,0.045,1,0,0,0,0.299,47.22,822,0.7000000000000001,1.7000000000000002
2023,8,4,21,0,19.1,0.045,0,0,0,0,0.3,50.74,822,0.4,1.8
2023,8,4,22,0,18.1,0.046,0,0,0,0,0.299,54.27,822,0.5,1.8
2023,8,4,23,0,17.3,0.048,0,0,0,0,0.298,55.4,822,1,1.9000000000000001
2023,8,5,0,0,16.6,0.051000000000000004,0,0,0,0,0.297,56.46,822,1.6,2
2023,8,5,1,0,16,0.053,0,0,0,0,0.296,57.34,822,1.7000000000000002,2
2023,8,5,2,0,15.5,0.052000000000000005,5,0,0,0,0.296,58.13,823,1.4000000000000001,2
2023,8,5,3,0,15.4,0.05,3,0,0,0,0.297,56.120000000000005,823,1,1.8
2023,8,5,4,0,15.5,0.049,0,0,0,0,0.298,53.120000000000005,822,0.7000000000000001,1.7000000000000002
2023,8,5,5,0,16,0.05,0,0,0,0,0.298,54.04,823,0.5,1.7000000000000002
2023,8,5,6,0,19.1,0.056,0,38,531,126,0.298,43.97,823,0.5,1.8
2023,8,5,7,0,22,0.07,7,127,532,316,0.298,35.74,823,0.7000000000000001,1.9000000000000001
2023,8,5,8,0,23.5,0.085,1,82,813,517,0.297,32.63,823,1.1,2
2023,8,5,9,0,24.700000000000003,0.096,8,141,770,672,0.298,30.67,823,1.5,2.2
2023,8,5,10,0,25.900000000000002,0.095,7,195,732,789,0.299,29.060000000000002,823,1.7000000000000002,2.2
2023,8,5,11,0,27.200000000000003,0.065,3,449,362,771,0.299,27.150000000000002,822,1.8,2.2
2023,8,5,12,0,28.200000000000003,0.059000000000000004,8,269,624,844,0.299,25.6,822,1.5,2.1
2023,8,5,13,0,28.8,0.061,7,41,0,41,0.298,24.5,821,1.4000000000000001,2.2
2023,8,5,14,0,29,0.08700000000000001,8,224,630,749,0.296,23.66,821,1.3,2.2
2023,8,5,15,0,28.8,0.089,7,20,0,20,0.295,23.45,821,1.3,2.2
2023,8,5,16,0,28,0.088,7,227,29,244,0.294,24.560000000000002,821,1.6,2.2
2023,8,5,17,0,26.5,0.093,8,7,0,7,0.294,28.26,821,2,2.2
2023,8,5,18,0,23.3,0.098,8,15,0,15,0.294,38.730000000000004,822,2.2,2.2
2023,8,5,19,0,20.3,0.1,3,5,0,5,0.294,46.57,823,2.9000000000000004,2.3000000000000003
2023,8,5,20,0,18.1,0.10200000000000001,3,0,0,0,0.295,54.480000000000004,825,2.8000000000000003,2.3000000000000003
2023,8,5,21,0,16.5,0.099,4,0,0,0,0.295,60.97,826,2.3000000000000003,2.3000000000000003
2023,8,5,22,0,14.700000000000001,0.093,4,0,0,0,0.295,68.79,826,1.3,2.3000000000000003
2023,8,5,23,0,14,0.094,4,0,0,0,0.293,71.53,826,0.9,2.2
2023,8,6,0,0,13.5,0.08600000000000001,3,0,0,0,0.291,73.09,826,0.5,2.2
2023,8,6,1,0,12.9,0.081,3,0,0,0,0.29,74.7,825,0.4,2.1
2023,8,6,2,0,12.200000000000001,0.077,3,0,0,0,0.28800000000000003,76.99,825,0.30000000000000004,2.1
2023,8,6,3,0,11.8,0.077,3,0,0,0,0.28700000000000003,77.8,824,0.30000000000000004,2
2023,8,6,4,0,11.5,0.084,1,0,0,0,0.28600000000000003,78.69,825,0.4,2
2023,8,6,5,0,12.100000000000001,0.097,3,0,0,0,0.28400000000000003,76.44,825,0.7000000000000001,2
2023,8,6,6,0,14.4,0.114,3,66,1,67,0.28400000000000003,67.94,825,1.5,2
2023,8,6,7,0,16.900000000000002,0.129,3,168,12,172,0.28300000000000003,57.17,825,1.7000000000000002,2
2023,8,6,8,0,19.6,0.14100000000000001,3,56,0,56,0.28400000000000003,46.58,825,1.6,2
2023,8,6,9,0,22,0.147,3,107,0,107,0.28400000000000003,39.42,825,1.7000000000000002,2
2023,8,6,10,0,24.1,0.157,3,170,0,170,0.28600000000000003,34.09,824,2.2,2.1
2023,8,6,11,0,25.6,0.124,3,122,0,122,0.28800000000000003,30.8,823,2.9000000000000004,2.1
2023,8,6,12,0,26.1,0.152,7,291,6,296,0.29,30.1,823,3.4000000000000004,2.3000000000000003
2023,8,6,13,0,25.8,0.154,7,34,0,34,0.294,31.25,823,3.3000000000000003,2.4000000000000004
2023,8,6,14,0,25.3,0.122,7,86,0,86,0.3,32.65,823,3.2,2.4000000000000004
2023,8,6,15,0,24.700000000000003,0.109,7,105,0,105,0.305,34.08,822,3,2.4000000000000004
2023,8,6,16,0,23.6,0.10200000000000001,7,13,0,13,0.31,36.7,822,2.7,2.3000000000000003
2023,8,6,17,0,22.1,0.098,7,126,9,129,0.313,41.050000000000004,822,2.5,2.3000000000000003
2023,8,6,18,0,19.6,0.097,7,34,0,34,0.315,53.21,823,1.9000000000000001,2.2
2023,8,6,19,0,17.1,0.092,7,3,0,3,0.317,64.02,823,1.5,2.2
2023,8,6,20,0,15.8,0.09,8,0,0,0,0.319,70.44,824,1.6,2.1
2023,8,6,21,0,15.100000000000001,0.091,1,0,0,0,0.319,73.44,824,1.6,2
2023,8,6,22,0,14.600000000000001,0.092,1,0,0,0,0.319,74.10000000000001,823,1.6,1.9000000000000001
2023,8,6,23,0,14.100000000000001,0.096,3,0,0,0,0.318,74.17,823,1.7000000000000002,1.8
2023,8,7,0,0,13.700000000000001,0.097,4,0,0,0,0.318,73.25,822,1.8,1.8
2023,8,7,1,0,13.600000000000001,0.093,0,0,0,0,0.317,70.10000000000001,822,2.2,1.7000000000000002
2023,8,7,2,0,13.4,0.089,0,0,0,0,0.317,67.3,821,2.3000000000000003,1.6
2023,8,7,3,0,13.100000000000001,0.084,0,0,0,0,0.318,65.4,821,2.5,1.5
2023,8,7,4,0,12.700000000000001,0.079,0,0,0,0,0.318,63.84,821,2.5,1.5
2023,8,7,5,0,13.3,0.077,0,0,0,0,0.318,60.69,822,2.5,1.5
2023,8,7,6,0,16.8,0.075,0,40,494,119,0.317,49.01,822,2.6,1.5
2023,8,7,7,0,20.6,0.073,0,62,727,317,0.317,37.980000000000004,822,2,1.5
2023,8,7,8,0,23.5,0.076,0,78,834,521,0.315,30.330000000000002,822,1.6,1.5
2023,8,7,9,0,25.8,0.082,0,91,891,702,0.314,25.16,822,1.4000000000000001,1.5
2023,8,7,10,0,27.5,0.082,3,296,1,296,0.315,21.77,821,1.4000000000000001,1.6
2023,8,7,11,0,28.8,0.074,7,435,104,526,0.317,19.47,821,1.5,1.6
2023,8,7,12,0,29.700000000000003,0.091,7,400,338,710,0.317,17.81,820,1.6,1.6
2023,8,7,13,0,29.900000000000002,0.109,8,448,244,668,0.317,16.95,820,1.7000000000000002,1.7000000000000002
2023,8,7,14,0,29.400000000000002,0.101,8,400,103,486,0.317,17.38,820,1.9000000000000001,1.7000000000000002
2023,8,7,15,0,28.3,0.113,6,188,2,189,0.316,18.990000000000002,820,2,1.8
2023,8,7,16,0,26.900000000000002,0.117,3,277,364,483,0.316,21.3,820,2.2,1.9000000000000001
2023,8,7,17,0,24.900000000000002,0.12,6,197,80,229,0.316,26.02,821,2.3000000000000003,1.9000000000000001
2023,8,7,18,0,21.400000000000002,0.12,7,86,12,88,0.316,38,821,1.6,1.9000000000000001
2023,8,7,19,0,18.3,0.132,6,0,0,0,0.315,49.160000000000004,821,1,1.9000000000000001
2023,8,7,20,0,17.2,0.162,7,0,0,0,0.313,53.96,822,0.9,2
2023,8,7,21,0,16.900000000000002,0.195,0,0,0,0,0.313,56.45,822,0.7000000000000001,2.1
2023,8,7,22,0,17,0.162,0,0,0,0,0.312,55.97,822,0.6000000000000001,2.1
2023,8,7,23,0,16.6,0.092,0,0,0,0,0.312,54.93,821,0.5,1.9000000000000001
2023,8,8,0,0,15.600000000000001,0.064,0,0,0,0,0.312,56.43,821,0.6000000000000001,1.7000000000000002
2023,8,8,1,0,14.700000000000001,0.058,0,0,0,0,0.311,58.24,820,0.6000000000000001,1.5
2023,8,8,2,0,13.700000000000001,0.061,0,0,0,0,0.31,61.03,820,0.7000000000000001,1.4000000000000001
2023,8,8,3,0,13,0.074,0,0,0,0,0.309,62.190000000000005,820,0.7000000000000001,1.4000000000000001
2023,8,8,4,0,12.8,0.092,3,0,0,0,0.307,60.97,820,0.9,1.5
2023,8,8,5,0,13.8,0.101,3,0,0,0,0.305,56.89,820,1.1,1.5
2023,8,8,6,0,17.6,0.10400000000000001,7,77,39,83,0.304,44.49,820,2,1.4000000000000001
2023,8,8,7,0,21.200000000000003,0.107,0,72,687,311,0.303,33.85,820,2.2,1.4000000000000001
2023,8,8,8,0,24.6,0.107,0,89,806,515,0.302,25.66,820,2.2,1.4000000000000001
2023,8,8,9,0,26.700000000000003,0.11,3,289,566,677,0.301,22.22,820,2,1.4000000000000001
2023,8,8,10,0,28.400000000000002,0.114,8,183,787,817,0.3,19.8,819,1.8,1.4000000000000001
2023,8,8,11,0,29.6,0.113,8,219,752,884,0.299,18.19,819,1.7000000000000002,1.5
2023,8,8,12,0,30.200000000000003,0.13,7,295,614,857,0.298,17.22,818,1.8,1.5
2023,8,8,13,0,30,0.145,7,375,412,744,0.296,17.06,818,1.6,1.6
2023,8,8,14,0,29,0.12,7,317,432,675,0.296,17.66,818,1.5,1.7000000000000002
2023,8,8,15,0,27.8,0.11800000000000001,6,299,21,314,0.299,18.87,818,2,1.7000000000000002
2023,8,8,16,0,26.900000000000002,0.101,7,230,389,449,0.302,20.5,817,2.4000000000000004,1.6
2023,8,8,17,0,25.3,0.084,7,48,0,48,0.306,24.6,817,2.2,1.5
2023,8,8,18,0,21.6,0.078,7,88,267,141,0.308,38.89,818,1.3,1.5
2023,8,8,19,0,18.3,0.083,8,0,0,0,0.311,49.92,818,0.9,1.6
2023,8,8,20,0,17.5,0.10200000000000001,5,0,0,0,0.314,53.1,819,0.8,1.7000000000000002
2023,8,8,21,0,16.3,0.132,1,0,0,0,0.317,57.69,820,1.4000000000000001,2
2023,8,8,22,0,15.600000000000001,0.171,3,0,0,0,0.319,61.61,820,1.9000000000000001,2.3000000000000003
2023,8,8,23,0,15.100000000000001,0.189,3,0,0,0,0.318,64.71000000000001,820,2.3000000000000003,2.4000000000000004
2023,8,9,0,0,14.600000000000001,0.164,1,0,0,0,0.316,66.81,820,1.4000000000000001,2.3000000000000003
2023,8,9,1,0,13.8,0.135,0,0,0,0,0.315,68.78,819,0.6000000000000001,2.1
2023,8,9,2,0,13,0.11900000000000001,0,0,0,0,0.316,70.93,819,0.4,2
2023,8,9,3,0,12.5,0.10300000000000001,0,0,0,0,0.318,71.76,819,0.6000000000000001,1.9000000000000001
2023,8,9,4,0,12.4,0.091,0,0,0,0,0.317,71.09,819,0.7000000000000001,1.8
2023,8,9,5,0,13.200000000000001,0.085,0,0,0,0,0.313,67.43,819,0.9,1.7000000000000002
2023,8,9,6,0,16.5,0.08,0,40,479,114,0.309,53.9,819,1.7000000000000002,1.6
2023,8,9,7,0,19.900000000000002,0.07100000000000001,0,61,727,313,0.304,41.79,819,2.2,1.6
2023,8,9,8,0,22.200000000000003,0.063,0,72,849,519,0.299,33.52,819,2.8000000000000003,1.5
2023,8,9,9,0,24,0.06,0,80,916,705,0.296,28.59,819,2.9000000000000004,1.4000000000000001
2023,8,9,10,0,25.700000000000003,0.06,0,86,950,850,0.294,24.94,819,2.8000000000000003,1.4000000000000001
2023,8,9,11,0,27.1,0.051000000000000004,0,85,976,947,0.292,22.37,819,2.7,1.4000000000000001
2023,8,9,12,0,28.200000000000003,0.051000000000000004,0,86,980,981,0.29,20.57,819,2.5,1.5
2023,8,9,13,0,28.900000000000002,0.051000000000000004,0,85,976,957,0.289,19.48,818,2.4000000000000004,1.5
2023,8,9,14,0,29.1,0.05,0,81,958,871,0.29,19.09,818,2.3000000000000003,1.6
2023,8,9,15,0,28.700000000000003,0.05,0,76,928,737,0.291,19.42,818,2.3000000000000003,1.6
2023,8,9,16,0,27.8,0.048,0,68,879,561,0.292,20.46,818,2.2,1.6
2023,8,9,17,0,26.1,0.046,1,56,790,360,0.292,23.080000000000002,818,2,1.6
2023,8,9,18,0,22.1,0.045,3,79,3,80,0.29,37.04,819,1.1,1.6
2023,8,9,19,0,18.7,0.046,3,0,0,0,0.289,45.6,819,1,1.6
2023,8,9,20,0,17.7,0.047,3,0,0,0,0.28700000000000003,47.230000000000004,819,1.1,1.6
2023,8,9,21,0,16.900000000000002,0.05,0,0,0,0,0.28500000000000003,47.85,819,1.4000000000000001,1.6
2023,8,9,22,0,16.5,0.055,0,0,0,0,0.28300000000000003,48.050000000000004,819,1.6,1.6
2023,8,9,23,0,16.5,0.058,0,0,0,0,0.28200000000000003,47.42,819,1.7000000000000002,1.7000000000000002
2023,8,10,0,0,16.5,0.058,0,0,0,0,0.28,46.45,818,1.7000000000000002,1.7000000000000002
2023,8,10,1,0,16.8,0.056,0,0,0,0,0.279,44.28,817,1.9000000000000001,1.7000000000000002
2023,8,10,2,0,16.8,0.054,8,0,0,0,0.278,42.87,817,2.1,1.7000000000000002
2023,8,10,3,0,16.5,0.054,7,0,0,0,0.277,42.410000000000004,817,2.4000000000000004,1.6
2023,8,10,4,0,15.8,0.062,7,0,0,0,0.277,42.88,817,2.6,1.5
2023,8,10,5,0,16.1,0.075,7,0,0,0,0.277,41.19,818,2.9000000000000004,1.5
2023,8,10,6,0,19.400000000000002,0.09,3,42,463,112,0.278,33.910000000000004,818,3.3000000000000003,1.5
2023,8,10,7,0,23.700000000000003,0.098,7,145,365,270,0.28,25.97,818,2.9000000000000004,1.5
2023,8,10,8,0,26.8,0.095,0,85,812,510,0.28200000000000003,20.54,819,2.8000000000000003,1.6
2023,8,10,9,0,28.6,0.08700000000000001,0,93,884,694,0.28400000000000003,18.59,819,2.6,1.6
2023,8,10,10,0,30.1,0.088,1,100,921,838,0.28500000000000003,17.25,819,2.1,1.6
2023,8,10,11,0,31.1,0.075,7,198,767,874,0.28400000000000003,16.32,818,1.6,1.7000000000000002
2023,8,10,12,0,31.700000000000003,0.09,7,233,704,874,0.28200000000000003,15.69,818,1.1,1.8
2023,8,10,13,0,31.8,0.099,7,261,664,853,0.28,15.55,818,0.6000000000000001,1.8
2023,8,10,14,0,31.5,0.1,8,322,412,661,0.279,16.09,817,0.6000000000000001,1.9000000000000001
2023,8,10,15,0,30.5,0.10400000000000001,8,30,0,30,0.279,17.56,817,0.9,2
2023,8,10,16,0,29.3,0.098,3,241,505,523,0.28,19.59,818,1.1,2
2023,8,10,17,0,27.6,0.091,3,187,271,290,0.281,24.28,818,0.9,2.1
2023,8,10,18,0,24.400000000000002,0.08700000000000001,8,81,320,142,0.281,38.47,818,0.6000000000000001,2.1
2023,8,10,19,0,22.1,0.09,7,0,0,0,0.281,43.64,819,0.7000000000000001,2.2
2023,8,10,20,0,21,0.095,8,0,0,0,0.281,47.54,819,0.9,2.2
2023,8,10,21,0,20.1,0.099,7,0,0,0,0.281,49.870000000000005,819,1,2.3000000000000003
2023,8,10,22,0,19.400000000000002,0.101,3,0,0,0,0.281,50.910000000000004,819,1.2000000000000002,2.3000000000000003
2023,8,10,23,0,18.8,0.10200000000000001,3,0,0,0,0.281,51.61,819,1.4000000000000001,2.3000000000000003
2023,8,11,0,0,18.5,0.10300000000000001,7,0,0,0,0.28,51.61,819,1.7000000000000002,2.3000000000000003
2023,8,11,1,0,18.3,0.10300000000000001,1,0,0,0,0.28,51.64,819,2,2.3000000000000003
2023,8,11,2,0,17.900000000000002,0.1,8,0,0,0,0.281,53.24,819,2,2.3000000000000003
2023,8,11,3,0,17.3,0.096,1,0,0,0,0.28300000000000003,56.14,819,1.9000000000000001,2.3000000000000003
2023,8,11,4,0,16.8,0.092,0,0,0,0,0.28400000000000003,58.69,819,1.9000000000000001,2.3000000000000003
2023,8,11,5,0,17.2,0.09,0,0,0,0,0.28500000000000003,58.94,820,2,2.3000000000000003
2023,8,11,6,0,20.400000000000002,0.092,1,41,433,106,0.28600000000000003,50.71,820,2.6,2.3000000000000003
2023,8,11,7,0,23.900000000000002,0.093,0,68,675,298,0.28700000000000003,40.58,820,2.4000000000000004,2.3000000000000003
2023,8,11,8,0,26.3,0.094,3,262,280,408,0.28700000000000003,32.06,821,2,2.4000000000000004
2023,8,11,9,0,27.8,0.101,1,98,850,675,0.28700000000000003,27.87,821,1.9000000000000001,2.4000000000000004
2023,8,11,10,0,28.8,0.105,3,342,4,345,0.28600000000000003,25.7,820,1.6,2.5
2023,8,11,11,0,29.3,0.08,8,316,15,330,0.28500000000000003,25,820,1.1,2.6
2023,8,11,12,0,29.1,0.093,8,413,282,669,0.28400000000000003,25.75,820,0.4,2.7
2023,8,11,13,0,28.1,0.106,8,356,424,733,0.28400000000000003,28.36,820,0.8,2.8000000000000003
2023,8,11,14,0,27,0.11,8,206,680,763,0.28400000000000003,31.71,820,1.7000000000000002,2.9000000000000004
2023,8,11,15,0,25.8,0.108,7,242,502,596,0.28400000000000003,35.79,820,2.3000000000000003,3
2023,8,11,16,0,24.6,0.10300000000000001,6,12,0,12,0.28400000000000003,40.58,821,2.6,3
2023,8,11,17,0,23.200000000000003,0.10300000000000001,7,170,38,184,0.28400000000000003,47.28,821,2.7,3
2023,8,11,18,0,21.5,0.10300000000000001,6,15,0,15,0.28400000000000003,55.550000000000004,821,2.4000000000000004,2.9000000000000004
2023,8,11,19,0,20.3,0.099,6,0,0,0,0.28500000000000003,60,821,2.4000000000000004,2.9000000000000004
2023,8,11,20,0,19.900000000000002,0.093,7,0,0,0,0.28400000000000003,60.02,821,2.1,2.8000000000000003
2023,8,11,21,0,19.700000000000003,0.092,7,0,0,0,0.28300000000000003,58.51,821,1.8,2.7
2023,8,11,22,0,19.6,0.092,8,0,0,0,0.28200000000000003,56.92,821,1.7000000000000002,2.6
2023,8,11,23,0,19.3,0.088,1,0,0,0,0.281,55.95,821,1.6,2.6
2023,8,12,0,0,18.900000000000002,0.079,5,0,0,0,0.281,54.910000000000004,821,1.6,2.5
2023,8,12,1,0,18.7,0.07200000000000001,3,0,0,0,0.28,53.1,820,1.6,2.4000000000000004
2023,8,12,2,0,18.5,0.069,8,0,0,0,0.28,52.050000000000004,820,1.7000000000000002,2.3000000000000003
2023,8,12,3,0,18.3,0.067,8,0,0,0,0.28,51.43,820,1.9000000000000001,2.3000000000000003
2023,8,12,4,0,17.900000000000002,0.066,7,0,0,0,0.28,51.4,820,2,2.3000000000000003
2023,8,12,5,0,18.1,0.066,7,0,0,0,0.28,50.64,821,2.1,2.4000000000000004
2023,8,12,6,0,20.200000000000003,0.07,7,65,243,101,0.28,45.300000000000004,821,2.4000000000000004,2.4000000000000004
2023,8,12,7,0,22.5,0.075,7,11,0,11,0.28,37.84,821,2.8000000000000003,2.4000000000000004
2023,8,12,8,0,24.200000000000003,0.081,7,249,66,284,0.28,32.32,822,3.1,2.5
2023,8,12,9,0,25.200000000000003,0.085,7,276,23,292,0.279,30.01,822,2.6,2.5
2023,8,12,10,0,25.8,0.08700000000000001,7,383,224,561,0.278,29,822,2.1,2.5
2023,8,12,11,0,26.200000000000003,0.10200000000000001,7,318,476,735,0.277,28.490000000000002,822,1.5,2.6
2023,8,12,12,0,26.400000000000002,0.10400000000000001,7,359,429,748,0.276,28.39,822,0.9,2.6
2023,8,12,13,0,26.400000000000002,0.10200000000000001,7,418,181,579,0.275,28.62,821,0.7000000000000001,2.6
2023,8,12,14,0,26.3,0.068,5,39,0,39,0.275,29.39,821,0.7000000000000001,2.6
2023,8,12,15,0,26.200000000000003,0.064,8,149,2,151,0.276,30.54,821,1,2.6
2023,8,12,16,0,26,0.064,5,286,237,417,0.277,31.76,820,1.3,2.6
2023,8,12,17,0,25,0.068,3,181,254,276,0.277,36.62,820,1.2000000000000002,2.6
2023,8,12,18,0,22.5,0.07100000000000001,4,29,0,29,0.277,48.08,820,0.9,2.6
2023,8,12,19,0,20.8,0.075,5,0,0,0,0.278,52.01,821,1,2.7
2023,8,12,20,0,20.1,0.08,5,0,0,0,0.279,53.4,821,1,2.7
2023,8,12,21,0,19.5,0.082,0,0,0,0,0.28,54.38,821,1,2.7
2023,8,12,22,0,19.3,0.083,0,0,0,0,0.28,53.95,821,1.1,2.6
2023,8,12,23,0,18.8,0.081,0,0,0,0,0.28,54.52,821,1.3,2.5
2023,8,13,0,0,18.400000000000002,0.076,0,0,0,0,0.28,54.5,820,1.7000000000000002,2.4000000000000004
2023,8,13,1,0,18.2,0.07200000000000001,0,0,0,0,0.281,54.1,820,2.3000000000000003,2.3000000000000003
2023,8,13,2,0,17.8,0.07100000000000001,0,0,0,0,0.281,55.39,820,2.6,2.3000000000000003
2023,8,13,3,0,17.3,0.073,0,0,0,0,0.28200000000000003,57.620000000000005,821,2.7,2.4000000000000004
2023,8,13,4,0,16.6,0.08,0,0,0,0,0.28300000000000003,60.72,821,2.3000000000000003,2.5
2023,8,13,5,0,16.3,0.09,4,0,0,0,0.28300000000000003,63.17,822,1.8,2.6
2023,8,13,6,0,18,0.099,4,71,114,87,0.28400000000000003,57.95,823,3,2.7
2023,8,13,7,0,19.8,0.113,3,73,636,286,0.28500000000000003,52.21,824,3.9000000000000004,2.7
2023,8,13,8,0,20.900000000000002,0.127,3,271,46,295,0.28600000000000003,47.67,824,3.9000000000000004,2.6
2023,8,13,9,0,22.200000000000003,0.123,3,319,397,587,0.28700000000000003,42.31,824,3.6,2.6
2023,8,13,10,0,23.6,0.113,3,365,452,724,0.28800000000000003,37.79,824,3.4000000000000004,2.5
2023,8,13,11,0,24.5,0.085,3,469,144,595,0.28800000000000003,35.27,823,3.3000000000000003,2.5
2023,8,13,12,0,24.900000000000002,0.088,5,363,2,365,0.289,34.25,823,3.3000000000000003,2.6
2023,8,13,13,0,25,0.091,4,313,1,314,0.289,34.05,823,3.3000000000000003,2.6
2023,8,13,14,0,24.6,0.097,3,209,0,210,0.29,35.09,823,3.3000000000000003,2.6
2023,8,13,15,0,23.700000000000003,0.099,5,32,0,32,0.29,37.14,823,3.3000000000000003,2.6
2023,8,13,16,0,22.6,0.099,5,55,0,55,0.291,39.59,824,3.4000000000000004,2.5
2023,8,13,17,0,21,0.111,4,13,0,13,0.291,43.51,824,3.3000000000000003,2.5
2023,8,13,18,0,18.900000000000002,0.116,4,5,0,5,0.289,49.77,825,2.7,2.4000000000000004
2023,8,13,19,0,16.900000000000002,0.11800000000000001,3,0,0,0,0.289,57.050000000000004,826,2.1,2.3000000000000003
2023,8,13,20,0,16,0.124,3,0,0,0,0.28800000000000003,59.95,827,1.6,2.3000000000000003
2023,8,13,21,0,15.200000000000001,0.109,3,0,0,0,0.28800000000000003,62.43,827,1,2.1
2023,8,13,22,0,14.5,0.09,3,0,0,0,0.289,64.33,827,0.6000000000000001,2
2023,8,13,23,0,13.9,0.081,1,0,0,0,0.289,64.99,827,0.4,1.9000000000000001
2023,8,14,0,0,13.3,0.07100000000000001,3,0,0,0,0.29,66.19,827,0.2,1.8
2023,8,14,1,0,12.5,0.063,3,0,0,0,0.29,69.05,827,0.30000000000000004,1.7000000000000002
2023,8,14,2,0,11.9,0.057,3,0,0,0,0.291,71.05,826,0.5,1.6
2023,8,14,3,0,11.5,0.054,3,0,0,0,0.291,72.5,827,0.5,1.5
2023,8,14,4,0,11.100000000000001,0.052000000000000005,3,0,0,0,0.292,73.97,827,0.5,1.4000000000000001
2023,8,14,5,0,11.3,0.052000000000000005,3,0,0,0,0.292,73.54,827,0.5,1.3
2023,8,14,6,0,14.200000000000001,0.051000000000000004,1,34,514,106,0.293,60.45,828,0.7000000000000001,1.3
2023,8,14,7,0,17.5,0.05,3,187,83,215,0.294,45.65,828,1.2000000000000002,1.2000000000000002
2023,8,14,8,0,20.400000000000002,0.051000000000000004,3,255,34,272,0.294,34.63,828,1.5,1.2000000000000002
2023,8,14,9,0,22.8,0.05,3,388,139,482,0.293,28.32,828,1.7000000000000002,1.2000000000000002
2023,8,14,10,0,24.900000000000002,0.048,0,80,965,846,0.292,23.92,827,1.9000000000000001,1.2000000000000002
2023,8,14,11,0,26.5,0.044,0,81,987,942,0.291,21.04,827,2.3000000000000003,1.2000000000000002
2023,8,14,12,0,27.700000000000003,0.043000000000000003,0,81,994,978,0.29,19.02,826,2.7,1.2000000000000002
2023,8,14,13,0,28.200000000000003,0.044,0,81,989,953,0.28800000000000003,18.01,826,3.1,1.2000000000000002
2023,8,14,14,0,28.1,0.045,0,79,973,868,0.28700000000000003,17.71,826,3.3000000000000003,1.2000000000000002
2023,8,14,15,0,27.400000000000002,0.046,0,74,942,730,0.28700000000000003,18.04,826,3.3000000000000003,1.2000000000000002
2023,8,14,16,0,26.1,0.046,1,67,888,551,0.28700000000000003,19.09,826,3,1.2000000000000002
2023,8,14,17,0,24.200000000000003,0.046,3,177,291,284,0.28700000000000003,21.77,826,2.5,1.2000000000000002
2023,8,14,18,0,20.1,0.045,3,88,13,91,0.28700000000000003,34.61,826,1.2000000000000002,1.2000000000000002
2023,8,14,19,0,16.7,0.045,1,0,0,0,0.28700000000000003,43.65,827,0.9,1.2000000000000002
2023,8,14,20,0,15.9,0.044,1,0,0,0,0.28700000000000003,44.89,827,0.8,1.2000000000000002
2023,8,14,21,0,14.9,0.044,1,0,0,0,0.28700000000000003,48.53,827,0.8,1.2000000000000002
2023,8,14,22,0,14.3,0.045,0,0,0,0,0.28600000000000003,52.81,827,0.9,1.3
2023,8,14,23,0,14,0.044,0,0,0,0,0.28600000000000003,57.89,827,1,1.3
2023,8,15,0,0,14,0.043000000000000003,0,0,0,0,0.28600000000000003,62.01,826,1.1,1.3
2023,8,15,1,0,14,0.041,0,0,0,0,0.28600000000000003,65.32000000000001,826,1.2000000000000002,1.3
2023,8,15,2,0,13.700000000000001,0.038,0,0,0,0,0.28700000000000003,68.8,826,1.4000000000000001,1.2000000000000002
2023,8,15,3,0,13.4,0.034,0,0,0,0,0.289,69.16,825,1.8,1
2023,8,15,4,0,13.200000000000001,0.032,0,0,0,0,0.29,64.11,826,2.1,0.9
2023,8,15,5,0,13.9,0.03,0,0,0,0,0.291,54.27,826,2.3000000000000003,0.8
2023,8,15,6,0,17.900000000000002,0.029,0,30,578,110,0.291,40.31,826,2.9000000000000004,0.8
2023,8,15,7,0,22.1,0.028,0,47,810,315,0.292,30.04,827,2.4000000000000004,0.8
2023,8,15,8,0,26.200000000000003,0.028,0,57,912,525,0.29,19.53,827,2.3000000000000003,0.8
2023,8,15,9,0,28.8,0.028,0,64,968,712,0.28800000000000003,15.15,827,2.2,0.8
2023,8,15,10,0,30.6,0.029,0,69,998,859,0.28600000000000003,13.07,826,2.3000000000000003,0.8
2023,8,15,11,0,32,0.028,0,71,1012,951,0.28400000000000003,11.9,826,2.5,0.9
2023,8,15,12,0,32.9,0.029,0,73,1017,988,0.28300000000000003,11.18,825,2.6,0.9
2023,8,15,13,0,33.4,0.03,0,73,1008,959,0.281,10.82,825,2.8000000000000003,1
2023,8,15,14,0,33.4,0.031,0,71,988,870,0.281,10.790000000000001,824,2.9000000000000004,1.1
2023,8,15,15,0,32.7,0.032,0,67,959,732,0.28,11.13,824,2.9000000000000004,1.1
2023,8,15,16,0,31.5,0.033,0,61,906,552,0.28,11.870000000000001,824,2.8000000000000003,1.1
2023,8,15,17,0,29.3,0.035,0,51,807,345,0.28,15.96,824,2.1,1.2000000000000002
2023,8,15,18,0,24.1,0.035,1,35,607,139,0.28,29.41,824,1.2000000000000002,1.2000000000000002
2023,8,15,19,0,21.5,0.036000000000000004,1,0,0,0,0.28,31.27,824,1.2000000000000002,1.2000000000000002
2023,8,15,20,0,20.400000000000002,0.037,1,0,0,0,0.28,33.05,824,1.3,1.2000000000000002
2023,8,15,21,0,19.200000000000003,0.039,1,0,0,0,0.28,36.68,824,1.4000000000000001,1.3
2023,8,15,22,0,18.3,0.04,0,0,0,0,0.28,40.28,824,1.5,1.4000000000000001
2023,8,15,23,0,17.7,0.039,0,0,0,0,0.28,42.300000000000004,824,1.5,1.5
2023,8,16,0,0,17.5,0.037,0,0,0,0,0.28,42.02,824,1.5,1.4000000000000001
2023,8,16,1,0,17.2,0.035,0,0,0,0,0.28,41.7,823,1.7000000000000002,1.4000000000000001
2023,8,16,2,0,17,0.034,0,0,0,0,0.28,42.19,823,1.9000000000000001,1.4000000000000001
2023,8,16,3,0,17,0.037,0,0,0,0,0.281,44.03,823,2.1,1.5
2023,8,16,4,0,17.5,0.041,0,0,0,0,0.281,46.29,823,2.4000000000000004,1.7000000000000002
2023,8,16,5,0,18.7,0.045,0,0,0,0,0.281,47.84,823,2.9000000000000004,1.9000000000000001
2023,8,16,6,0,22,0.048,1,32,493,99,0.28200000000000003,43.730000000000004,824,3.8000000000000003,2
2023,8,16,7,0,25.900000000000002,0.05,0,54,730,294,0.28200000000000003,36.6,824,3.6,2.1
2023,8,16,8,0,29.400000000000002,0.049,0,65,841,494,0.281,27.45,823,3.4000000000000004,2.2
2023,8,16,9,0,31.5,0.056,0,77,893,673,0.28,23.18,823,3.1,2.3000000000000003
2023,8,16,10,0,32.5,0.07200000000000001,1,90,910,809,0.279,21.52,823,2.9000000000000004,2.5
2023,8,16,11,0,32.9,0.082,1,99,918,896,0.279,21.1,823,2.8000000000000003,2.7
2023,8,16,12,0,32.2,0.088,3,351,568,861,0.279,22.59,822,2.4000000000000004,2.8000000000000003
2023,8,16,13,0,31.400000000000002,0.081,8,307,474,723,0.279,24.240000000000002,822,1.9000000000000001,2.7
2023,8,16,14,0,30.700000000000003,0.062,8,177,737,771,0.28,25.18,822,2,2.6
2023,8,16,15,0,29.900000000000002,0.064,3,297,474,624,0.28,25.69,821,2.2,2.5
2023,8,16,16,0,29.1,0.07200000000000001,0,77,820,519,0.279,26.61,822,2.6,2.5
2023,8,16,17,0,27.3,0.08600000000000001,7,6,0,6,0.279,31.35,822,2.4000000000000004,2.4000000000000004
2023,8,16,18,0,24,0.08700000000000001,6,3,0,3,0.279,42.62,822,1.7000000000000002,2.3000000000000003
2023,8,16,19,0,22.900000000000002,0.083,7,0,0,0,0.279,41.5,822,1.3,2.1
2023,8,16,20,0,23,0.081,4,0,0,0,0.279,39.02,823,1,2
2023,8,16,21,0,21.6,0.077,4,0,0,0,0.279,41.83,823,1.2000000000000002,1.9000000000000001
2023,8,16,22,0,19.900000000000002,0.075,5,0,0,0,0.277,46.07,823,1.2000000000000002,2
2023,8,16,23,0,18.8,0.073,4,0,0,0,0.276,48.19,823,1.3,2
2023,8,17,0,0,17.8,0.07,5,0,0,0,0.276,49.53,823,1.4000000000000001,1.9000000000000001
2023,8,17,1,0,17.2,0.064,0,0,0,0,0.276,49.04,823,1.5,1.8
2023,8,17,2,0,16.6,0.057,0,0,0,0,0.277,49.07,823,1.4000000000000001,1.7000000000000002
2023,8,17,3,0,15.8,0.053,0,0,0,0,0.278,50.77,823,1.3,1.6
2023,8,17,4,0,15.200000000000001,0.052000000000000005,0,0,0,0,0.278,52.43,823,1.1,1.6
2023,8,17,5,0,15.3,0.052000000000000005,0,0,0,0,0.279,53.910000000000004,823,1,1.6
2023,8,17,6,0,19.200000000000003,0.054,1,33,488,98,0.28,44.9,824,1.4000000000000001,1.6
2023,8,17,7,0,22.5,0.058,0,56,729,293,0.281,36.81,824,1.5,1.7000000000000002
2023,8,17,8,0,25.700000000000003,0.06,0,70,842,497,0.281,30.69,824,1.5,1.7000000000000002
2023,8,17,9,0,28.1,0.059000000000000004,0,78,905,680,0.28,26.69,824,1.7000000000000002,1.7000000000000002
2023,8,17,10,0,30.200000000000003,0.058,0,84,942,825,0.278,22.71,824,2.2,1.7000000000000002
2023,8,17,11,0,31.900000000000002,0.05,0,83,968,921,0.277,19.44,823,2.7,1.7000000000000002
2023,8,17,12,0,33.2,0.049,0,84,975,956,0.275,16.97,823,3.2,1.7000000000000002
2023,8,17,13,0,34,0.051000000000000004,0,84,969,930,0.274,15.540000000000001,822,3.7,1.7000000000000002
2023,8,17,14,0,34.1,0.08,0,94,926,838,0.273,15.450000000000001,821,4,1.8
2023,8,17,15,0,33.5,0.08600000000000001,3,292,517,648,0.273,16.65,820,4.2,2
2023,8,17,16,0,32.300000000000004,0.093,7,237,301,397,0.273,18.94,820,4.2,2.2
2023,8,17,17,0,30.200000000000003,0.101,9,33,0,33,0.273,23.42,820,3.8000000000000003,2.3000000000000003
2023,8,17,18,0,26.1,0.108,6,3,0,3,0.273,34.160000000000004,820,2.6,2.5
2023,8,17,19,0,23.400000000000002,0.115,8,0,0,0,0.273,41.17,821,2.3000000000000003,2.7
2023,8,17,20,0,22.5,0.12,1,0,0,0,0.273,44.12,821,2.5,2.8000000000000003
2023,8,17,21,0,21.900000000000002,0.116,3,0,0,0,0.274,46.99,821,2.8000000000000003,2.9000000000000004
2023,8,17,22,0,21.200000000000003,0.11,3,0,0,0,0.275,50.09,821,2.8000000000000003,2.9000000000000004
2023,8,17,23,0,20.900000000000002,0.10400000000000001,3,0,0,0,0.276,52,821,2.8000000000000003,2.8000000000000003
2023,8,18,0,0,20.5,0.094,3,0,0,0,0.277,53.980000000000004,820,2.7,2.7
2023,8,18,1,0,20.200000000000003,0.08600000000000001,0,0,0,0,0.277,55.050000000000004,820,2.8000000000000003,2.6
2023,8,18,2,0,19.900000000000002,0.079,8,0,0,0,0.278,55.51,819,3,2.5
2023,8,18,3,0,19.5,0.076,7,0,0,0,0.279,56,819,3.1,2.4000000000000004
2023,8,18,4,0,19.1,0.075,3,0,0,0,0.281,56.35,819,3,2.4000000000000004
2023,8,18,5,0,19.1,0.074,3,0,0,0,0.28200000000000003,55.38,819,3.2,2.5
2023,8,18,6,0,22,0.076,0,35,420,90,0.28400000000000003,46.71,820,3.8000000000000003,2.6
2023,8,18,7,0,26.200000000000003,0.076,8,115,466,266,0.28600000000000003,36.82,820,3.4000000000000004,2.6
2023,8,18,8,0,29.400000000000002,0.07200000000000001,3,207,515,468,0.28600000000000003,29.39,820,2.8000000000000003,2.6
2023,8,18,9,0,31.200000000000003,0.069,0,83,873,662,0.28600000000000003,25.8,820,2.1,2.6
2023,8,18,10,0,32.4,0.07,0,90,907,802,0.28500000000000003,24.16,820,1.7000000000000002,2.7
2023,8,18,11,0,33.2,0.059000000000000004,1,89,934,895,0.28400000000000003,23.2,819,1.7000000000000002,2.8000000000000003
2023,8,18,12,0,33.300000000000004,0.067,7,226,676,830,0.28400000000000003,23.32,819,2.1,2.9000000000000004
2023,8,18,13,0,32.7,0.076,8,30,0,30,0.28300000000000003,24.64,819,2.8000000000000003,3.1
2023,8,18,14,0,31.3,0.075,7,221,609,708,0.28300000000000003,27.75,819,3.4000000000000004,3.2
2023,8,18,15,0,29.700000000000003,0.07100000000000001,8,16,0,16,0.28200000000000003,31.84,819,3.6,3.3000000000000003
2023,8,18,16,0,28.5,0.061,9,12,0,12,0.28200000000000003,35.19,819,3.1,3.2
2023,8,18,17,0,27,0.052000000000000005,9,43,0,43,0.28200000000000003,40.22,819,2.5,3.1
2023,8,18,18,0,24.1,0.046,6,18,0,18,0.28200000000000003,51.99,820,1.7000000000000002,3
2023,8,18,19,0,21.8,0.041,7,0,0,0,0.28200000000000003,59.34,820,2.1,2.9000000000000004
2023,8,18,20,0,20.900000000000002,0.036000000000000004,3,0,0,0,0.28200000000000003,61.19,821,2.7,2.7
2023,8,18,21,0,20.3,0.032,1,0,0,0,0.28200000000000003,61.15,821,2.7,2.4000000000000004
2023,8,18,22,0,19.700000000000003,0.029,1,0,0,0,0.28200000000000003,60.77,821,2.7,2.2
2023,8,18,23,0,19.1,0.028,0,0,0,0,0.28200000000000003,60.29,821,2.6,2
2023,8,19,0,0,18.6,0.027,0,0,0,0,0.28200000000000003,59.49,821,2.7,1.9000000000000001
2023,8,19,1,0,18.1,0.028,0,0,0,0,0.28200000000000003,59.04,821,2.6,1.8
2023,8,19,2,0,17.7,0.03,0,0,0,0,0.281,58.64,821,2.5,1.8
2023,8,19,3,0,17.5,0.032,0,0,0,0,0.281,57.88,821,2.5,1.8
2023,8,19,4,0,17.3,0.035,0,0,0,0,0.281,57.63,822,2.5,1.9000000000000001
2023,8,19,5,0,17.7,0.038,0,0,0,0,0.281,55.92,822,2.5,2
2023,8,19,6,0,21.400000000000002,0.04,1,30,491,93,0.28200000000000003,45.26,822,3.1,2
2023,8,19,7,0,25.8,0.042,0,51,739,288,0.28200000000000003,34.37,822,2.4000000000000004,2
2023,8,19,8,0,29.400000000000002,0.044,0,64,849,491,0.281,25.6,823,1.3,2
2023,8,19,9,0,31.5,0.045,0,73,909,673,0.279,21.34,823,0.9,2
2023,8,19,10,0,33.1,0.048,0,80,942,816,0.278,18.93,822,1.7000000000000002,2
2023,8,19,11,0,34.300000000000004,0.041,0,79,966,911,0.277,17.32,822,2.5,2
2023,8,19,12,0,35,0.044,0,82,968,944,0.276,16.3,821,3.2,2.1
2023,8,19,13,0,35.300000000000004,0.047,3,465,301,726,0.274,15.71,821,3.6,2.1
2023,8,19,14,0,34.9,0.069,8,254,7,259,0.273,16.06,821,3.6,2.2
2023,8,19,15,0,34,0.084,8,20,0,20,0.273,17.28,820,3.6,2.3000000000000003
2023,8,19,16,0,32.5,0.091,7,252,124,317,0.272,19.63,821,3.5,2.5
2023,8,19,17,0,30.200000000000003,0.10400000000000001,3,195,53,213,0.271,24.79,821,2.7,2.6
2023,8,19,18,0,26.1,0.107,8,77,178,105,0.27,38.87,822,1.3,2.7
2023,8,19,19,0,23.8,0.105,7,0,0,0,0.269,47.980000000000004,822,1.2000000000000002,2.8000000000000003
2023,8,19,20,0,22.5,0.106,7,0,0,0,0.269,54.36,823,1.3,2.8000000000000003
2023,8,19,21,0,21.1,0.094,7,0,0,0,0.269,60.300000000000004,824,1.9000000000000001,2.8000000000000003
2023,8,19,22,0,19.5,0.079,7,0,0,0,0.269,66.89,824,2.6,2.7
2023,8,19,23,0,18.1,0.07100000000000001,7,0,0,0,0.269,72.71000000000001,825,2.7,2.6
2023,8,20,0,0,17.2,0.07,7,0,0,0,0.269,76.85000000000001,825,2.7,2.4000000000000004
2023,8,20,1,0,16.400000000000002,0.074,0,0,0,0,0.269,79.93,825,2.5,2.2
2023,8,20,2,0,16.1,0.083,1,0,0,0,0.27,81.26,825,2,1.9000000000000001
2023,8,20,3,0,15.3,0.077,0,0,0,0,0.272,83.34,825,1.3,1.7000000000000002
2023,8,20,4,0,14.5,0.066,0,0,0,0,0.273,84.25,825,0.9,1.5
2023,8,20,5,0,14.600000000000001,0.057,0,0,0,0,0.274,81.12,825,0.7000000000000001,1.4000000000000001
2023,8,20,6,0,17.900000000000002,0.051000000000000004,3,32,482,92,0.275,67.62,825,1,1.3
2023,8,20,7,0,21.400000000000002,0.046,7,53,752,292,0.276,50.86,825,0.7000000000000001,1.3
2023,8,20,8,0,26.200000000000003,0.04,3,213,495,461,0.275,28.84,825,1,1.2000000000000002
2023,8,20,9,0,29,0.037,1,69,941,688,0.274,21.94,825,2,1.2000000000000002
2023,8,20,10,0,30.900000000000002,0.036000000000000004,3,330,545,755,0.273,18.21,825,2.7,1.2000000000000002
2023,8,20,11,0,32.5,0.04,0,78,990,928,0.272,15.41,824,3.2,1.2000000000000002
2023,8,20,12,0,33.6,0.037,3,412,483,841,0.271,13.5,824,3.7,1.2000000000000002
2023,8,20,13,0,34.300000000000004,0.036000000000000004,0,76,995,937,0.271,12.27,823,4.1000000000000005,1.2000000000000002
2023,8,20,14,0,34.6,0.038,0,74,978,850,0.271,11.68,822,4.5,1.2000000000000002
2023,8,20,15,0,34.300000000000004,0.039,0,70,945,710,0.271,11.6,822,4.7,1.2000000000000002
2023,8,20,16,0,33.2,0.041,3,224,490,481,0.271,12.47,822,4.6000000000000005,1.2000000000000002
2023,8,20,17,0,31.200000000000003,0.044,3,167,276,262,0.271,15.280000000000001,822,3.9000000000000004,1.2000000000000002
2023,8,20,18,0,26.3,0.046,3,79,71,90,0.271,24.1,822,3,1.2000000000000002
2023,8,20,19,0,23,0.045,8,0,0,0,0.271,30.67,823,2.8000000000000003,1.2000000000000002
2023,8,20,20,0,21.8,0.043000000000000003,1,0,0,0,0.271,32.93,823,2.9000000000000004,1.2000000000000002
2023,8,20,21,0,20.8,0.04,0,0,0,0,0.272,34.29,823,2.9000000000000004,1.1
2023,8,20,22,0,20.400000000000002,0.038,0,0,0,0,0.272,33.730000000000004,824,3,1.1
2023,8,20,23,0,20.5,0.036000000000000004,0,0,0,0,0.272,31.650000000000002,824,3.3000000000000003,1
2023,8,21,0,0,20.1,0.034,0,0,0,0,0.272,31.29,824,3.4000000000000004,1
2023,8,21,1,0,19.6,0.032,0,0,0,0,0.272,32.4,824,3.5,1
2023,8,21,2,0,19,0.03,0,0,0,0,0.273,35.14,824,3.6,0.9
2023,8,21,3,0,18.5,0.028,0,0,0,0,0.274,37.81,824,3.7,0.9
2023,8,21,4,0,18,0.027,0,0,0,0,0.275,39.99,824,3.7,0.9
2023,8,21,5,0,18,0.026000000000000002,0,0,0,0,0.275,40.35,824,3.8000000000000003,0.8
2023,8,21,6,0,20.8,0.026000000000000002,0,28,552,95,0.276,34.9,825,4.1000000000000005,0.8
2023,8,21,7,0,25.200000000000003,0.026000000000000002,0,45,799,298,0.276,27.400000000000002,825,3.8000000000000003,0.9
2023,8,21,8,0,29.3,0.027,0,56,905,507,0.276,19.09,825,3.7,0.9
2023,8,21,9,0,32,0.028,0,64,957,691,0.275,14.55,825,3.2,1
2023,8,21,10,0,33.9,0.03,0,69,988,838,0.274,12.19,825,3,1
2023,8,21,11,0,35.300000000000004,0.029,0,72,1007,933,0.273,10.74,824,3.2,1
2023,8,21,12,0,36.1,0.031,0,74,1007,965,0.273,9.99,824,3.8000000000000003,1.1
2023,8,21,13,0,36.300000000000004,0.033,0,74,1001,938,0.272,9.77,823,4.3,1.1
2023,8,21,14,0,36,0.04,0,75,975,846,0.272,10.05,823,4.800000000000001,1.2000000000000002
2023,8,21,15,0,35.2,0.044,0,72,936,703,0.273,10.77,823,5.1000000000000005,1.3
2023,8,21,16,0,33.800000000000004,0.05,0,67,869,519,0.274,12.18,823,5.1000000000000005,1.4000000000000001
2023,8,21,17,0,31.700000000000003,0.056,0,56,750,312,0.275,15.200000000000001,823,4.7,1.5
2023,8,21,18,0,27.6,0.062,0,36,498,109,0.275,22.39,823,3.8000000000000003,1.6
2023,8,21,19,0,24.3,0.067,0,0,0,0,0.275,29.43,824,3.1,1.6
2023,8,21,20,0,23,0.07,0,0,0,0,0.275,33.06,824,2.9000000000000004,1.7000000000000002
2023,8,21,21,0,22,0.07100000000000001,0,0,0,0,0.275,36.04,824,2.7,1.7000000000000002
2023,8,21,22,0,21.200000000000003,0.07,0,0,0,0,0.275,37.97,824,2.6,1.7000000000000002
2023,8,21,23,0,20.900000000000002,0.07,0,0,0,0,0.274,37.82,824,2.7,1.7000000000000002
2023,8,22,0,0,20.8,0.07100000000000001,0,0,0,0,0.274,36.96,824,3.1,1.7000000000000002
2023,8,22,1,0,20.8,0.073,0,0,0,0,0.274,36.34,824,3.5,1.8
2023,8,22,2,0,20.5,0.075,0,0,0,0,0.274,37.04,824,3.5,1.8
2023,8,22,3,0,19.8,0.078,0,0,0,0,0.275,38.89,825,3.3000000000000003,1.8
2023,8,22,4,0,19.200000000000003,0.083,0,0,0,0,0.275,40.59,825,3.1,1.8
2023,8,22,5,0,19.1,0.08700000000000001,0,0,0,0,0.276,41.13,825,2.9000000000000004,1.8
2023,8,22,6,0,22.5,0.092,3,60,17,62,0.276,34.57,825,3.3000000000000003,1.8
2023,8,22,7,0,26.6,0.099,0,66,657,272,0.277,26.82,825,2.8000000000000003,1.8
2023,8,22,8,0,30,0.109,3,230,419,438,0.276,19.36,825,1.3,1.9000000000000001
2023,8,22,9,0,31.5,0.116,3,296,472,604,0.276,16.6,826,2.1,2
2023,8,22,10,0,32.300000000000004,0.115,7,207,711,758,0.275,15.950000000000001,825,2.7,2
2023,8,22,11,0,33.2,0.083,8,274,555,748,0.274,15.56,825,2.9000000000000004,2
2023,8,22,12,0,34,0.078,7,404,52,450,0.275,15.08,824,3.2,1.9000000000000001
2023,8,22,13,0,34.300000000000004,0.077,7,30,0,30,0.275,14.83,824,3.5,1.9000000000000001
2023,8,22,14,0,34.2,0.084,8,77,0,77,0.276,14.63,823,3.6,1.8
2023,8,22,15,0,33.7,0.091,8,189,638,617,0.276,14.5,823,3.6,1.8
2023,8,22,16,0,32.6,0.097,3,272,259,405,0.276,15.08,823,3.6,1.8
2023,8,22,17,0,30.700000000000003,0.099,5,11,0,11,0.276,17.900000000000002,823,3.2,1.8
2023,8,22,18,0,26.200000000000003,0.096,3,64,3,65,0.277,28.41,823,2.3000000000000003,1.9000000000000001
2023,8,22,19,0,24,0.089,1,0,0,0,0.278,33.27,823,2.6,2
2023,8,22,20,0,22.700000000000003,0.084,3,0,0,0,0.278,37,823,2.4000000000000004,2.1
2023,8,22,21,0,21.700000000000003,0.08,8,0,0,0,0.278,39.45,823,2.3000000000000003,2.1
2023,8,22,22,0,21.1,0.076,3,0,0,0,0.278,40.09,823,2.3000000000000003,2.1
2023,8,22,23,0,20.700000000000003,0.074,8,0,0,0,0.277,40.06,824,2.5,2.1
2023,8,23,0,0,20.3,0.076,3,0,0,0,0.276,40.18,824,2.7,2.1
2023,8,23,1,0,19.700000000000003,0.078,0,0,0,0,0.276,41.36,824,2.7,2.1
2023,8,23,2,0,18.900000000000002,0.082,0,0,0,0,0.275,43.83,824,2.5,2.1
2023,8,23,3,0,18.2,0.08600000000000001,0,0,0,0,0.274,46.43,824,2.2,2.2
2023,8,23,4,0,17.6,0.091,0,0,0,0,0.274,48.870000000000005,824,1.9000000000000001,2.2
2023,8,23,5,0,17.7,0.098,0,0,0,0,0.273,49.47,825,1.8,2.3000000000000003
2023,8,23,6,0,20.900000000000002,0.106,7,50,8,51,0.272,41.09,825,2.4000000000000004,2.3000000000000003
2023,8,23,7,0,24.400000000000002,0.113,0,69,626,264,0.271,33.27,825,1.6,2.3000000000000003
2023,8,23,8,0,27.5,0.12,7,178,516,432,0.271,27.12,825,1,2.3000000000000003
2023,8,23,9,0,29.6,0.126,7,195,664,627,0.271,23.57,825,1.2000000000000002,2.3000000000000003
2023,8,23,10,0,31.1,0.128,8,200,710,748,0.271,21.3,825,1.9000000000000001,2.3000000000000003
2023,8,23,11,0,32.2,0.115,3,432,372,748,0.271,19.72,824,2.4000000000000004,2.4000000000000004
2023,8,23,12,0,32.800000000000004,0.122,7,392,48,434,0.271,18.82,823,2.8000000000000003,2.4000000000000004
2023,8,23,13,0,33,0.13,7,29,0,29,0.27,18.47,823,3.1,2.4000000000000004
2023,8,23,14,0,32.7,0.094,7,332,359,614,0.27,18.8,822,3.3000000000000003,2.5
2023,8,23,15,0,32,0.10300000000000001,7,237,14,246,0.269,19.740000000000002,822,3.3000000000000003,2.5
2023,8,23,16,0,30.700000000000003,0.113,8,95,1,96,0.268,21.61,822,3,2.6
2023,8,23,17,0,28.900000000000002,0.131,7,145,31,155,0.267,26.54,822,1.9000000000000001,2.6
2023,8,23,18,0,25.900000000000002,0.14400000000000002,7,56,6,56,0.266,38.300000000000004,822,0.8,2.7
2023,8,23,19,0,23.8,0.14200000000000002,7,0,0,0,0.266,43.32,822,0.7000000000000001,2.7
2023,8,23,20,0,22.5,0.132,7,0,0,0,0.266,47.04,823,0.9,2.6
2023,8,23,21,0,21.6,0.112,7,0,0,0,0.266,49.58,823,1.1,2.6
2023,8,23,22,0,20.6,0.095,7,0,0,0,0.267,53.43,823,1.3,2.5
2023,8,23,23,0,19.900000000000002,0.084,8,0,0,0,0.267,56.02,822,1.7000000000000002,2.5
2023,8,24,0,0,19.3,0.076,4,0,0,0,0.267,57.32,822,1.8,2.4000000000000004
2023,8,24,1,0,18.7,0.07,4,0,0,0,0.267,57.870000000000005,822,1.7000000000000002,2.3000000000000003
2023,8,24,2,0,18.2,0.067,4,0,0,0,0.267,58.22,822,1.3,2.3000000000000003
2023,8,24,3,0,17.900000000000002,0.066,5,0,0,0,0.267,58.39,822,1.2000000000000002,2.2
2023,8,24,4,0,17.7,0.067,5,0,0,0,0.267,58.56,823,1.1,2.2
2023,8,24,5,0,17.900000000000002,0.068,0,0,0,0,0.267,58.38,823,1.2000000000000002,2.2
2023,8,24,6,0,20.5,0.069,3,56,19,59,0.267,51.58,823,2,2.1
2023,8,24,7,0,23,0.068,0,57,689,269,0.267,44.99,823,2,2.1
2023,8,24,8,0,26.1,0.069,0,73,814,472,0.267,36.02,823,2.2,2.1
2023,8,24,9,0,28.400000000000002,0.07100000000000001,0,83,877,652,0.266,30.26,823,2.4000000000000004,2.2
2023,8,24,10,0,30.1,0.074,0,91,911,793,0.265,26.67,823,2.6,2.3000000000000003
2023,8,24,11,0,31,0.07,0,93,933,884,0.264,24.86,822,2.6,2.4000000000000004
2023,8,24,12,0,31.400000000000002,0.079,3,355,559,845,0.264,23.97,822,2.6,2.4000000000000004
2023,8,24,13,0,31.3,0.08700000000000001,0,102,916,884,0.264,23.740000000000002,821,2.4000000000000004,2.6
2023,8,24,14,0,30.900000000000002,0.1,8,284,480,658,0.264,23.900000000000002,821,2.2,2.6
2023,8,24,15,0,30.200000000000003,0.112,5,277,4,280,0.265,24.41,821,2.1,2.6
2023,8,24,16,0,29.1,0.114,3,285,82,326,0.267,25.86,821,2.1,2.6
2023,8,24,17,0,27.200000000000003,0.13,4,159,291,254,0.267,33.45,821,1.4000000000000001,2.6
2023,8,24,18,0,23.6,0.129,6,39,1,39,0.267,49.29,821,1,2.6
2023,8,24,19,0,21.6,0.113,6,0,0,0,0.268,54.69,821,1.3,2.5
2023,8,24,20,0,20.5,0.10400000000000001,7,0,0,0,0.268,60.04,822,1.8,2.6
2023,8,24,21,0,19.700000000000003,0.098,7,0,0,0,0.269,65.32000000000001,822,2.4000000000000004,2.8000000000000003
2023,8,24,22,0,19.200000000000003,0.094,8,0,0,0,0.269,69.45,823,2.7,2.9000000000000004
2023,8,24,23,0,19,0.089,5,0,0,0,0.269,71.52,823,2.5,3.1
2023,8,25,0,0,18.8,0.08700000000000001,7,0,0,0,0.269,72.27,823,2.2,3.2
2023,8,25,1,0,18.5,0.085,7,0,0,0,0.268,72.88,823,2.1,3.3000000000000003
2023,8,25,2,0,18.2,0.082,5,0,0,0,0.268,72.9,823,1.7000000000000002,3.3000000000000003
2023,8,25,3,0,17.7,0.082,5,0,0,0,0.269,74.38,823,1.5,3.3000000000000003
2023,8,25,4,0,17.3,0.08700000000000001,3,0,0,0,0.269,76.93,824,1.4000000000000001,3.3000000000000003
2023,8,25,5,0,17.1,0.093,4,0,0,0,0.27,79.08,824,1.5,3.3000000000000003
2023,8,25,6,0,18.3,0.1,3,35,0,35,0.271,77.04,825,2.2,3.3000000000000003
2023,8,25,7,0,19.6,0.105,3,159,137,201,0.272,71.65,825,2.5,3.3000000000000003
2023,8,25,8,0,20.400000000000002,0.111,3,35,0,35,0.273,66.85,825,2.5,3.3000000000000003
2023,8,25,9,0,21.5,0.111,4,35,0,35,0.272,61.63,825,2.3000000000000003,3.3000000000000003
2023,8,25,10,0,22.900000000000002,0.10300000000000001,4,64,0,64,0.272,56.160000000000004,825,1.9000000000000001,3.3000000000000003
2023,8,25,11,0,24.1,0.095,4,39,0,39,0.272,52.04,825,1.6,3.3000000000000003
2023,8,25,12,0,24.700000000000003,0.094,3,188,0,188,0.271,49.97,824,1.5,3.4000000000000004
2023,8,25,13,0,24.6,0.093,4,83,0,83,0.27,50.660000000000004,824,1.6,3.5
2023,8,25,14,0,23.8,0.116,4,101,0,101,0.269,53.78,824,1.6,3.5
2023,8,25,15,0,23,0.124,4,61,0,61,0.268,57.26,824,1.6,3.6
2023,8,25,16,0,21.6,0.136,4,47,0,47,0.267,63.83,825,2,3.7
2023,8,25,17,0,19.700000000000003,0.17500000000000002,5,116,2,117,0.266,73.18,825,2.7,3.8000000000000003
2023,8,25,18,0,17.900000000000002,0.159,4,15,0,15,0.265,80.59,826,3.3000000000000003,3.8000000000000003
2023,8,25,19,0,16.400000000000002,0.129,4,0,0,0,0.265,83.17,827,3.6,3.7
2023,8,25,20,0,15.4,0.122,4,0,0,0,0.265,82.60000000000001,828,3.4000000000000004,3.5
2023,8,25,21,0,14.700000000000001,0.107,4,0,0,0,0.265,81.51,828,2.7,3.3000000000000003
2023,8,25,22,0,14.200000000000001,0.095,4,0,0,0,0.265,80.83,828,1.7000000000000002,3.2
2023,8,25,23,0,13.9,0.093,4,0,0,0,0.266,81.05,827,0.9,3.1
2023,8,26,0,0,14,0.08700000000000001,4,0,0,0,0.266,80.85000000000001,827,0.9,3
2023,8,26,1,0,14.100000000000001,0.076,3,0,0,0,0.266,81.36,826,1.1,3
2023,8,26,2,0,14.200000000000001,0.073,3,0,0,0,0.265,82.05,825,1,3
2023,8,26,3,0,14.3,0.077,1,0,0,0,0.265,82.91,825,1.1,3
2023,8,26,4,0,14.200000000000001,0.08700000000000001,3,0,0,0,0.265,83.76,825,1,3
2023,8,26,5,0,14.4,0.097,4,0,0,0,0.265,83.3,826,1,3
2023,8,26,6,0,16.1,0.106,4,21,0,21,0.264,79.11,826,1.2000000000000002,2.9000000000000004
2023,8,26,7,0,18.2,0.11,4,139,9,142,0.264,72.3,826,1.4000000000000001,2.9000000000000004
2023,8,26,8,0,20.6,0.11900000000000001,3,270,133,335,0.264,61.6,826,1.2000000000000002,2.9000000000000004
2023,8,26,9,0,23.1,0.11900000000000001,3,83,0,83,0.265,50.15,826,1.3,2.9000000000000004
2023,8,26,10,0,24.900000000000002,0.115,3,126,0,126,0.265,44.15,825,1.9000000000000001,2.9000000000000004
2023,8,26,11,0,26.1,0.094,3,193,0,193,0.265,40.800000000000004,825,2.4000000000000004,2.9000000000000004
2023,8,26,12,0,26.700000000000003,0.096,3,365,4,368,0.265,39.42,824,2.7,3
2023,8,26,13,0,26.6,0.098,3,195,0,196,0.265,40.050000000000004,824,2.8000000000000003,3.1
2023,8,26,14,0,26,0.10200000000000001,7,323,225,497,0.266,42.2,824,2.8000000000000003,3.2
2023,8,26,15,0,25.1,0.112,7,244,401,506,0.266,45.17,824,2.6,3.3000000000000003
2023,8,26,16,0,24.1,0.117,7,241,210,346,0.266,48.68,824,2.3000000000000003,3.4000000000000004
2023,8,26,17,0,22.8,0.133,7,84,3,85,0.266,53.9,824,1.9000000000000001,3.4000000000000004
2023,8,26,18,0,21,0.14,8,48,6,48,0.267,62.59,824,1.1,3.4000000000000004
2023,8,26,19,0,19.900000000000002,0.131,5,0,0,0,0.267,66.77,825,1.1,3.3000000000000003
2023,8,26,20,0,19.200000000000003,0.117,1,0,0,0,0.268,69.49,825,1.1,3.2
2023,8,26,21,0,18.7,0.106,0,0,0,0,0.268,70.67,825,1,3
2023,8,26,22,0,17.8,0.097,0,0,0,0,0.268,73.69,824,1.1,2.9000000000000004
2023,8,26,23,0,16.900000000000002,0.09,0,0,0,0,0.267,76.86,824,0.9,2.8000000000000003
2023,8,27,0,0,16.6,0.085,0,0,0,0,0.267,77.17,824,1,2.8000000000000003
2023,8,27,1,0,16.3,0.078,0,0,0,0,0.267,77.11,824,1.4000000000000001,2.7
2023,8,27,2,0,15.9,0.07200000000000001,0,0,0,0,0.267,77.36,824,1.6,2.6
2023,8,27,3,0,15.600000000000001,0.067,0,0,0,0,0.266,77.16,824,1.5,2.6
2023,8,27,4,0,15.3,0.063,0,0,0,0,0.266,76.62,824,1.5,2.6
2023,8,27,5,0,15.5,0.06,0,0,0,0,0.266,74.14,824,1.4000000000000001,2.5
2023,8,27,6,0,18.1,0.058,0,29,396,70,0.265,64.91,824,2.2,2.6
2023,8,27,7,0,21.1,0.055,0,53,690,260,0.265,53.9,824,2.1,2.6
2023,8,27,8,0,25,0.053,3,221,346,388,0.264,38.160000000000004,824,2.2,2.6
2023,8,27,9,0,27.3,0.052000000000000005,5,355,165,461,0.264,32.42,824,2.4000000000000004,2.5
2023,8,27,10,0,28.700000000000003,0.053,8,152,757,729,0.264,29.59,824,2.5,2.5
2023,8,27,11,0,29.6,0.053,0,84,944,876,0.265,27.810000000000002,823,2.5,2.5
2023,8,27,12,0,29.900000000000002,0.059000000000000004,3,396,448,785,0.266,27.26,823,2.4000000000000004,2.6
2023,8,27,13,0,29.700000000000003,0.062,8,185,738,807,0.266,27.580000000000002,822,2.3000000000000003,2.6
2023,8,27,14,0,29.1,0.07,8,146,1,147,0.266,29.12,822,2.2,2.7
2023,8,27,15,0,27.900000000000002,0.082,7,16,0,16,0.266,32.59,822,2,2.8000000000000003
2023,8,27,16,0,26.1,0.095,7,77,0,77,0.266,38.68,823,1.8,3
2023,8,27,17,0,23.8,0.122,8,4,0,4,0.266,50.5,823,1.7000000000000002,3.1
2023,8,27,18,0,21.200000000000003,0.124,7,52,8,53,0.265,67.34,824,1.6,3.1
2023,8,27,19,0,19.700000000000003,0.108,3,0,0,0,0.265,75.24,824,1.3,3
2023,8,27,20,0,18.6,0.097,5,0,0,0,0.265,78.71000000000001,824,0.9,2.8000000000000003
2023,8,27,21,0,18,0.09,7,0,0,0,0.264,79.49,824,0.8,2.7
2023,8,27,22,0,17.2,0.085,7,0,0,0,0.264,81.26,824,0.7000000000000001,2.6
2023,8,27,23,0,16.400000000000002,0.082,0,0,0,0,0.263,82.98,824,0.8,2.5
2023,8,28,0,0,16,0.082,1,0,0,0,0.262,82.2,824,1,2.5
2023,8,28,1,0,15.8,0.084,4,0,0,0,0.262,80.29,824,1.3,2.5
2023,8,28,2,0,15.5,0.085,0,0,0,0,0.263,79.09,823,1.7000000000000002,2.5
2023,8,28,3,0,15.200000000000001,0.084,0,0,0,0,0.264,78.67,823,2.1,2.5
2023,8,28,4,0,14.9,0.084,3,0,0,0,0.265,79,823,2.5,2.4000000000000004
2023,8,28,5,0,14.8,0.082,7,0,0,0,0.266,78.67,823,2.5,2.3000000000000003
2023,8,28,6,0,15.9,0.08,1,31,360,67,0.267,75.3,824,2.7,2.2
2023,8,28,7,0,18.6,0.08,0,60,664,257,0.268,64.48,824,2.4000000000000004,2.1
2023,8,28,8,0,21.900000000000002,0.079,0,77,802,461,0.268,47.76,825,2.9000000000000004,2
2023,8,28,9,0,24,0.077,3,307,380,550,0.268,39.94,825,2.7,2
2023,8,28,10,0,25.8,0.07,3,372,394,671,0.269,34.89,825,2.6,1.9000000000000001
2023,8,28,11,0,27.1,0.065,3,342,563,814,0.269,31.650000000000002,824,2.6,2
2023,8,28,12,0,27.900000000000002,0.07200000000000001,3,309,648,869,0.269,29.7,824,2.8000000000000003,2.1
2023,8,28,13,0,28,0.079,7,105,0,105,0.268,29.560000000000002,824,3.1,2.2
2023,8,28,14,0,27.200000000000003,0.088,8,344,306,578,0.268,31.86,824,3.5,2.4000000000000004
2023,8,28,15,0,25.700000000000003,0.10400000000000001,3,298,428,575,0.267,36.12,824,3.6,2.5
2023,8,28,16,0,23.8,0.11,7,214,67,247,0.267,42.35,825,3.5,2.7
2023,8,28,17,0,21.8,0.127,3,159,18,164,0.266,50.33,825,3,2.7
2023,8,28,18,0,19.5,0.11800000000000001,7,33,1,33,0.266,62.13,826,1.9000000000000001,2.7
2023,8,28,19,0,18.1,0.108,7,0,0,0,0.267,70.55,826,1.3,2.6
2023,8,28,20,0,17.400000000000002,0.10400000000000001,5,0,0,0,0.268,75.02,827,0.8,2.5
2023,8,28,21,0,16.6,0.08600000000000001,1,0,0,0,0.268,77.76,827,0.4,2.3000000000000003
2023,8,28,22,0,15.700000000000001,0.07200000000000001,1,0,0,0,0.269,80.10000000000001,827,0.6000000000000001,2.1
2023,8,28,23,0,14.9,0.062,0,0,0,0,0.27,81.59,827,0.9,1.9000000000000001
2023,8,29,0,0,14.3,0.056,0,0,0,0,0.27,81.76,826,1.1,1.8
2023,8,29,1,0,13.9,0.052000000000000005,0,0,0,0,0.271,80.98,826,1.1,1.6
2023,8,29,2,0,13.5,0.05,0,0,0,0,0.271,79.74,826,1.1,1.5
2023,8,29,3,0,13.200000000000001,0.049,0,0,0,0,0.272,78.04,826,1,1.4000000000000001
2023,8,29,4,0,12.9,0.048,0,0,0,0,0.272,76.67,826,1,1.3
2023,8,29,5,0,12.700000000000001,0.047,0,0,0,0,0.272,75.71000000000001,826,1,1.3
2023,8,29,6,0,15.4,0.045,1,27,442,71,0.272,70.97,827,1.3,1.2000000000000002
2023,8,29,7,0,18.8,0.043000000000000003,0,50,747,270,0.272,49.65,827,0.9,1.1
2023,8,29,8,0,22.200000000000003,0.043000000000000003,0,63,870,478,0.273,27.44,827,0.7000000000000001,1.1
2023,8,29,9,0,24.400000000000002,0.043000000000000003,0,71,931,663,0.273,22.29,827,1.6,1.2000000000000002
2023,8,29,10,0,25.900000000000002,0.043000000000000003,0,76,967,809,0.273,20.740000000000002,827,2,1.2000000000000002
2023,8,29,11,0,27.1,0.034,0,75,990,901,0.273,19.82,826,2.3000000000000003,1.3
2023,8,29,12,0,28,0.035,0,76,995,934,0.273,19.29,826,2.5,1.3
2023,8,29,13,0,28.5,0.035,0,75,990,904,0.273,19.12,825,2.7,1.3
2023,8,29,14,0,28.5,0.041,0,75,967,813,0.273,19.34,824,2.8000000000000003,1.3
2023,8,29,15,0,28,0.042,0,71,932,670,0.272,19.8,824,2.9000000000000004,1.3
2023,8,29,16,0,27,0.042,0,62,870,486,0.272,20.85,824,2.9000000000000004,1.3
2023,8,29,17,0,24.8,0.041,1,50,753,279,0.27,26,824,2.4000000000000004,1.3
2023,8,29,18,0,19.900000000000002,0.04,1,27,480,80,0.269,40.07,824,1.5,1.2000000000000002
2023,8,29,19,0,17.6,0.039,1,0,0,0,0.268,45.15,824,1.5,1.2000000000000002
2023,8,29,20,0,16.5,0.039,1,0,0,0,0.268,47.46,824,1.6,1.2000000000000002
2023,8,29,21,0,15.700000000000001,0.038,0,0,0,0,0.268,48.84,824,1.7000000000000002,1.1
2023,8,29,22,0,15.100000000000001,0.038,0,0,0,0,0.268,49.67,824,1.9000000000000001,1.1
2023,8,29,23,0,14.700000000000001,0.037,0,0,0,0,0.268,50.01,824,2,1.1
2023,8,30,0,0,14.600000000000001,0.036000000000000004,0,0,0,0,0.268,49.410000000000004,823,2.2,1.1
2023,8,30,1,0,14.5,0.035,0,0,0,0,0.268,48.86,823,2.5,1.1
2023,8,30,2,0,14.200000000000001,0.034,0,0,0,0,0.269,49.2,823,2.5,1.1
2023,8,30,3,0,13.9,0.035,0,0,0,0,0.27,49.42,822,2.4000000000000004,1.1
2023,8,30,4,0,13.8,0.036000000000000004,0,0,0,0,0.272,48.43,822,2.2,1.2000000000000002
2023,8,30,5,0,14,0.037,0,0,0,0,0.273,46.51,822,2.1,1.3
2023,8,30,6,0,18.2,0.037,0,25,453,69,0.273,36.36,822,2.8000000000000003,1.3
2023,8,30,7,0,22.8,0.038,0,48,743,265,0.274,27.25,822,2.7,1.4000000000000001
2023,8,30,8,0,27.400000000000002,0.039,0,60,862,469,0.274,20.45,821,1.6,1.5
2023,8,30,9,0,30.200000000000003,0.04,0,69,925,654,0.273,18.23,821,1.1,1.5
2023,8,30,10,0,31.8,0.041,0,75,957,797,0.272,17.51,821,1.2000000000000002,1.6
2023,8,30,11,0,33,0.039,3,375,481,775,0.27,16.82,820,1.1,1.7000000000000002
2023,8,30,12,0,33.7,0.042,7,170,811,866,0.268,16.32,820,1.2000000000000002,1.8
2023,8,30,13,0,34.1,0.046,8,391,224,577,0.266,16,819,1.3,1.9000000000000001
2023,8,30,14,0,33.9,0.047,3,414,121,505,0.264,16.16,818,1.3,2
2023,8,30,15,0,33.300000000000004,0.049,3,291,424,562,0.263,16.56,818,1.4000000000000001,2
2023,8,30,16,0,32.1,0.05,1,65,839,470,0.262,17.68,818,1.5,2
2023,8,30,17,0,29.8,0.048,0,51,718,267,0.262,22.98,818,1.5,2
2023,8,30,18,0,25.200000000000003,0.045,1,28,440,74,0.262,34.64,818,1.7000000000000002,1.9000000000000001
2023,8,30,19,0,22.3,0.041,1,0,0,0,0.262,39.5,819,2,1.8
2023,8,30,20,0,21.200000000000003,0.038,1,0,0,0,0.263,39.81,819,2.1,1.6
2023,8,30,21,0,20.400000000000002,0.036000000000000004,1,0,0,0,0.264,39.85,819,2.2,1.5
2023,8,30,22,0,19.5,0.034,0,0,0,0,0.265,40.32,819,2.1,1.3
2023,8,30,23,0,18.6,0.033,0,0,0,0,0.267,40.480000000000004,819,2,1.2000000000000002
2023,8,31,0,0,17.900000000000002,0.032,0,0,0,0,0.269,39.69,819,2,1.1
2023,8,31,1,0,17.3,0.033,0,0,0,0,0.27,39.19,819,2.1,1
2023,8,31,2,0,16.5,0.035,0,0,0,0,0.271,40.02,819,2.1,1
2023,8,31,3,0,15.700000000000001,0.037,0,0,0,0,0.271,41.43,819,1.9000000000000001,1
2023,8,31,4,0,15,0.039,0,0,0,0,0.271,43.15,819,1.6,1.1
2023,8,31,5,0,14.8,0.041,0,0,0,0,0.271,43.61,819,1.4000000000000001,1.1
2023,8,31,6,0,19,0.043000000000000003,1,25,436,66,0.271,37.56,819,1.6,1.2000000000000002
2023,8,31,7,0,24,0.043000000000000003,0,49,741,263,0.271,24.94,819,2.1,1.2000000000000002
2023,8,31,8,0,28,0.044,0,62,865,470,0.271,17.54,819,1.6,1.2000000000000002
2023,8,31,9,0,30.200000000000003,0.045,0,71,929,657,0.271,15.14,819,1.3,1.2000000000000002
2023,8,31,10,0,31.8,0.046,0,77,965,802,0.271,13.84,819,0.9,1.2000000000000002
2023,8,31,11,0,33.1,0.04,3,472,171,614,0.27,12.870000000000001,819,1,1.3
2023,8,31,12,0,34,0.041,8,378,36,409,0.269,12.21,818,1.5,1.4000000000000001
2023,8,31,13,0,34.5,0.044,1,79,980,893,0.268,11.83,818,2.1,1.4000000000000001
2023,8,31,14,0,34.4,0.053,7,323,330,572,0.267,11.96,817,2.5,1.6
2023,8,31,15,0,33.7,0.064,1,81,896,650,0.267,12.700000000000001,817,2.7,1.7000000000000002
2023,8,31,16,0,32.4,0.067,3,220,389,406,0.267,14.24,817,2.6,1.8
2023,8,31,17,0,29.8,0.067,7,130,280,212,0.267,20.96,817,1.7000000000000002,1.8
2023,8,31,18,0,25.3,0.061,8,51,27,54,0.267,31.17,817,1.6,1.8
2023,8,31,19,0,23.400000000000002,0.05,8,0,0,0,0.267,33.69,818,1.8,1.8
2023,8,31,20,0,22.200000000000003,0.047,8,0,0,0,0.266,35.81,819,1.9000000000000001,1.7000000000000002
2023,8,31,21,0,20.8,0.041,0,0,0,0,0.266,37.53,819,1.9000000000000001,1.6
2023,8,31,22,0,19.700000000000003,0.034,0,0,0,0,0.266,37.95,819,1.9000000000000001,1.5
2023,8,31,23,0,18.900000000000002,0.029,0,0,0,0,0.267,37.81,819,1.8,1.4000000000000001
2023,9,1,0,0,18.1,0.024,0,0,0,0,0.267,38.11,819,1.7000000000000002,1.3
2023,9,1,1,0,17.6,0.022,0,0,0,0,0.267,38.35,819,1.6,1.1
2023,9,1,2,0,17.1,0.02,0,0,0,0,0.267,39.28,819,1.7000000000000002,1.1
2023,9,1,3,0,16.6,0.019,0,0,0,0,0.268,40.83,819,1.8,1
2023,9,1,4,0,16.3,0.019,0,0,0,0,0.269,42.43,819,1.9000000000000001,1.1
2023,9,1,5,0,16.3,0.02,0,0,0,0,0.27,43.2,819,1.8,1.1
2023,9,1,6,0,20,0.023,1,22,480,66,0.271,37.5,819,2,1.1
2023,9,1,7,0,24.8,0.027,0,44,765,262,0.273,26.44,820,3,1.2000000000000002
2023,9,1,8,0,28.6,0.032,0,57,872,466,0.273,19.7,820,2.4000000000000004,1.4000000000000001
2023,9,1,9,0,30.900000000000002,0.035,0,66,929,649,0.273,17.17,821,1.7000000000000002,1.5
2023,9,1,10,0,32.6,0.036000000000000004,1,72,964,793,0.273,15.85,821,1.2000000000000002,1.5
2023,9,1,11,0,33.6,0.035,8,392,196,554,0.274,14.97,820,1,1.6
2023,9,1,12,0,34.4,0.035,3,447,343,739,0.274,13.950000000000001,820,1.5,1.6
2023,9,1,13,0,34.9,0.037,3,458,266,678,0.273,13,819,2.2,1.6
2023,9,1,14,0,34.800000000000004,0.047,7,214,639,694,0.273,12.71,819,2.8000000000000003,1.7000000000000002
2023,9,1,15,0,34.2,0.058,3,291,422,557,0.272,13.290000000000001,818,3.3000000000000003,1.8
2023,9,1,16,0,32.9,0.068,3,250,42,270,0.272,14.96,818,3.2,1.9000000000000001
2023,9,1,17,0,30,0.082,0,60,653,250,0.271,23.6,819,2,2.1
2023,9,1,18,0,26,0.094,3,39,1,39,0.271,34.11,819,1.5,2.3000000000000003
2023,9,1,19,0,24.6,0.099,5,0,0,0,0.272,37.49,820,1.4000000000000001,2.5
2023,9,1,20,0,23.200000000000003,0.096,7,0,0,0,0.272,42.46,821,1.1,2.5
2023,9,1,21,0,22.1,0.083,8,0,0,0,0.272,45.7,821,0.9,2.5
2023,9,1,22,0,21,0.073,7,0,0,0,0.273,47.86,821,1,2.4000000000000004
2023,9,1,23,0,20.5,0.067,7,0,0,0,0.273,48.04,821,2,2.3000000000000003
2023,9,2,0,0,20.1,0.062,7,0,0,0,0.274,48.35,821,2.7,2.3000000000000003
2023,9,2,1,0,19.6,0.058,7,0,0,0,0.274,49.72,822,3.3000000000000003,2.3000000000000003
2023,9,2,2,0,18.900000000000002,0.055,7,0,0,0,0.274,51.81,822,3.2,2.2
2023,9,2,3,0,18.3,0.053,7,0,0,0,0.274,53.370000000000005,822,2.8000000000000003,2.1
2023,9,2,4,0,17.7,0.052000000000000005,7,0,0,0,0.274,55.06,822,2.4000000000000004,2
2023,9,2,5,0,17.3,0.051000000000000004,8,0,0,0,0.274,56.160000000000004,823,2.2,1.9000000000000001
2023,9,2,6,0,19.700000000000003,0.052000000000000005,3,37,1,37,0.274,48.800000000000004,823,2.7,1.8
2023,9,2,7,0,23.5,0.053,8,128,246,198,0.274,37.72,823,2.2,1.8
2023,9,2,8,0,27.1,0.056,8,149,592,425,0.273,26.71,824,1.4000000000000001,1.8
2023,9,2,9,0,29.3,0.059000000000000004,7,193,529,523,0.272,20.89,824,0.6000000000000001,1.8
2023,9,2,10,0,30.6,0.061,6,352,230,524,0.271,18.46,823,0.8,1.8
2023,9,2,11,0,31.5,0.05,7,201,688,766,0.27,17.13,823,1.5,1.8
2023,9,2,12,0,32,0.049,7,260,577,749,0.27,16.36,822,2,1.8
2023,9,2,13,0,32.300000000000004,0.048,7,164,798,821,0.269,15.85,822,2.3000000000000003,1.9000000000000001
2023,9,2,14,0,32.4,0.048,8,173,725,714,0.269,15.66,821,2.3000000000000003,2
2023,9,2,15,0,32.1,0.049,7,244,351,464,0.27,16.1,821,2.2,2.1
2023,9,2,16,0,30.900000000000002,0.053,3,201,11,207,0.27,17.830000000000002,821,2,2.2
2023,9,2,17,0,28.200000000000003,0.057,3,134,10,137,0.269,26.64,821,1,2.3000000000000003
2023,9,2,18,0,24.3,0.061,5,19,0,19,0.27,39.14,822,0.6000000000000001,2.4000000000000004
2023,9,2,19,0,22.400000000000002,0.061,4,0,0,0,0.27,44.2,822,0.7000000000000001,2.4000000000000004
2023,9,2,20,0,21.400000000000002,0.063,3,0,0,0,0.27,46.95,823,1.3,2.5
2023,9,2,21,0,20.5,0.064,3,0,0,0,0.27,51.01,823,1.9000000000000001,2.5
2023,9,2,22,0,19.900000000000002,0.065,5,0,0,0,0.27,54.14,823,2.1,2.6
2023,9,2,23,0,19.400000000000002,0.065,1,0,0,0,0.271,56.32,823,1.9000000000000001,2.6
2023,9,3,0,0,18.900000000000002,0.064,3,0,0,0,0.271,57.870000000000005,823,1.8,2.6
2023,9,3,1,0,18.400000000000002,0.063,3,0,0,0,0.271,59.18,823,1.6,2.6
2023,9,3,2,0,18.1,0.061,3,0,0,0,0.272,59.56,822,1.5,2.6
2023,9,3,3,0,17.8,0.057,1,0,0,0,0.273,60.08,822,1.6,2.5
2023,9,3,4,0,17.400000000000002,0.053,0,0,0,0,0.274,61.07,822,1.7000000000000002,2.5
2023,9,3,5,0,17.2,0.05,0,0,0,0,0.275,61.56,822,1.7000000000000002,2.5
2023,9,3,6,0,19.5,0.048,3,33,1,33,0.275,54.61,822,2.2,2.5
2023,9,3,7,0,23.3,0.047,1,49,688,242,0.277,42.17,822,1.5,2.5
2023,9,3,8,0,26.400000000000002,0.048,0,63,816,442,0.277,33.85,822,1,2.6
2023,9,3,9,0,28,0.053,3,340,193,460,0.277,30.1,822,2,2.6
2023,9,3,10,0,28.700000000000003,0.064,0,85,907,759,0.276,28.19,821,2.5,2.7
2023,9,3,11,0,28.900000000000002,0.064,7,338,43,373,0.276,27.580000000000002,820,2.8000000000000003,2.8000000000000003
2023,9,3,12,0,29,0.069,8,142,1,142,0.275,27.5,819,2.9000000000000004,2.8000000000000003
2023,9,3,13,0,28.900000000000002,0.066,8,217,619,725,0.275,27.89,819,2.9000000000000004,2.8000000000000003
2023,9,3,14,0,28.5,0.063,7,320,315,554,0.275,29.11,818,2.8000000000000003,2.9000000000000004
2023,9,3,15,0,27.700000000000003,0.063,8,167,612,547,0.276,31.54,817,2.6,2.9000000000000004
2023,9,3,16,0,26.6,0.063,7,159,17,167,0.276,36.230000000000004,817,2,3
2023,9,3,17,0,24.5,0.07100000000000001,8,111,369,214,0.276,47.14,817,1.3,3.1
2023,9,3,18,0,21.900000000000002,0.076,3,32,0,32,0.276,57.56,817,1.6,3.2
2023,9,3,19,0,20.3,0.068,8,0,0,0,0.277,63.730000000000004,818,2.6,3.1
2023,9,3,20,0,19.3,0.052000000000000005,5,0,0,0,0.278,68.09,818,2.2,2.9000000000000004
2023,9,3,21,0,18.5,0.045,7,0,0,0,0.278,70.77,818,1.4000000000000001,2.7
2023,9,3,22,0,17.8,0.042,3,0,0,0,0.279,72.45,817,1.1,2.5
2023,9,3,23,0,17.2,0.039,0,0,0,0,0.279,73.26,817,1.3,2.3000000000000003
2023,9,4,0,0,16.6,0.035,0,0,0,0,0.28,73.28,816,1.5,2.2
2023,9,4,1,0,16,0.033,0,0,0,0,0.281,72.65,816,1.8,2
2023,9,4,2,0,15.4,0.031,0,0,0,0,0.28300000000000003,71.88,815,1.8,1.9000000000000001
2023,9,4,3,0,15,0.03,0,0,0,0,0.28500000000000003,70.7,815,1.7000000000000002,1.8
2023,9,4,4,0,14.700000000000001,0.029,0,0,0,0,0.28700000000000003,69.73,814,1.6,1.7000000000000002
2023,9,4,5,0,14.600000000000001,0.029,0,0,0,0,0.28800000000000003,68.63,814,1.6,1.7000000000000002
2023,9,4,6,0,17.7,0.029,1,22,422,56,0.29,58.72,814,2.6,1.7000000000000002
2023,9,4,7,0,21.400000000000002,0.03,0,44,739,249,0.291,47.29,813,2.5,1.6
2023,9,4,8,0,25.400000000000002,0.03,0,55,865,454,0.291,32.93,813,1.9000000000000001,1.6
2023,9,4,9,0,27.400000000000002,0.031,0,63,932,640,0.29,26.62,813,1.8,1.5
2023,9,4,10,0,28.900000000000002,0.033,0,69,966,784,0.28800000000000003,22.6,812,2.2,1.5
2023,9,4,11,0,30,0.027,1,68,990,876,0.28700000000000003,19.71,812,2.7,1.5
2023,9,4,12,0,30.700000000000003,0.027,8,408,101,493,0.28600000000000003,17.39,811,3.2,1.5
2023,9,4,13,0,30.700000000000003,0.026000000000000002,3,318,1,319,0.28700000000000003,15.84,811,3.7,1.4000000000000001
2023,9,4,14,0,30,0.03,0,68,975,789,0.289,15.290000000000001,811,4.2,1.3
2023,9,4,15,0,28.700000000000003,0.027,0,62,946,646,0.291,15.71,811,4.6000000000000005,1.2000000000000002
2023,9,4,16,0,26.8,0.025,0,53,884,459,0.291,17.16,812,4.7,1.2000000000000002
2023,9,4,17,0,24.3,0.023,0,41,766,252,0.291,20.490000000000002,813,3.9000000000000004,1.1
2023,9,4,18,0,20.200000000000003,0.023,1,21,447,56,0.292,29.96,813,2.1,1
2023,9,4,19,0,18.2,0.025,1,0,0,0,0.293,35.1,814,2.1,1
2023,9,4,20,0,17,0.025,1,0,0,0,0.293,38.24,815,2.3000000000000003,1
2023,9,4,21,0,16,0.026000000000000002,1,0,0,0,0.293,41.61,815,2.2,1
2023,9,4,22,0,15.3,0.027,0,0,0,0,0.294,44.12,815,2.3000000000000003,0.9
2023,9,4,23,0,14.700000000000001,0.028,0,0,0,0,0.294,46.58,815,2.4000000000000004,0.9
2023,9,5,0,0,14.100000000000001,0.03,0,0,0,0,0.294,49.54,815,2.5,0.9
2023,9,5,1,0,13.4,0.032,0,0,0,0,0.294,53.21,816,2.5,0.9
2023,9,5,2,0,12.700000000000001,0.035,0,0,0,0,0.294,56.72,816,2.1,0.9
2023,9,5,3,0,12,0.037,0,0,0,0,0.295,59.81,817,1.4000000000000001,0.9
2023,9,5,4,0,11.200000000000001,0.038,0,0,0,0,0.296,62.76,817,0.8,1
2023,9,5,5,0,10.700000000000001,0.039,0,0,0,0,0.297,64.65,818,0.6000000000000001,1
2023,9,5,6,0,12.8,0.039,0,22,401,54,0.298,57.38,819,0.8,1.1
2023,9,5,7,0,15.700000000000001,0.038,0,46,737,249,0.298,46.42,820,1.2000000000000002,1.1
2023,9,5,8,0,18.900000000000002,0.038,0,59,865,455,0.297,35.01,820,1.4000000000000001,1.2000000000000002
2023,9,5,9,0,21.5,0.038,0,67,932,641,0.295,27.44,821,1.4000000000000001,1.2000000000000002
2023,9,5,10,0,23.6,0.038,0,72,969,786,0.293,22.95,821,1.7000000000000002,1.2000000000000002
2023,9,5,11,0,25.3,0.03,3,347,551,795,0.291,20.19,820,2.3000000000000003,1.2000000000000002
2023,9,5,12,0,26.400000000000002,0.031,0,72,1000,910,0.289,18.73,820,3,1.2000000000000002
2023,9,5,13,0,27,0.032,0,72,990,875,0.28700000000000003,18.07,820,3.5,1.3
2023,9,5,14,0,26.8,0.034,1,70,970,782,0.28500000000000003,18.54,820,3.8000000000000003,1.3
2023,9,5,15,0,26,0.036000000000000004,3,295,385,531,0.28300000000000003,19.82,820,3.9000000000000004,1.4000000000000001
2023,9,5,16,0,24.6,0.038,1,58,858,448,0.28200000000000003,21.86,820,3.8000000000000003,1.4000000000000001
2023,9,5,17,0,22.400000000000002,0.04,3,129,9,132,0.28,26.35,821,3.5,1.4000000000000001
2023,9,5,18,0,18.5,0.041,3,29,1,29,0.28,36.19,821,2.5,1.5
2023,9,5,19,0,16.1,0.042,3,0,0,0,0.28,43.72,822,2,1.5
2023,9,5,20,0,14.8,0.042,1,0,0,0,0.28,49.07,823,1.4000000000000001,1.5
2023,9,5,21,0,13.9,0.042,0,0,0,0,0.281,52.69,823,1.1,1.5
2023,9,5,22,0,13.100000000000001,0.04,0,0,0,0,0.281,55.33,823,1,1.5
2023,9,5,23,0,12.5,0.037,0,0,0,0,0.28200000000000003,56.88,823,1,1.4000000000000001
2023,9,6,0,0,12.100000000000001,0.035,0,0,0,0,0.28200000000000003,57.120000000000005,823,1.2000000000000002,1.4000000000000001
2023,9,6,1,0,11.700000000000001,0.032,0,0,0,0,0.28200000000000003,56.93,822,1.3,1.3
2023,9,6,2,0,11.5,0.03,0,0,0,0,0.28200000000000003,55.99,822,1.4000000000000001,1.2000000000000002
2023,9,6,3,0,11.4,0.029,0,0,0,0,0.28300000000000003,54.76,822,1.5,1.1
2023,9,6,4,0,11.4,0.028,0,0,0,0,0.28300000000000003,53.06,822,1.6,1
2023,9,6,5,0,11.4,0.029,0,0,0,0,0.28400000000000003,51.43,822,1.8,1
2023,9,6,6,0,14.100000000000001,0.029,0,21,421,53,0.28400000000000003,42.47,822,2.7,1
2023,9,6,7,0,18.400000000000002,0.03,0,44,753,249,0.28500000000000003,32.27,822,2.6,1
2023,9,6,8,0,23,0.03,0,56,882,458,0.28400000000000003,22.6,822,2,1
2023,9,6,9,0,25.8,0.032,0,65,946,645,0.28200000000000003,17.62,822,1.3,1
2023,9,6,10,0,27.700000000000003,0.034,0,72,980,791,0.28,15.05,822,0.7000000000000001,1
2023,9,6,11,0,29.1,0.031,0,73,1001,884,0.279,13.35,821,0.7000000000000001,1
2023,9,6,12,0,30.3,0.03,0,73,1008,915,0.277,12.07,821,1.1,1
2023,9,6,13,0,31,0.03,0,72,1002,882,0.275,11.290000000000001,820,1.6,1
2023,9,6,14,0,31.200000000000003,0.03,0,69,984,788,0.274,10.98,820,1.9000000000000001,1
2023,9,6,15,0,30.8,0.029,0,63,944,638,0.274,11.08,819,2.1,1.1
2023,9,6,16,0,29.6,0.028,0,55,880,451,0.273,11.97,819,2.2,1.1
2023,9,6,17,0,26.5,0.028,0,43,748,242,0.273,19.66,819,1.6,1.1
2023,9,6,18,0,21.400000000000002,0.028,1,20,402,48,0.273,30.650000000000002,820,1.4000000000000001,1.1
2023,9,6,19,0,19.8,0.029,1,0,0,0,0.273,32.56,820,1.5,1.1
2023,9,6,20,0,18.1,0.029,1,0,0,0,0.273,36.1,821,1.3,1.1
2023,9,6,21,0,16.6,0.028,0,0,0,0,0.274,38.96,820,1.2000000000000002,1.1
2023,9,6,22,0,15.700000000000001,0.026000000000000002,0,0,0,0,0.275,39.22,820,1.1,1
2023,9,6,23,0,15.100000000000001,0.024,0,0,0,0,0.276,38.61,820,1.2000000000000002,0.9
2023,9,7,0,0,14.8,0.023,0,0,0,0,0.276,37.050000000000004,820,1.3,0.8
2023,9,7,1,0,14.700000000000001,0.022,0,0,0,0,0.277,35.36,820,1.5,0.8
2023,9,7,2,0,14.3,0.022,0,0,0,0,0.278,34.81,820,1.9000000000000001,0.7000000000000001
2023,9,7,3,0,14.200000000000001,0.022,0,0,0,0,0.278,33.9,820,2.2,0.7000000000000001
2023,9,7,4,0,13.700000000000001,0.023,0,0,0,0,0.278,34.660000000000004,820,2.2,0.7000000000000001
2023,9,7,5,0,13.3,0.024,0,0,0,0,0.278,35.65,820,2,0.7000000000000001
2023,9,7,6,0,16,0.025,0,21,442,53,0.278,30.86,821,2.4000000000000004,0.7000000000000001
2023,9,7,7,0,20.200000000000003,0.026000000000000002,0,43,769,250,0.279,23.73,821,2.9000000000000004,0.8
2023,9,7,8,0,23.900000000000002,0.028,0,56,895,460,0.279,18.97,821,3,0.8
2023,9,7,9,0,26.1,0.029,0,64,958,648,0.278,16.25,821,2.9000000000000004,0.8
2023,9,7,10,0,28,0.029,0,68,989,791,0.277,14.15,821,2.4000000000000004,0.9
2023,9,7,11,0,29.5,0.023,0,67,1013,884,0.276,12.700000000000001,821,1.9000000000000001,0.9
2023,9,7,12,0,30.6,0.022,0,67,1015,911,0.275,11.75,821,1.5,1
2023,9,7,13,0,31.3,0.022,0,66,1010,878,0.274,11.13,821,1.5,1
2023,9,7,14,0,31.200000000000003,0.024,0,65,989,783,0.273,11,820,1.6,1
2023,9,7,15,0,30.6,0.025,0,61,952,636,0.273,11.16,820,1.9000000000000001,1
2023,9,7,16,0,29.3,0.025,0,53,886,447,0.272,12.09,821,2,1
2023,9,7,17,0,26.200000000000003,0.025,0,41,753,237,0.273,19.61,821,1.4000000000000001,1
2023,9,7,18,0,21.1,0.026000000000000002,1,19,397,44,0.274,30.560000000000002,822,1.1,1
2023,9,7,19,0,19.700000000000003,0.026000000000000002,1,0,0,0,0.275,31.79,823,1.1,1
2023,9,7,20,0,18.900000000000002,0.028,0,0,0,0,0.275,32.35,823,1,1
2023,9,7,21,0,18.3,0.029,0,0,0,0,0.275,32.74,824,0.9,1.1
2023,9,7,22,0,17.6,0.03,0,0,0,0,0.276,34.26,824,0.7000000000000001,1.2000000000000002
2023,9,7,23,0,17.3,0.031,0,0,0,0,0.277,33.85,824,0.6000000000000001,1.2000000000000002
2023,9,8,0,0,17.1,0.031,0,0,0,0,0.278,33.52,824,0.4,1.2000000000000002
2023,9,8,1,0,16.6,0.031,0,0,0,0,0.278,34.6,825,0.4,1.2000000000000002
2023,9,8,2,0,15.700000000000001,0.03,0,0,0,0,0.279,37.15,825,0.5,1.2000000000000002
2023,9,8,3,0,14.5,0.03,0,0,0,0,0.281,40.62,825,0.9,1.1
2023,9,8,4,0,13.5,0.03,0,0,0,0,0.28200000000000003,43.2,825,1.1,1.1
2023,9,8,5,0,12.600000000000001,0.03,0,0,0,0,0.28300000000000003,45.22,825,1.1,1
2023,9,8,6,0,14.600000000000001,0.03,1,20,406,49,0.28500000000000003,44.89,825,0.9,1
2023,9,8,7,0,19.400000000000002,0.031,0,44,747,242,0.28700000000000003,29.03,825,1.2000000000000002,1
2023,9,8,8,0,23.6,0.031,0,56,884,453,0.28700000000000003,20.16,825,1.1,0.9
2023,9,8,9,0,26.5,0.031,0,63,950,640,0.28500000000000003,15.39,825,1.3,0.9
2023,9,8,10,0,28.6,0.03,0,68,988,786,0.28300000000000003,12.700000000000001,824,1.2000000000000002,0.9
2023,9,8,11,0,30.1,0.025,0,67,1011,878,0.28200000000000003,11.05,824,1,0.9
2023,9,8,12,0,31.200000000000003,0.024,0,67,1017,909,0.279,10,823,0.9,0.9
2023,9,8,13,0,31.700000000000003,0.024,0,66,1007,872,0.277,9.58,822,0.8,1
2023,9,8,14,0,31.8,0.026000000000000002,0,65,987,778,0.276,9.6,822,0.8,1
2023,9,8,15,0,31.200000000000003,0.026000000000000002,0,60,950,630,0.276,10.06,822,0.8,1
2023,9,8,16,0,29.900000000000002,0.025,3,224,281,347,0.276,11.370000000000001,822,0.8,1
2023,9,8,17,0,26.5,0.026000000000000002,1,41,747,232,0.277,21.27,822,0.5,1
2023,9,8,18,0,21.1,0.026000000000000002,1,18,384,40,0.277,31.69,823,0.30000000000000004,1
2023,9,8,19,0,19.3,0.026000000000000002,1,0,0,0,0.277,34.09,824,0.6000000000000001,1
2023,9,8,20,0,18.1,0.026000000000000002,1,0,0,0,0.277,34.82,824,1.1,1
2023,9,8,21,0,17,0.026000000000000002,1,0,0,0,0.277,35.04,824,1.6,0.9
2023,9,8,22,0,16.2,0.029,0,0,0,0,0.277,35.13,824,1.7000000000000002,0.9
2023,9,8,23,0,15.4,0.033,0,0,0,0,0.277,35.89,824,1.6,0.9
2023,9,9,0,0,14.8,0.037,0,0,0,0,0.277,36.45,824,1.6,0.9
2023,9,9,1,0,14.200000000000001,0.041,0,0,0,0,0.278,36.99,824,1.7000000000000002,0.9
2023,9,9,2,0,13.700000000000001,0.044,0,0,0,0,0.278,37.29,824,1.7000000000000002,0.9
2023,9,9,3,0,13.200000000000001,0.045,0,0,0,0,0.278,37.6,824,1.7000000000000002,0.9
2023,9,9,4,0,12.9,0.044,1,0,0,0,0.278,37.19,824,1.7000000000000002,0.9
2023,9,9,5,0,12.600000000000001,0.042,0,0,0,0,0.278,36.910000000000004,824,1.8,1
2023,9,9,6,0,15.8,0.041,1,20,373,45,0.278,32.46,825,1.9000000000000001,1
2023,9,9,7,0,21,0.04,0,46,729,238,0.279,21.77,825,2.4000000000000004,1
2023,9,9,8,0,24.6,0.036000000000000004,0,58,872,447,0.278,16.52,825,2.2,1
2023,9,9,9,0,26.700000000000003,0.037,0,66,935,631,0.278,14.57,825,2,1.1
2023,9,9,10,0,28.200000000000003,0.04,0,73,970,775,0.277,13.47,825,2,1.1
2023,9,9,11,0,29.400000000000002,0.037,0,75,988,864,0.276,12.69,825,2.3000000000000003,1.2000000000000002
2023,9,9,12,0,30.1,0.042,0,78,986,890,0.274,12.26,824,2.9000000000000004,1.3
2023,9,9,13,0,30.200000000000003,0.049,1,81,970,853,0.273,12.33,824,3.4000000000000004,1.4000000000000001
2023,9,9,14,0,29.700000000000003,0.053,0,79,945,758,0.272,12.85,823,3.4000000000000004,1.4000000000000001
2023,9,9,15,0,28.8,0.059000000000000004,8,208,516,515,0.272,13.620000000000001,823,3.2,1.5
2023,9,9,16,0,27.400000000000002,0.059000000000000004,1,66,818,421,0.272,14.9,823,3,1.5
2023,9,9,17,0,24.6,0.064,7,128,139,163,0.272,21.38,824,2,1.5
2023,9,9,18,0,20.1,0.069,7,23,2,23,0.273,32.74,824,1.4000000000000001,1.5
2023,9,9,19,0,18.7,0.075,7,0,0,0,0.272,37.56,825,1.4000000000000001,1.6
2023,9,9,20,0,18,0.081,8,0,0,0,0.272,40.72,825,1.4000000000000001,1.6
2023,9,9,21,0,17.3,0.08600000000000001,3,0,0,0,0.272,43.29,825,1.1,1.7000000000000002
2023,9,9,22,0,16.400000000000002,0.09,3,0,0,0,0.272,46.95,825,0.6000000000000001,1.8
2023,9,9,23,0,15.9,0.08600000000000001,7,0,0,0,0.273,48.52,825,0.4,1.9000000000000001
2023,9,10,0,0,15.4,0.077,0,0,0,0,0.273,49.65,824,0.5,1.9000000000000001
2023,9,10,1,0,14.3,0.07100000000000001,0,0,0,0,0.273,52.34,823,0.8,1.9000000000000001
2023,9,10,2,0,13.3,0.067,8,0,0,0,0.273,54.230000000000004,823,0.8,1.8
2023,9,10,3,0,12.9,0.069,1,0,0,0,0.273,53.81,823,0.8,1.7000000000000002
2023,9,10,4,0,13.100000000000001,0.084,3,0,0,0,0.273,52.46,823,1,1.8
2023,9,10,5,0,13.3,0.11,6,0,0,0,0.273,53.76,823,1.4000000000000001,1.9000000000000001
2023,9,10,6,0,13.100000000000001,0.136,7,25,1,25,0.273,57.49,824,2.3000000000000003,2.1
2023,9,10,7,0,13.200000000000001,0.147,7,125,168,169,0.274,61.58,825,2.5,2.3000000000000003
2023,9,10,8,0,15.100000000000001,0.14400000000000002,7,95,703,407,0.276,57.71,825,2.2,2.3000000000000003
2023,9,10,9,0,18.5,0.133,5,325,257,479,0.277,47.38,824,2.4000000000000004,2.3000000000000003
2023,9,10,10,0,21.400000000000002,0.124,7,290,18,303,0.276,39.47,824,2.6,2.2
2023,9,10,11,0,22.900000000000002,0.10300000000000001,7,256,5,260,0.276,36.1,824,2.7,2.3000000000000003
2023,9,10,12,0,22.8,0.11,7,379,54,424,0.275,36.95,823,2.8000000000000003,2.4000000000000004
2023,9,10,13,0,21.400000000000002,0.123,8,55,0,55,0.275,42.35,823,2.5,2.5
2023,9,10,14,0,19.8,0.20700000000000002,7,255,9,261,0.276,49.52,823,2,2.6
2023,9,10,15,0,18.7,0.212,8,12,0,12,0.275,55.120000000000005,823,1.5,2.7
2023,9,10,16,0,17.2,0.184,7,41,0,41,0.273,62.72,824,1.4000000000000001,2.7
2023,9,10,17,0,15.9,0.177,6,7,0,7,0.273,70.61,824,1.8,2.6
2023,9,10,18,0,14.700000000000001,0.214,6,9,0,9,0.272,77.88,824,1.7000000000000002,2.5
2023,9,10,19,0,14.100000000000001,0.209,6,0,0,0,0.271,81.51,824,1.9000000000000001,2.5
2023,9,10,20,0,13.700000000000001,0.21,7,0,0,0,0.271,83.12,825,1.6,2.4000000000000004
2023,9,10,21,0,13.5,0.186,7,0,0,0,0.271,83.16,824,1.4000000000000001,2.3000000000000003
2023,9,10,22,0,13.200000000000001,0.164,7,0,0,0,0.273,83.73,824,1.5,2.3000000000000003
2023,9,10,23,0,12.9,0.167,4,0,0,0,0.275,84.31,824,1.5,2.2
2023,9,11,0,0,12.700000000000001,0.153,7,0,0,0,0.276,84.51,824,1.1,2.1
2023,9,11,1,0,12.4,0.132,6,0,0,0,0.277,85.25,824,0.9,2
2023,9,11,2,0,11.9,0.126,8,0,0,0,0.278,86.97,824,0.7000000000000001,1.9000000000000001
2023,9,11,3,0,11.4,0.122,7,0,0,0,0.28,87.94,823,0.6000000000000001,1.9000000000000001
2023,9,11,4,0,11.3,0.115,4,0,0,0,0.28200000000000003,87.84,823,0.6000000000000001,1.8
2023,9,11,5,0,11.100000000000001,0.124,4,0,0,0,0.28400000000000003,88.09,824,0.5,1.8
2023,9,11,6,0,12,0.128,5,18,0,18,0.28600000000000003,85.06,824,0.9,1.8
2023,9,11,7,0,13.3,0.11800000000000001,4,144,62,160,0.28800000000000003,79.67,824,1.2000000000000002,1.7000000000000002
2023,9,11,8,0,15.100000000000001,0.11900000000000001,3,255,86,293,0.28800000000000003,68.76,824,1.6,1.7000000000000002
2023,9,11,9,0,17.3,0.117,3,349,162,445,0.28700000000000003,54.44,824,1.8,1.7000000000000002
2023,9,11,10,0,18.7,0.106,4,356,32,378,0.28600000000000003,46.88,824,2.1,1.7000000000000002
2023,9,11,11,0,19.5,0.099,4,379,13,390,0.28600000000000003,43.27,824,2.3000000000000003,1.7000000000000002
2023,9,11,12,0,20.200000000000003,0.096,7,388,222,569,0.28600000000000003,40.27,823,2.3000000000000003,1.7000000000000002
2023,9,11,13,0,20.5,0.09,8,335,48,373,0.28500000000000003,38.78,823,2.3000000000000003,1.8
2023,9,11,14,0,20.6,0.088,3,114,0,114,0.28400000000000003,37.9,823,2.3000000000000003,1.8
2023,9,11,15,0,20.1,0.088,4,232,2,234,0.28400000000000003,38.51,823,2.2,1.8
2023,9,11,16,0,19.1,0.088,3,209,21,218,0.28400000000000003,40.71,823,2,1.8
2023,9,11,17,0,17.5,0.093,3,129,114,156,0.28300000000000003,46.660000000000004,823,1.5,1.7000000000000002
2023,9,11,18,0,14.600000000000001,0.094,3,13,0,13,0.28300000000000003,59.1,823,0.8,1.7000000000000002
2023,9,11,19,0,13.200000000000001,0.09,3,0,0,0,0.28300000000000003,63.25,823,0.9,1.6
2023,9,11,20,0,12.4,0.08600000000000001,1,0,0,0,0.28300000000000003,66.02,823,1.1,1.6
2023,9,11,21,0,11.8,0.081,0,0,0,0,0.28400000000000003,68.98,823,1.2000000000000002,1.6
2023,9,11,22,0,11.3,0.075,0,0,0,0,0.28500000000000003,71.46000000000001,823,1.1,1.5
2023,9,11,23,0,10.9,0.07100000000000001,0,0,0,0,0.28500000000000003,73.07000000000001,823,1.1,1.5
2023,9,12,0,0,10.5,0.068,0,0,0,0,0.28600000000000003,74.18,823,1,1.5
2023,9,12,1,0,10.200000000000001,0.065,0,0,0,0,0.28500000000000003,74.09,822,1,1.5
2023,9,12,2,0,9.9,0.063,0,0,0,0,0.28500000000000003,73.8,822,1.1,1.5
2023,9,12,3,0,9.600000000000001,0.062,0,0,0,0,0.28500000000000003,73.36,822,1.3,1.5
2023,9,12,4,0,9.4,0.061,0,0,0,0,0.28500000000000003,72.22,822,1.4000000000000001,1.4000000000000001
2023,9,12,5,0,9,0.061,0,0,0,0,0.28600000000000003,71.68,822,1.4000000000000001,1.4000000000000001
2023,9,12,6,0,11.4,0.06,0,20,287,36,0.28700000000000003,61.63,822,1.6,1.4000000000000001
2023,9,12,7,0,15.3,0.059000000000000004,0,50,676,222,0.289,46.95,821,1.7000000000000002,1.3
2023,9,12,8,0,18.7,0.06,0,66,825,428,0.289,34.63,821,1.5,1.3
2023,9,12,9,0,21.200000000000003,0.062,0,77,898,612,0.289,28.8,821,1.7000000000000002,1.3
2023,9,12,10,0,23,0.064,0,85,938,755,0.28800000000000003,25.490000000000002,821,2.1,1.3
2023,9,12,11,0,24.200000000000003,0.064,0,88,960,845,0.28700000000000003,23.66,821,2.4000000000000004,1.3
2023,9,12,12,0,25,0.067,0,91,964,874,0.28500000000000003,22.64,820,2.8000000000000003,1.3
2023,9,12,13,0,25.1,0.069,1,90,951,836,0.28300000000000003,22.79,819,3,1.4000000000000001
2023,9,12,14,0,24.700000000000003,0.074,0,88,921,737,0.281,23.72,819,3.1,1.5
2023,9,12,15,0,23.700000000000003,0.081,0,84,868,587,0.279,25.400000000000002,819,3,1.5
2023,9,12,16,0,22.3,0.083,1,72,778,399,0.278,28.05,819,2.7,1.6
2023,9,12,17,0,20,0.082,0,52,609,195,0.278,36.47,819,1.7000000000000002,1.6
2023,9,12,18,0,16.6,0.076,1,15,197,23,0.277,50.58,819,1.2000000000000002,1.5
2023,9,12,19,0,15.700000000000001,0.07100000000000001,8,0,0,0,0.277,55.17,820,1.4000000000000001,1.5
2023,9,12,20,0,15.3,0.067,7,0,0,0,0.278,57.2,820,1.4000000000000001,1.5
2023,9,12,21,0,14.9,0.067,7,0,0,0,0.28,58.33,820,1.2000000000000002,1.4000000000000001
2023,9,12,22,0,14.4,0.066,8,0,0,0,0.28200000000000003,58.77,820,1,1.4000000000000001
2023,9,12,23,0,13.4,0.063,7,0,0,0,0.28200000000000003,59.78,819,1,1.3
2023,9,13,0,0,13,0.059000000000000004,7,0,0,0,0.281,58.6,819,0.9,1.3
2023,9,13,1,0,12.700000000000001,0.057,3,0,0,0,0.281,57.11,819,0.9,1.3
2023,9,13,2,0,12.3,0.056,1,0,0,0,0.281,55.97,819,0.9,1.2000000000000002
2023,9,13,3,0,11.9,0.056,1,0,0,0,0.28200000000000003,54.75,819,1,1.2000000000000002
2023,9,13,4,0,11.5,0.056,0,0,0,0,0.28200000000000003,53.59,819,1.1,1.2000000000000002
2023,9,13,5,0,11,0.055,0,0,0,0,0.28300000000000003,53.11,819,1.1,1.2000000000000002
2023,9,13,6,0,12.700000000000001,0.054,1,19,296,35,0.28300000000000003,47.79,819,1.3,1.2000000000000002
2023,9,13,7,0,16.3,0.054,0,48,685,221,0.28400000000000003,34.77,819,2.2,1.2000000000000002
2023,9,13,8,0,19.6,0.053,0,63,837,427,0.28300000000000003,26.09,819,1.6,1.2000000000000002
2023,9,13,9,0,22,0.055,0,74,906,610,0.281,22.43,819,1.5,1.3
2023,9,13,10,0,23.700000000000003,0.057,8,195,723,709,0.279,20.38,819,1.7000000000000002,1.3
2023,9,13,11,0,24.900000000000002,0.058,0,85,962,840,0.278,19.27,818,2.1,1.4000000000000001
2023,9,13,12,0,25.5,0.064,1,89,960,865,0.276,19.2,818,2.4000000000000004,1.5
2023,9,13,13,0,25.400000000000002,0.068,0,90,949,829,0.274,20.14,817,2.6,1.5
2023,9,13,14,0,24.8,0.075,0,89,916,730,0.274,21.66,817,2.6,1.6
2023,9,13,15,0,23.900000000000002,0.08,0,83,864,581,0.273,23.32,817,2.4000000000000004,1.6
2023,9,13,16,0,22.700000000000003,0.082,8,199,74,229,0.273,25.75,817,2.1,1.6
2023,9,13,17,0,20.400000000000002,0.096,3,126,25,132,0.272,37.550000000000004,817,1,1.7000000000000002
2023,9,13,18,0,17.7,0.10400000000000001,3,10,0,10,0.272,44.69,818,0.8,1.7000000000000002
2023,9,13,19,0,17,0.099,1,0,0,0,0.272,45.44,818,0.5,1.7000000000000002
2023,9,13,20,0,15.5,0.091,1,0,0,0,0.272,50.81,818,0.4,1.7000000000000002
2023,9,13,21,0,14.4,0.084,1,0,0,0,0.272,53.82,818,0.7000000000000001,1.7000000000000002
2023,9,13,22,0,13.600000000000001,0.079,0,0,0,0,0.273,55.85,818,1,1.7000000000000002
2023,9,13,23,0,13.100000000000001,0.075,0,0,0,0,0.273,56.85,818,1.2000000000000002,1.6
2023,9,14,0,0,12.700000000000001,0.07100000000000001,0,0,0,0,0.273,57.63,818,1.2000000000000002,1.6
2023,9,14,1,0,12.5,0.069,0,0,0,0,0.274,57.620000000000005,818,1.2000000000000002,1.6
2023,9,14,2,0,11.9,0.068,3,0,0,0,0.275,59.72,818,1.2000000000000002,1.6
2023,9,14,3,0,11.100000000000001,0.069,3,0,0,0,0.275,63.42,819,1.2000000000000002,1.6
2023,9,14,4,0,10.5,0.07200000000000001,0,0,0,0,0.275,66.34,819,1.3,1.6
2023,9,14,5,0,10.100000000000001,0.074,3,0,0,0,0.275,68.56,819,1.5,1.6
2023,9,14,6,0,12.3,0.076,5,17,0,17,0.274,62.85,820,1.9000000000000001,1.7000000000000002
2023,9,14,7,0,15.3,0.081,4,96,2,96,0.273,56.5,821,3,1.7000000000000002
2023,9,14,8,0,17.3,0.08700000000000001,7,156,473,360,0.273,51.31,821,3.3000000000000003,1.8
2023,9,14,9,0,19.1,0.096,8,278,143,362,0.272,45.27,821,2.9000000000000004,1.8
2023,9,14,10,0,20.200000000000003,0.1,7,210,663,679,0.272,41.95,821,2.7,1.9000000000000001
2023,9,14,11,0,20.8,0.099,8,198,714,756,0.271,40.34,820,2.7,2
2023,9,14,12,0,20.700000000000003,0.105,8,244,651,768,0.27,40.92,820,2.6,2.1
2023,9,14,13,0,20,0.10400000000000001,8,321,23,339,0.269,43.2,820,2.4000000000000004,2.2
2023,9,14,14,0,19,0.134,8,339,186,469,0.268,46.94,820,2.4000000000000004,2.2
2023,9,14,15,0,17.8,0.15,7,95,1,96,0.267,51.61,820,2.3000000000000003,2.3000000000000003
2023,9,14,16,0,16.3,0.14300000000000002,8,6,0,6,0.267,58.11,821,2.2,2.3000000000000003
2023,9,14,17,0,14.5,0.168,6,4,0,4,0.267,67.15,821,2.4000000000000004,2.4000000000000004
2023,9,14,18,0,12.700000000000001,0.169,7,6,0,6,0.267,75.58,822,3.1,2.4000000000000004
2023,9,14,19,0,11.100000000000001,0.159,6,0,0,0,0.267,80.08,823,3.6,2.3000000000000003
2023,9,14,20,0,9.9,0.138,9,0,0,0,0.268,79.86,823,3.5,2.3000000000000003
2023,9,14,21,0,9.4,0.107,7,0,0,0,0.269,78.26,823,3.1,2.2
2023,9,14,22,0,9.3,0.083,7,0,0,0,0.27,76.65,823,2.7,2.2
2023,9,14,23,0,9.4,0.07100000000000001,7,0,0,0,0.271,76.86,823,2,2.2
2023,9,15,0,0,9.600000000000001,0.066,7,0,0,0,0.272,77.78,823,1.3,2.2
2023,9,15,1,0,9.600000000000001,0.069,7,0,0,0,0.272,79.09,822,0.9,2.2
2023,9,15,2,0,9.600000000000001,0.073,8,0,0,0,0.273,80.42,822,0.8,2.2
2023,9,15,3,0,9.700000000000001,0.076,8,0,0,0,0.275,80.92,822,0.7000000000000001,2.2
2023,9,15,4,0,9.8,0.079,7,0,0,0,0.277,81.02,822,0.7000000000000001,2.2
2023,9,15,5,0,9.700000000000001,0.08600000000000001,7,0,0,0,0.279,81.78,822,0.8,2.1
2023,9,15,6,0,10,0.09,6,10,0,10,0.281,81.84,823,1.1,2.1
2023,9,15,7,0,10.600000000000001,0.083,6,4,0,4,0.28400000000000003,80.94,823,1.4000000000000001,2.1
2023,9,15,8,0,11.4,0.091,6,80,1,81,0.28700000000000003,80.01,824,1.6,2.1
2023,9,15,9,0,12.4,0.088,6,227,25,242,0.289,75.57000000000001,824,1.8,2
2023,9,15,10,0,13.9,0.077,6,151,1,152,0.291,66.87,824,1.9000000000000001,2
2023,9,15,11,0,15.200000000000001,0.083,6,237,4,240,0.292,59.08,824,2,1.9000000000000001
2023,9,15,12,0,16,0.08,6,275,7,280,0.294,54.75,824,1.9000000000000001,1.9000000000000001
2023,9,15,13,0,16.400000000000002,0.073,7,387,130,486,0.295,52.35,823,1.8,1.9000000000000001
2023,9,15,14,0,16.5,0.06,8,262,468,585,0.295,51.230000000000004,823,1.7000000000000002,1.9000000000000001
2023,9,15,15,0,16.5,0.059000000000000004,5,269,24,283,0.295,50.69,823,1.4000000000000001,1.8
2023,9,15,16,0,15.9,0.055,3,208,243,306,0.295,52.25,823,1.2000000000000002,1.7000000000000002
2023,9,15,17,0,14.700000000000001,0.054,5,77,1,77,0.294,59.25,823,0.7000000000000001,1.7000000000000002
2023,9,15,18,0,12.4,0.052000000000000005,1,11,164,15,0.294,66.59,824,0.6000000000000001,1.5
2023,9,15,19,0,11.4,0.049,3,0,0,0,0.294,68.94,824,0.7000000000000001,1.4000000000000001
2023,9,15,20,0,10.700000000000001,0.047,1,0,0,0,0.294,71.18,824,1,1.2000000000000002
2023,9,15,21,0,9.8,0.045,1,0,0,0,0.294,74.52,824,1.1,1.1
2023,9,15,22,0,9.200000000000001,0.043000000000000003,0,0,0,0,0.295,76.31,824,1.2000000000000002,1
2023,9,15,23,0,8.700000000000001,0.042,0,0,0,0,0.296,77.35000000000001,824,1.2000000000000002,1
2023,9,16,0,0,8.4,0.04,0,0,0,0,0.298,77.16,824,1.2000000000000002,0.9
2023,9,16,1,0,8,0.038,0,0,0,0,0.3,77.32000000000001,824,1.2000000000000002,0.8
2023,9,16,2,0,7.7,0.036000000000000004,0,0,0,0,0.302,76.85000000000001,823,1.2000000000000002,0.8
2023,9,16,3,0,7,0.035,0,0,0,0,0.303,78.45,823,1.2000000000000002,0.7000000000000001
2023,9,16,4,0,6.5,0.034,0,0,0,0,0.304,79.39,824,1.3,0.7000000000000001
2023,9,16,5,0,6.1000000000000005,0.033,0,0,0,0,0.303,80.03,824,1.4000000000000001,0.6000000000000001
2023,9,16,6,0,8.6,0.033,0,16,335,32,0.301,70.43,824,1.7000000000000002,0.6000000000000001
2023,9,16,7,0,12.8,0.032,0,43,744,223,0.299,56.13,825,2.5,0.6000000000000001
2023,9,16,8,0,16.8,0.031,0,56,891,434,0.297,37.39,825,1.3,0.6000000000000001
2023,9,16,9,0,19.5,0.031,0,64,961,623,0.293,26.84,825,1.1,0.6000000000000001
2023,9,16,10,0,21.6,0.031,0,69,999,769,0.291,21.73,825,1.3,0.6000000000000001
2023,9,16,11,0,23.3,0.026000000000000002,0,69,1022,860,0.28800000000000003,18.39,824,1.5,0.6000000000000001
2023,9,16,12,0,24.6,0.026000000000000002,0,69,1022,883,0.28600000000000003,16.31,824,1.7000000000000002,0.7000000000000001
2023,9,16,13,0,25.200000000000003,0.026000000000000002,0,68,1015,846,0.28400000000000003,15.370000000000001,823,2,0.7000000000000001
2023,9,16,14,0,25.3,0.026000000000000002,0,65,994,747,0.28400000000000003,15.13,823,2.2,0.7000000000000001
2023,9,16,15,0,24.700000000000003,0.026000000000000002,0,60,948,591,0.28400000000000003,15.72,823,2.3000000000000003,0.8
2023,9,16,16,0,23.3,0.026000000000000002,0,52,871,399,0.28400000000000003,17.82,823,2.2,0.8
2023,9,16,17,0,19.5,0.026000000000000002,1,38,708,189,0.28400000000000003,33.35,823,1.2000000000000002,0.8
2023,9,16,18,0,15.9,0.026000000000000002,3,5,0,5,0.28500000000000003,38.06,824,1.1,0.8
2023,9,16,19,0,15.5,0.026000000000000002,1,0,0,0,0.28500000000000003,35.74,824,0.9,0.8
2023,9,16,20,0,14.100000000000001,0.026000000000000002,1,0,0,0,0.28500000000000003,38.160000000000004,824,1.1,0.8
2023,9,16,21,0,12.700000000000001,0.026000000000000002,1,0,0,0,0.28500000000000003,40.96,824,1.3,0.8
2023,9,16,22,0,11.600000000000001,0.026000000000000002,0,0,0,0,0.28500000000000003,42.76,824,1.4000000000000001,0.8
2023,9,16,23,0,10.8,0.026000000000000002,0,0,0,0,0.28500000000000003,43.69,824,1.4000000000000001,0.7000000000000001
2023,9,17,0,0,10,0.025,0,0,0,0,0.28500000000000003,44.57,824,1.4000000000000001,0.7000000000000001
2023,9,17,1,0,9.4,0.025,0,0,0,0,0.28500000000000003,44.660000000000004,823,1.4000000000000001,0.7000000000000001
2023,9,17,2,0,9,0.024,0,0,0,0,0.28600000000000003,44.2,823,1.5,0.6000000000000001
2023,9,17,3,0,8.6,0.024,0,0,0,0,0.28700000000000003,43.84,823,1.5,0.6000000000000001
2023,9,17,4,0,8.200000000000001,0.023,0,0,0,0,0.28800000000000003,43.730000000000004,823,1.6,0.6000000000000001
2023,9,17,5,0,7.9,0.023,0,0,0,0,0.29,43.47,823,1.7000000000000002,0.6000000000000001
2023,9,17,6,0,10.5,0.023,0,15,353,30,0.291,39.25,823,1.9000000000000001,0.6000000000000001
2023,9,17,7,0,16.2,0.023,0,39,759,221,0.291,27.3,823,2.7,0.6000000000000001
2023,9,17,8,0,20.6,0.023,0,51,902,432,0.291,19.72,823,1.7000000000000002,0.6000000000000001
2023,9,17,9,0,23.700000000000003,0.024,0,59,963,616,0.291,15.6,823,0.9,0.7000000000000001
2023,9,17,10,0,25.5,0.025,0,64,999,760,0.291,14.280000000000001,823,1.1,0.7000000000000001
2023,9,17,11,0,26.6,0.024,0,66,1013,846,0.291,13.74,822,1.3,0.8
2023,9,17,12,0,27.400000000000002,0.025,0,68,1017,874,0.291,13.43,822,1.4000000000000001,0.8
2023,9,17,13,0,27.700000000000003,0.027,0,68,1004,833,0.291,13.48,821,1.5,0.9
2023,9,17,14,0,27.6,0.027,0,65,978,731,0.291,13.780000000000001,820,1.6,1
2023,9,17,15,0,27,0.028,0,60,931,577,0.291,14.370000000000001,820,1.6,1.1
2023,9,17,16,0,25.700000000000003,0.028,0,52,852,388,0.291,16.91,820,1.6,1.1
2023,9,17,17,0,21.700000000000003,0.029,3,113,59,125,0.29,32.59,820,0.9,1.2000000000000002
2023,9,17,18,0,18.1,0.029,8,0,0,0,0.29,37.24,820,1,1.2000000000000002
2023,9,17,19,0,17.6,0.029,3,0,0,0,0.29,36.02,821,0.9,1.2000000000000002
2023,9,17,20,0,15.4,0.029,1,0,0,0,0.29,41.64,821,1.1,1.2000000000000002
2023,9,17,21,0,13.9,0.029,1,0,0,0,0.291,45.87,821,1.2000000000000002,1.2000000000000002
2023,9,17,22,0,13.4,0.029,0,0,0,0,0.292,46.58,821,1.4000000000000001,1.2000000000000002
2023,9,17,23,0,13.100000000000001,0.028,0,0,0,0,0.293,46.63,820,1.8,1.2000000000000002
2023,9,18,0,0,12.9,0.028,0,0,0,0,0.294,46.550000000000004,820,2.2,1.2000000000000002
2023,9,18,1,0,12.700000000000001,0.028,0,0,0,0,0.295,46.480000000000004,820,2.4000000000000004,1.1
2023,9,18,2,0,12.4,0.028,0,0,0,0,0.295,46.95,820,2.5,1.1
2023,9,18,3,0,12,0.031,0,0,0,0,0.296,47.9,820,2.5,1.2000000000000002
2023,9,18,4,0,11.8,0.035,1,0,0,0,0.297,48.45,820,2.5,1.2000000000000002
2023,9,18,5,0,11.8,0.038,7,0,0,0,0.297,48.75,820,2.5,1.3
2023,9,18,6,0,13.600000000000001,0.041,7,17,1,17,0.297,44.81,820,2.8000000000000003,1.3
2023,9,18,7,0,17.7,0.042,7,99,340,179,0.298,35.85,820,3.3000000000000003,1.3
2023,9,18,8,0,21.5,0.043000000000000003,3,177,517,393,0.298,29.01,820,3,1.3
2023,9,18,9,0,23.900000000000002,0.043000000000000003,7,150,747,579,0.296,24.29,820,2.9000000000000004,1.4000000000000001
2023,9,18,10,0,25.400000000000002,0.043000000000000003,7,155,788,701,0.295,21.72,820,2.3000000000000003,1.4000000000000001
2023,9,18,11,0,26.400000000000002,0.042,6,304,404,614,0.293,20.38,819,1.8,1.5
2023,9,18,12,0,27,0.042,7,343,326,600,0.291,19.79,818,1.7000000000000002,1.5
2023,9,18,13,0,27,0.053,8,178,732,732,0.28800000000000003,20,817,1.4000000000000001,1.7000000000000002
2023,9,18,14,0,26,0.065,7,257,473,577,0.28600000000000003,21.57,817,0.7000000000000001,1.8
2023,9,18,15,0,24.5,0.073,6,193,12,199,0.28500000000000003,24.01,817,0.4,1.9000000000000001
2023,9,18,16,0,23.1,0.067,6,147,13,152,0.28500000000000003,30.38,817,0.6000000000000001,1.8
2023,9,18,17,0,20.200000000000003,0.061,6,70,5,71,0.28500000000000003,45.09,817,0.7000000000000001,1.8
2023,9,18,18,0,18.1,0.065,7,0,0,0,0.28600000000000003,47.050000000000004,817,0.9,1.8
2023,9,18,19,0,17.400000000000002,0.065,7,0,0,0,0.28600000000000003,48.93,818,1.2000000000000002,1.8
2023,9,18,20,0,16.6,0.062,6,0,0,0,0.28700000000000003,51.95,818,1.7000000000000002,1.8
2023,9,18,21,0,15.600000000000001,0.06,7,0,0,0,0.28800000000000003,55.980000000000004,818,2,1.7000000000000002
2023,9,18,22,0,14.8,0.058,7,0,0,0,0.289,58.95,817,2,1.6
2023,9,18,23,0,14.100000000000001,0.054,7,0,0,0,0.289,61.09,817,2.1,1.6
2023,9,19,0,0,13.700000000000001,0.053,0,0,0,0,0.29,61.56,817,2.3000000000000003,1.6
2023,9,19,1,0,13.5,0.053,3,0,0,0,0.291,61.11,817,2.5,1.6
2023,9,19,2,0,13.3,0.051000000000000004,7,0,0,0,0.292,60.94,817,2.5,1.6
2023,9,19,3,0,12.9,0.05,7,0,0,0,0.293,62.17,817,2.4000000000000004,1.5
2023,9,19,4,0,12.5,0.05,7,0,0,0,0.293,63.690000000000005,817,2.4000000000000004,1.5
2023,9,19,5,0,12.100000000000001,0.051000000000000004,3,0,0,0,0.294,65.4,817,2.5,1.4000000000000001
2023,9,19,6,0,13.200000000000001,0.051000000000000004,5,9,0,9,0.294,61.53,817,3,1.3
2023,9,19,7,0,16.5,0.051000000000000004,5,77,1,77,0.295,50.51,817,3.6,1.3
2023,9,19,8,0,20.3,0.05,0,62,829,406,0.296,36.4,817,3.3000000000000003,1.3
2023,9,19,9,0,22.8,0.051000000000000004,1,72,902,588,0.296,27.400000000000002,818,2.1,1.4000000000000001
2023,9,19,10,0,24.200000000000003,0.053,0,79,942,729,0.296,23.64,817,1.4000000000000001,1.4000000000000001
2023,9,19,11,0,25,0.051000000000000004,8,296,427,622,0.295,21.68,817,1.1,1.5
2023,9,19,12,0,25.200000000000003,0.061,7,249,6,254,0.295,20.97,817,0.8,1.6
2023,9,19,13,0,24.8,0.07200000000000001,8,191,4,194,0.294,21.62,817,0.6000000000000001,1.6
2023,9,19,14,0,23.700000000000003,0.08,7,253,489,582,0.294,23.98,817,0.8,1.7000000000000002
2023,9,19,15,0,22.1,0.088,8,267,141,344,0.293,28.14,817,1.4000000000000001,1.8
2023,9,19,16,0,20.200000000000003,0.09,9,7,0,7,0.293,35.93,817,1.6,1.9000000000000001
2023,9,19,17,0,17.8,0.091,6,3,0,3,0.293,48.800000000000004,818,1.4000000000000001,1.9000000000000001
2023,9,19,18,0,15.4,0.083,7,0,0,0,0.293,58.17,818,1.7000000000000002,1.9000000000000001
2023,9,19,19,0,14.100000000000001,0.07200000000000001,7,0,0,0,0.293,63.72,818,1.9000000000000001,1.8
2023,9,19,20,0,13.600000000000001,0.064,7,0,0,0,0.295,64.87,818,1.9000000000000001,1.7000000000000002
2023,9,19,21,0,13.100000000000001,0.056,7,0,0,0,0.297,65.28,818,1.8,1.7000000000000002
2023,9,19,22,0,12.5,0.051000000000000004,7,0,0,0,0.298,65.23,818,1.4000000000000001,1.6
2023,9,19,23,0,11.9,0.048,3,0,0,0,0.298,65.49,818,1.3,1.6
2023,9,20,0,0,11.5,0.048,1,0,0,0,0.298,65.07000000000001,818,1.4000000000000001,1.6
2023,9,20,1,0,11.200000000000001,0.049,1,0,0,0,0.297,64.06,817,1.7000000000000002,1.5
2023,9,20,2,0,10.9,0.05,0,0,0,0,0.297,62.75,817,1.9000000000000001,1.5
2023,9,20,3,0,10.5,0.05,1,0,0,0,0.298,61.82,817,1.9000000000000001,1.5
2023,9,20,4,0,10.200000000000001,0.048,0,0,0,0,0.299,60.68,817,1.8,1.4000000000000001
2023,9,20,5,0,9.8,0.044,0,0,0,0,0.3,59.93,817,1.6,1.3
2023,9,20,6,0,11.700000000000001,0.041,8,14,1,14,0.301,54.01,817,1.7000000000000002,1.2000000000000002
2023,9,20,7,0,16.400000000000002,0.038,0,43,695,202,0.302,40.38,818,2.5,1.1
2023,9,20,8,0,20.400000000000002,0.037,0,57,852,408,0.301,28.66,818,1.5,1.1
2023,9,20,9,0,22.700000000000003,0.036000000000000004,0,65,928,593,0.3,22.94,818,0.7000000000000001,1.1
2023,9,20,10,0,24.3,0.036000000000000004,0,71,968,735,0.298,19.64,817,0.5,1.1
2023,9,20,11,0,25.6,0.031,3,313,586,757,0.296,17.54,817,1.3,1.1
2023,9,20,12,0,26.5,0.031,3,277,691,816,0.293,16.19,816,1.9000000000000001,1.2000000000000002
2023,9,20,13,0,26.900000000000002,0.032,7,241,601,690,0.291,15.280000000000001,815,2.2,1.2000000000000002
2023,9,20,14,0,26.8,0.035,7,237,535,594,0.291,14.68,815,2.3000000000000003,1.2000000000000002
2023,9,20,15,0,25.900000000000002,0.039,8,178,584,494,0.291,14.83,815,2.4000000000000004,1.2000000000000002
2023,9,20,16,0,24.200000000000003,0.039,3,192,264,292,0.29,18.02,815,2,1.2000000000000002
2023,9,20,17,0,20.900000000000002,0.038,7,84,15,86,0.28800000000000003,30.490000000000002,815,1.6,1.1
2023,9,20,18,0,18.5,0.039,7,0,0,0,0.28700000000000003,33.43,816,2,1.1
2023,9,20,19,0,17.8,0.043000000000000003,8,0,0,0,0.28700000000000003,34.85,816,2.2,1.1
2023,9,20,20,0,17.2,0.043000000000000003,7,0,0,0,0.28700000000000003,35.7,816,1.9000000000000001,1.2000000000000002
2023,9,20,21,0,16.3,0.041,1,0,0,0,0.28700000000000003,37.230000000000004,816,1.6,1.1
2023,9,20,22,0,14.600000000000001,0.039,1,0,0,0,0.28600000000000003,40.38,816,1.5,1.1
2023,9,20,23,0,13,0.038,3,0,0,0,0.28600000000000003,42.69,816,1.3,1.1
2023,9,21,0,0,12.100000000000001,0.038,0,0,0,0,0.28500000000000003,42.94,816,1.3,1.1
2023,9,21,1,0,11.600000000000001,0.037,8,0,0,0,0.28500000000000003,42.57,816,1.5,1.1
2023,9,21,2,0,10.9,0.036000000000000004,0,0,0,0,0.28600000000000003,43.800000000000004,816,1.5,1.1
2023,9,21,3,0,10.3,0.04,0,0,0,0,0.28600000000000003,45.89,816,1.6,1.1
2023,9,21,4,0,9.8,0.045,7,0,0,0,0.28700000000000003,49.230000000000004,816,1.6,1.2000000000000002
2023,9,21,5,0,9.600000000000001,0.055,7,0,0,0,0.28700000000000003,53.160000000000004,817,1.6,1.3
2023,9,21,6,0,11.3,0.068,1,14,173,19,0.28700000000000003,52.38,817,2.1,1.5
2023,9,21,7,0,14.700000000000001,0.07100000000000001,8,98,362,181,0.28800000000000003,45.2,817,3,1.5
2023,9,21,8,0,18.8,0.065,3,191,383,348,0.28800000000000003,34.81,817,2.7,1.4000000000000001
2023,9,21,9,0,21.900000000000002,0.057,0,75,896,581,0.28800000000000003,26.43,817,2.2,1.3
2023,9,21,10,0,23.700000000000003,0.052000000000000005,0,79,947,725,0.28700000000000003,21.67,817,1.4000000000000001,1.2000000000000002
2023,9,21,11,0,25,0.047,3,407,338,661,0.28600000000000003,18.7,816,1.5,1.1
2023,9,21,12,0,25.900000000000002,0.048,5,361,7,366,0.28500000000000003,16.990000000000002,816,1.9000000000000001,1.1
2023,9,21,13,0,26.3,0.05,5,367,20,382,0.28400000000000003,16.22,816,2,1.2000000000000002
2023,9,21,14,0,26.3,0.046,0,75,949,703,0.28300000000000003,15.83,815,2,1.1
2023,9,21,15,0,25.8,0.044,3,246,447,486,0.28400000000000003,15.85,815,2.1,1.1
2023,9,21,16,0,24.5,0.043000000000000003,3,172,380,314,0.28400000000000003,17.31,815,2,1.1
2023,9,21,17,0,21.200000000000003,0.042,1,39,617,154,0.28400000000000003,29.560000000000002,816,1.5,1.1
2023,9,21,18,0,17.3,0.04,1,0,0,0,0.28500000000000003,35.87,816,1.5,1.1
2023,9,21,19,0,15.700000000000001,0.038,1,0,0,0,0.28500000000000003,39.58,816,1.4000000000000001,1.1
2023,9,21,20,0,14.700000000000001,0.038,1,0,0,0,0.28600000000000003,42.15,817,1.3,1.2000000000000002
2023,9,21,21,0,13.9,0.04,1,0,0,0,0.28600000000000003,44.18,817,1,1.2000000000000002
2023,9,21,22,0,12.600000000000001,0.04,0,0,0,0,0.28600000000000003,47.79,817,0.9,1.1
2023,9,21,23,0,11.4,0.039,0,0,0,0,0.28600000000000003,50.32,817,1.1,1
2023,9,22,0,0,10.5,0.038,0,0,0,0,0.28600000000000003,52.03,817,1.4000000000000001,0.9
2023,9,22,1,0,9.700000000000001,0.037,0,0,0,0,0.28700000000000003,53.94,817,1.5,0.8
2023,9,22,2,0,8.9,0.037,0,0,0,0,0.28700000000000003,55.99,817,1.4000000000000001,0.8
2023,9,22,3,0,8.3,0.037,0,0,0,0,0.28600000000000003,56.6,817,1.2000000000000002,0.8
2023,9,22,4,0,7.9,0.036000000000000004,0,0,0,0,0.28500000000000003,56.18,817,1.1,0.7000000000000001
2023,9,22,5,0,7.6000000000000005,0.038,0,0,0,0,0.28500000000000003,55.07,817,1,0.7000000000000001
2023,9,22,6,0,9.4,0.038,0,13,227,20,0.28500000000000003,49.44,817,1.1,0.7000000000000001
2023,9,22,7,0,14.200000000000001,0.038,0,43,702,200,0.28500000000000003,35.77,817,1.8,0.7000000000000001
2023,9,22,8,0,17.7,0.038,0,57,871,411,0.28600000000000003,27.39,817,1.9000000000000001,0.6000000000000001
2023,9,22,9,0,20.400000000000002,0.038,0,66,948,599,0.28600000000000003,19.91,817,2,0.6000000000000001
2023,9,22,10,0,22.5,0.038,0,72,988,743,0.28700000000000003,15.46,817,1.8,0.6000000000000001
2023,9,22,11,0,24.200000000000003,0.035,0,74,1011,832,0.28700000000000003,12.93,816,1.5,0.6000000000000001
2023,9,22,12,0,25.400000000000002,0.034,0,74,1017,858,0.28700000000000003,11.48,816,1.3,0.6000000000000001
2023,9,22,13,0,26.1,0.032,0,71,1011,818,0.28600000000000003,10.65,815,1.6,0.6000000000000001
2023,9,22,14,0,26.3,0.031,0,67,989,717,0.28600000000000003,10.290000000000001,814,1.8,0.6000000000000001
2023,9,22,15,0,25.700000000000003,0.031,0,61,944,562,0.28600000000000003,10.73,814,1.8,0.6000000000000001
2023,9,22,16,0,24.200000000000003,0.031,0,52,857,367,0.28500000000000003,12.790000000000001,814,1.5,0.6000000000000001
2023,9,22,17,0,20.5,0.031,0,36,655,155,0.28500000000000003,24.07,815,0.9,0.7000000000000001
2023,9,22,18,0,15.9,0.032,1,0,0,0,0.28500000000000003,30.810000000000002,815,0.9,0.7000000000000001
2023,9,22,19,0,13.600000000000001,0.032,1,0,0,0,0.28500000000000003,37.17,816,0.9,0.7000000000000001
2023,9,22,20,0,12.600000000000001,0.032,1,0,0,0,0.28400000000000003,37.68,816,1,0.7000000000000001
2023,9,22,21,0,11.8,0.033,0,0,0,0,0.28400000000000003,37.59,816,1.3,0.7000000000000001
2023,9,22,22,0,11.100000000000001,0.035,0,0,0,0,0.28300000000000003,37.76,816,1.6,0.8
2023,9,22,23,0,10.700000000000001,0.039,0,0,0,0,0.28200000000000003,39.050000000000004,816,2.1,0.9
2023,9,23,0,0,9.8,0.042,0,0,0,0,0.281,45.14,817,2.1,0.9
2023,9,23,1,0,8.6,0.045,1,0,0,0,0.28,52.78,817,1.3,0.9
2023,9,23,2,0,7.800000000000001,0.045,3,0,0,0,0.28,57.300000000000004,817,0.7000000000000001,0.9
2023,9,23,3,0,7.4,0.042,0,0,0,0,0.281,57.800000000000004,817,0.4,0.7000000000000001
2023,9,23,4,0,7.2,0.037,1,0,0,0,0.281,56.36,817,0.6000000000000001,0.6000000000000001
2023,9,23,5,0,6.6000000000000005,0.034,0,0,0,0,0.281,55.54,817,1,0.5
2023,9,23,6,0,8.1,0.032,0,12,259,19,0.281,48.660000000000004,817,1.4000000000000001,0.5
2023,9,23,7,0,12.100000000000001,0.031,0,40,744,204,0.28,34.93,817,2.4000000000000004,0.4
2023,9,23,8,0,15.5,0.031,0,54,891,413,0.279,23,817,2.3000000000000003,0.5
2023,9,23,9,0,17.7,0.031,0,62,965,601,0.278,16.65,817,2.6,0.5
2023,9,23,10,0,19.5,0.03,0,67,1005,745,0.278,13.73,818,2.3000000000000003,0.5
2023,9,23,11,0,21.400000000000002,0.026000000000000002,0,67,1028,834,0.278,11.76,817,2.1,0.5
2023,9,23,12,0,22.900000000000002,0.025,0,67,1034,859,0.277,10.52,817,1.8,0.5
2023,9,23,13,0,23.900000000000002,0.025,0,66,1026,819,0.277,9.76,816,1.8,0.5
2023,9,23,14,0,24,0.025,8,181,690,630,0.277,9.66,816,1.7000000000000002,0.5
2023,9,23,15,0,23.5,0.025,7,276,127,342,0.278,10.05,816,1.8,0.5
2023,9,23,16,0,22.1,0.026000000000000002,7,189,164,248,0.278,11.98,817,1.7000000000000002,0.5
2023,9,23,17,0,17.8,0.027,7,14,0,14,0.278,25.3,817,0.9,0.5
2023,9,23,18,0,13.8,0.028,7,0,0,0,0.278,31.89,818,1.1,0.6000000000000001
2023,9,23,19,0,12.600000000000001,0.029,7,0,0,0,0.279,34.52,819,0.9,0.6000000000000001
2023,9,23,20,0,11.3,0.03,8,0,0,0,0.279,38.49,819,0.5,0.7000000000000001
2023,9,23,21,0,9.9,0.031,0,0,0,0,0.28,42.45,820,0.5,0.7000000000000001
2023,9,23,22,0,9.3,0.032,0,0,0,0,0.28,42.37,820,0.6000000000000001,0.7000000000000001
2023,9,23,23,0,8.9,0.032,0,0,0,0,0.28,41.17,820,0.9,0.7000000000000001
2023,9,24,0,0,8.3,0.032,0,0,0,0,0.28,40.410000000000004,820,1.1,0.7000000000000001
2023,9,24,1,0,7.9,0.032,0,0,0,0,0.279,39,820,1.1,0.7000000000000001
2023,9,24,2,0,7.4,0.031,0,0,0,0,0.28,38.09,819,1.2000000000000002,0.6000000000000001
2023,9,24,3,0,7.1000000000000005,0.031,0,0,0,0,0.281,37.13,819,1.2000000000000002,0.6000000000000001
2023,9,24,4,0,6.800000000000001,0.03,0,0,0,0,0.28200000000000003,36.32,819,1.2000000000000002,0.6000000000000001
2023,9,24,5,0,6.6000000000000005,0.03,0,0,0,0,0.28300000000000003,35.78,820,1.2000000000000002,0.6000000000000001
2023,9,24,6,0,8.1,0.03,0,11,242,17,0.28300000000000003,34.68,820,1.3,0.6000000000000001
2023,9,24,7,0,13.700000000000001,0.03,0,39,722,196,0.28300000000000003,24.27,820,1.9000000000000001,0.6000000000000001
2023,9,24,8,0,17.8,0.03,0,53,890,408,0.28400000000000003,16.7,821,1.1,0.5
2023,9,24,9,0,20.400000000000002,0.03,0,61,964,596,0.28400000000000003,14.22,821,1.5,0.5
2023,9,24,10,0,22.200000000000003,0.03,0,66,997,735,0.28500000000000003,12.5,821,1.7000000000000002,0.6000000000000001
2023,9,24,11,0,23.6,0.027,0,67,1019,823,0.28500000000000003,11.22,820,1.7000000000000002,0.6000000000000001
2023,9,24,12,0,24.5,0.027,0,68,1024,848,0.28500000000000003,10.42,820,1.7000000000000002,0.6000000000000001
2023,9,24,13,0,25.1,0.027,0,67,1016,808,0.28500000000000003,9.89,820,1.8,0.6000000000000001
2023,9,24,14,0,25.1,0.027,0,63,993,706,0.28500000000000003,9.83,820,2.1,0.6000000000000001
2023,9,24,15,0,24.5,0.028,0,58,946,550,0.28600000000000003,10.23,820,2.4000000000000004,0.6000000000000001
2023,9,24,16,0,22.900000000000002,0.028,0,49,858,355,0.28700000000000003,12.26,821,2.5,0.6000000000000001
2023,9,24,17,0,18.3,0.028,0,34,659,146,0.28800000000000003,25.240000000000002,821,1.4000000000000001,0.6000000000000001
2023,9,24,18,0,14.4,0.029,1,0,0,0,0.289,32.410000000000004,822,1.2000000000000002,0.6000000000000001
2023,9,24,19,0,14.3,0.03,0,0,0,0,0.289,31.51,823,1.1,0.6000000000000001
2023,9,24,20,0,14.9,0.031,0,0,0,0,0.29,27.77,823,0.7000000000000001,0.6000000000000001
2023,9,24,21,0,14.3,0.032,0,0,0,0,0.289,28.21,823,0.7000000000000001,0.6000000000000001
2023,9,24,22,0,13.100000000000001,0.033,0,0,0,0,0.28800000000000003,30.46,823,1,0.6000000000000001
2023,9,24,23,0,11.9,0.034,0,0,0,0,0.28700000000000003,32.4,823,1.2000000000000002,0.6000000000000001
2023,9,25,0,0,10.8,0.034,0,0,0,0,0.28600000000000003,34.07,823,1.3,0.6000000000000001
2023,9,25,1,0,9.9,0.033,0,0,0,0,0.28500000000000003,35.14,823,1.4000000000000001,0.6000000000000001
2023,9,25,2,0,9.1,0.033,0,0,0,0,0.28400000000000003,36.04,823,1.4000000000000001,0.6000000000000001
2023,9,25,3,0,8.3,0.033,0,0,0,0,0.28300000000000003,36.730000000000004,823,1.4000000000000001,0.6000000000000001
2023,9,25,4,0,7.800000000000001,0.033,0,0,0,0,0.281,36.57,823,1.5,0.6000000000000001
2023,9,25,5,0,7.4,0.032,0,0,0,0,0.28,36.27,823,1.6,0.6000000000000001
2023,9,25,6,0,8.8,0.032,1,10,223,15,0.278,34.78,824,1.6,0.6000000000000001
2023,9,25,7,0,14.9,0.032,0,40,707,191,0.277,23.87,824,2.3000000000000003,0.7000000000000001
2023,9,25,8,0,19.400000000000002,0.033,0,54,869,398,0.274,16.13,824,2,0.7000000000000001
2023,9,25,9,0,22.700000000000003,0.033,0,63,946,584,0.272,12.55,824,1.1,0.7000000000000001
2023,9,25,10,0,24.700000000000003,0.033,0,68,987,727,0.269,10.52,824,0.8,0.7000000000000001
2023,9,25,11,0,26.200000000000003,0.032,0,70,1008,814,0.266,9.27,824,1,0.7000000000000001
2023,9,25,12,0,27.1,0.032,0,71,1013,838,0.264,8.73,823,1.3,0.7000000000000001
2023,9,25,13,0,27.400000000000002,0.033,0,70,1004,798,0.261,8.59,823,1.6,0.7000000000000001
2023,9,25,14,0,27.3,0.034,0,67,979,695,0.261,8.71,823,1.8,0.7000000000000001
2023,9,25,15,0,26.6,0.034,0,61,932,540,0.26,9.17,822,2.1,0.7000000000000001
2023,9,25,16,0,24.900000000000002,0.035,0,52,838,346,0.26,12.31,823,2,0.7000000000000001
2023,9,25,17,0,19.5,0.035,0,35,630,138,0.26,27.560000000000002,823,1.2000000000000002,0.7000000000000001
2023,9,25,18,0,15.9,0.036000000000000004,1,0,0,0,0.26,31.62,823,1.3,0.7000000000000001
2023,9,25,19,0,15.700000000000001,0.037,1,0,0,0,0.261,30,824,1.2000000000000002,0.7000000000000001
2023,9,25,20,0,15.3,0.038,1,0,0,0,0.261,28.96,824,0.9,0.8
2023,9,25,21,0,14.3,0.038,0,0,0,0,0.261,30.14,824,0.9,0.8
2023,9,25,22,0,13.200000000000001,0.038,0,0,0,0,0.261,31.970000000000002,824,1,0.9
2023,9,25,23,0,12.4,0.038,0,0,0,0,0.261,32.64,824,1.1,0.9
2023,9,26,0,0,12.100000000000001,0.038,0,0,0,0,0.261,32.31,824,1.1,0.9
2023,9,26,1,0,11.9,0.037,0,0,0,0,0.26,32.57,824,1.2000000000000002,1
2023,9,26,2,0,11.200000000000001,0.036000000000000004,0,0,0,0,0.261,35.08,823,1.3,1
2023,9,26,3,0,10,0.035,0,0,0,0,0.261,39.79,823,1.3,0.9
2023,9,26,4,0,9,0.035,0,0,0,0,0.262,44.53,823,1.3,0.9
2023,9,26,5,0,8.5,0.034,0,0,0,0,0.262,47.4,823,1.3,0.9
2023,9,26,6,0,9.8,0.033,0,0,0,0,0.262,46.35,823,1.3,0.8
2023,9,26,7,0,15.8,0.033,0,39,697,186,0.262,32.29,823,2.2,0.8
2023,9,26,8,0,20,0.033,0,54,863,392,0.262,21.22,824,1.9000000000000001,0.8
2023,9,26,9,0,23.5,0.033,0,62,941,577,0.262,14.55,823,1.5,0.8
2023,9,26,10,0,25.5,0.034,0,68,981,719,0.262,12.41,823,1.6,0.8
2023,9,26,11,0,26.900000000000002,0.032,0,69,1003,805,0.262,11.35,823,1.9000000000000001,0.8
2023,9,26,12,0,27.700000000000003,0.033,0,71,1007,829,0.262,10.85,822,2.4000000000000004,0.8
2023,9,26,13,0,27.900000000000002,0.034,0,70,998,788,0.261,10.86,821,2.7,0.8
2023,9,26,14,0,27.700000000000003,0.036000000000000004,0,67,971,685,0.261,11.24,821,3,0.8
2023,9,26,15,0,26.8,0.038,0,62,920,530,0.261,12.13,821,3.1,0.8
2023,9,26,16,0,25,0.04,0,52,818,335,0.26,14.97,821,2.8000000000000003,0.9
2023,9,26,17,0,20,0.042,1,35,598,129,0.259,28.67,821,1.6,0.9
2023,9,26,18,0,16.3,0.044,3,0,0,0,0.259,37.11,821,1.4000000000000001,1
2023,9,26,19,0,16.400000000000002,0.044,3,0,0,0,0.259,37.07,822,1.2000000000000002,1
2023,9,26,20,0,15.9,0.045,1,0,0,0,0.259,38.36,822,0.9,1.1
2023,9,26,21,0,14.600000000000001,0.045,3,0,0,0,0.259,41.910000000000004,822,1.1,1.2000000000000002
2023,9,26,22,0,13.8,0.044,3,0,0,0,0.259,42.85,822,1.3,1.3
2023,9,26,23,0,13.100000000000001,0.043000000000000003,3,0,0,0,0.259,43.02,822,1.5,1.3
2023,9,27,0,0,12.4,0.041,0,0,0,0,0.259,42.74,821,1.5,1.2000000000000002
2023,9,27,1,0,11.600000000000001,0.04,0,0,0,0,0.258,42.35,821,1.5,1.2000000000000002
2023,9,27,2,0,11.3,0.038,0,0,0,0,0.258,39.97,821,1.6,1.1
2023,9,27,3,0,11.100000000000001,0.036000000000000004,0,0,0,0,0.257,37.53,821,1.8,1
2023,9,27,4,0,10.8,0.035,0,0,0,0,0.258,36.02,821,2,0.9
2023,9,27,5,0,10.200000000000001,0.033,0,0,0,0,0.259,36.480000000000004,821,1.8,0.8
2023,9,27,6,0,11.200000000000001,0.032,1,0,0,0,0.259,35.21,821,1.8,0.8
2023,9,27,7,0,17,0.031,0,38,706,185,0.26,24.44,821,2.6,0.7000000000000001
2023,9,27,8,0,21.400000000000002,0.03,0,52,873,392,0.26,17.86,821,2.2,0.7000000000000001
2023,9,27,9,0,24.700000000000003,0.029,0,60,951,577,0.258,13.36,821,1.5,0.7000000000000001
2023,9,27,10,0,26.8,0.029,0,65,992,719,0.256,11.19,821,0.30000000000000004,0.7000000000000001
2023,9,27,11,0,28.200000000000003,0.028,0,67,1012,806,0.254,10.16,820,1.1,0.7000000000000001
2023,9,27,12,0,29.200000000000003,0.03,0,69,1016,829,0.252,9.65,819,2,0.7000000000000001
2023,9,27,13,0,29.700000000000003,0.032,0,69,1000,784,0.25,9.55,818,2.6,0.8
2023,9,27,14,0,29.8,0.033,0,66,974,681,0.25,9.81,818,2.8000000000000003,0.8
2023,9,27,15,0,29.200000000000003,0.034,0,60,919,523,0.251,10.56,817,2.9000000000000004,0.9
2023,9,27,16,0,27.5,0.035,0,50,822,330,0.251,13.85,817,2.5,0.9
2023,9,27,17,0,22.6,0.034,1,33,600,125,0.252,26.57,817,1.8,1
2023,9,27,18,0,19.200000000000003,0.033,1,0,0,0,0.253,32.21,817,2.2,1
2023,9,27,19,0,17.6,0.032,1,0,0,0,0.254,35.65,818,2.4000000000000004,1
2023,9,27,20,0,16,0.031,0,0,0,0,0.255,38.07,818,2.1,1
2023,9,27,21,0,15.100000000000001,0.03,0,0,0,0,0.255,38,818,2.1,1
2023,9,27,22,0,14.5,0.029,0,0,0,0,0.254,37.4,818,2.1,1
2023,9,27,23,0,14,0.027,0,0,0,0,0.254,36.86,818,2.1,1
2023,9,28,0,0,13.600000000000001,0.026000000000000002,0,0,0,0,0.254,36,818,2.2,0.9
2023,9,28,1,0,13.4,0.025,0,0,0,0,0.254,34.57,817,2.4000000000000004,0.9
2023,9,28,2,0,13,0.025,0,0,0,0,0.255,34.1,817,2.4000000000000004,0.9
2023,9,28,3,0,12.5,0.025,0,0,0,0,0.256,34.69,817,2.2,0.8
2023,9,28,4,0,11.8,0.026000000000000002,0,0,0,0,0.257,36.37,817,1.9000000000000001,0.8
2023,9,28,5,0,11.4,0.026000000000000002,0,0,0,0,0.258,37.28,818,1.7000000000000002,0.8
2023,9,28,6,0,12.4,0.027,0,0,0,0,0.258,36.45,818,1.6,0.8
2023,9,28,7,0,18.5,0.027,0,37,703,181,0.259,26.43,818,2,0.8
2023,9,28,8,0,22.900000000000002,0.028,0,51,869,386,0.259,17.36,818,1.9000000000000001,0.8
2023,9,28,9,0,25.6,0.029,0,60,945,570,0.258,13.55,818,1,0.8
2023,9,28,10,0,27.3,0.03,0,66,985,711,0.257,12.07,817,1.4000000000000001,0.8
2023,9,28,11,0,28.6,0.028,0,67,1002,794,0.257,11.200000000000001,817,2.3000000000000003,0.9
2023,9,28,12,0,29.5,0.029,0,68,1006,817,0.255,10.57,816,3,0.9
2023,9,28,13,0,29.900000000000002,0.031,0,68,996,775,0.254,10.26,815,3.4000000000000004,0.9
2023,9,28,14,0,29.700000000000003,0.032,0,65,965,670,0.253,10.370000000000001,814,3.6,1
2023,9,28,15,0,29,0.035,0,60,908,513,0.253,10.88,814,3.7,1.1
2023,9,28,16,0,27.200000000000003,0.042,0,53,799,320,0.252,13.52,814,3.3000000000000003,1.1
2023,9,28,17,0,22.6,0.048,1,35,558,117,0.252,25.060000000000002,814,2,1.1
2023,9,28,18,0,19,0.049,1,0,0,0,0.252,32.84,814,1.5,1.2000000000000002
2023,9,28,19,0,17.400000000000002,0.045,1,0,0,0,0.252,36.660000000000004,815,1.2000000000000002,1.2000000000000002
2023,9,28,20,0,15.700000000000001,0.043000000000000003,0,0,0,0,0.252,39.44,815,0.9,1.1
2023,9,28,21,0,15.3,0.044,0,0,0,0,0.252,37.11,815,2.1,1.1
2023,9,28,22,0,15.200000000000001,0.043000000000000003,0,0,0,0,0.252,33.65,815,3,1
2023,9,28,23,0,14.700000000000001,0.041,0,0,0,0,0.252,31.7,815,2.9000000000000004,0.9
2023,9,29,0,0,13.600000000000001,0.037,0,0,0,0,0.252,32.01,815,2.6,0.8
2023,9,29,1,0,12.8,0.035,0,0,0,0,0.254,32.74,815,2.8000000000000003,0.7000000000000001
2023,9,29,2,0,12,0.034,0,0,0,0,0.256,33.83,815,2.8000000000000003,0.6000000000000001
2023,9,29,3,0,11.3,0.036000000000000004,0,0,0,0,0.256,34.64,815,2.6,0.6000000000000001
2023,9,29,4,0,10.5,0.038,0,0,0,0,0.256,35.89,816,2.3000000000000003,0.6000000000000001
2023,9,29,5,0,9.700000000000001,0.04,0,0,0,0,0.257,37.19,816,1.9000000000000001,0.6000000000000001
2023,9,29,6,0,10.5,0.041,7,0,0,0,0.258,36.61,817,1.6,0.7000000000000001
2023,9,29,7,0,16.2,0.042,7,42,664,175,0.258,25.650000000000002,817,1.7000000000000002,0.7000000000000001
2023,9,29,8,0,20.200000000000003,0.044,0,59,843,381,0.257,17.53,818,0.6000000000000001,0.7000000000000001
2023,9,29,9,0,22.900000000000002,0.045,0,69,921,562,0.257,14.93,818,0.8,0.8
2023,9,29,10,0,24.900000000000002,0.047,0,76,962,703,0.257,13.55,818,1.1,0.8
2023,9,29,11,0,26.5,0.041,0,77,990,790,0.257,12.450000000000001,817,1.7000000000000002,0.8
2023,9,29,12,0,27.6,0.042,0,78,994,813,0.258,11.61,817,2.4000000000000004,0.8
2023,9,29,13,0,28.400000000000002,0.043000000000000003,0,76,979,767,0.258,10.870000000000001,816,2.9000000000000004,0.9
2023,9,29,14,0,28.5,0.041,0,71,954,664,0.259,10.73,816,3.4000000000000004,0.9
2023,9,29,15,0,27.900000000000002,0.04,0,63,899,507,0.258,11.22,816,3.9000000000000004,1
2023,9,29,16,0,26.200000000000003,0.04,8,111,543,290,0.258,13.35,816,4,1
2023,9,29,17,0,22.200000000000003,0.04,0,33,558,113,0.258,20.89,816,3.3000000000000003,1
2023,9,29,18,0,18.3,0.039,1,0,0,0,0.258,28.47,816,2.5,1.1
2023,9,29,19,0,16.8,0.04,1,0,0,0,0.258,33.06,817,2,1.1
2023,9,29,20,0,15.8,0.041,1,0,0,0,0.259,35.19,817,1.6,1
2023,9,29,21,0,14.700000000000001,0.042,0,0,0,0,0.26,36.93,817,1.7000000000000002,1
2023,9,29,22,0,13.9,0.043000000000000003,0,0,0,0,0.261,37.88,817,1.7000000000000002,1
2023,9,29,23,0,13.100000000000001,0.041,0,0,0,0,0.262,38.49,817,1.5,0.9
2023,9,30,0,0,12.600000000000001,0.038,0,0,0,0,0.262,37.89,817,1.4000000000000001,0.9
2023,9,30,1,0,12.100000000000001,0.034,0,0,0,0,0.263,37.480000000000004,817,1.4000000000000001,0.9
2023,9,30,2,0,11.600000000000001,0.032,0,0,0,0,0.263,37.57,817,1.3,0.9
2023,9,30,3,0,10.9,0.031,0,0,0,0,0.263,38.980000000000004,817,1.2000000000000002,0.9
2023,9,30,4,0,10.700000000000001,0.03,0,0,0,0,0.263,39.27,817,1.4000000000000001,0.9
2023,9,30,5,0,10.4,0.029,0,0,0,0,0.263,40.85,817,1.7000000000000002,0.9
2023,9,30,6,0,11.5,0.029,0,0,0,0,0.263,39.76,817,1.9000000000000001,0.9
2023,9,30,7,0,16.7,0.029,7,37,690,174,0.262,29.060000000000002,817,2.9000000000000004,0.8
2023,9,30,8,0,21,0.028,7,178,172,243,0.261,21.61,818,2.6,0.8
2023,9,30,9,0,24.8,0.028,7,239,314,406,0.258,14.44,818,2.9000000000000004,0.9
2023,9,30,10,0,27,0.027,7,289,364,525,0.257,11.42,817,3.1,0.9
2023,9,30,11,0,28.400000000000002,0.025,7,162,813,745,0.255,10.47,817,3,1
2023,9,30,12,0,29.200000000000003,0.025,8,149,841,767,0.254,10.31,816,3.1,1
2023,9,30,13,0,29.6,0.026000000000000002,0,65,991,759,0.253,10.49,815,3.5,1.1
2023,9,30,14,0,29.3,0.031,8,299,198,421,0.253,11.24,815,3.9000000000000004,1.2000000000000002
2023,9,30,15,0,28.400000000000002,0.039,8,165,539,428,0.253,12.81,815,4.1000000000000005,1.3
2023,9,30,16,0,26.400000000000002,0.047,7,153,58,172,0.255,16.64,815,3.6,1.4000000000000001
2023,9,30,17,0,22.200000000000003,0.044,7,36,1,36,0.256,26.95,815,2.3000000000000003,1.6
2023,9,30,18,0,19.1,0.043000000000000003,8,0,0,0,0.257,34.910000000000004,815,2.1,1.7000000000000002
2023,9,30,19,0,17.8,0.038,7,0,0,0,0.259,38.84,815,2.1,1.7000000000000002
2023,9,30,20,0,17,0.039,6,0,0,0,0.259,42.87,815,2.2,1.8
2023,9,30,21,0,16.8,0.036000000000000004,6,0,0,0,0.257,45.76,815,2.4000000000000004,1.8
2023,9,30,22,0,16.8,0.041,7,0,0,0,0.257,48.42,815,2.9000000000000004,1.9000000000000001
2023,9,30,23,0,16,0.052000000000000005,3,0,0,0,0.26,53.660000000000004,815,3.2,1.9000000000000001
2023,10,1,0,0,15.3,0.045,7,0,0,0,0.261,57.870000000000005,815,2.8000000000000003,1.8
2023,10,1,1,0,14.700000000000001,0.037,7,0,0,0,0.26,61.120000000000005,815,2.5,1.5
2023,10,1,2,0,13.9,0.033,8,0,0,0,0.259,64.31,815,2.5,1.4000000000000001
2023,10,1,3,0,13.100000000000001,0.032,0,0,0,0,0.259,67.38,816,2.4000000000000004,1.2000000000000002
2023,10,1,4,0,12.600000000000001,0.032,0,0,0,0,0.26,69.27,816,2.4000000000000004,1.2000000000000002
2023,10,1,5,0,12.200000000000001,0.033,0,0,0,0,0.261,70.75,816,2.3000000000000003,1.2000000000000002
2023,10,1,6,0,12.700000000000001,0.032,1,0,0,0,0.262,68.62,816,2.4000000000000004,1.2000000000000002
2023,10,1,7,0,16,0.031,0,38,655,165,0.263,57.07,817,3.1,1.3
2023,10,1,8,0,19.8,0.03,0,52,836,366,0.264,42.63,817,3.8000000000000003,1.3
2023,10,1,9,0,22.8,0.029,7,140,759,541,0.264,29.400000000000002,817,4.3,1.2000000000000002
2023,10,1,10,0,24.6,0.028,7,166,748,647,0.265,23.48,817,4.6000000000000005,1.2000000000000002
2023,10,1,11,0,25.8,0.025,7,260,510,623,0.265,20.48,816,4.9,1.3
2023,10,1,12,0,26.6,0.026000000000000002,7,181,732,715,0.265,18.86,816,5,1.3
2023,10,1,13,0,27.1,0.027,8,169,720,669,0.265,17.66,815,5,1.4000000000000001
2023,10,1,14,0,27.200000000000003,0.027,1,63,950,643,0.266,16.96,815,4.9,1.4000000000000001
2023,10,1,15,0,26.700000000000003,0.028,3,260,237,374,0.266,17.11,814,4.7,1.4000000000000001
2023,10,1,16,0,25.400000000000002,0.03,3,142,8,144,0.266,18.78,815,3.9000000000000004,1.5
2023,10,1,17,0,21.5,0.031,1,30,541,101,0.266,27.98,815,2.2,1.5
2023,10,1,18,0,18.3,0.031,1,0,0,0,0.266,35.28,816,2.2,1.5
2023,10,1,19,0,17,0.03,1,0,0,0,0.265,37.550000000000004,816,2.4000000000000004,1.4000000000000001
2023,10,1,20,0,16.1,0.028,0,0,0,0,0.264,38.69,817,2.4000000000000004,1.4000000000000001
2023,10,1,21,0,15.200000000000001,0.027,0,0,0,0,0.264,40.01,817,2.4000000000000004,1.3
2023,10,1,22,0,14.4,0.026000000000000002,0,0,0,0,0.264,41.36,817,2.3000000000000003,1.3
2023,10,1,23,0,13.8,0.026000000000000002,0,0,0,0,0.265,42.56,817,2.3000000000000003,1.3
2023,10,2,0,0,13.4,0.027,0,0,0,0,0.265,43.36,817,2.4000000000000004,1.3
2023,10,2,1,0,13.100000000000001,0.029,0,0,0,0,0.266,43.96,817,2.5,1.4000000000000001
2023,10,2,2,0,12.3,0.03,0,0,0,0,0.267,47.01,817,2.1,1.4000000000000001
2023,10,2,3,0,11.5,0.03,0,0,0,0,0.268,51.11,817,1.6,1.4000000000000001
2023,10,2,4,0,11.3,0.031,0,0,0,0,0.268,52.9,817,1.3,1.5
2023,10,2,5,0,11.3,0.032,0,0,0,0,0.268,54.08,817,0.9,1.5
2023,10,2,6,0,11.600000000000001,0.033,3,0,0,0,0.268,55.52,817,0.9,1.6
2023,10,2,7,0,15.600000000000001,0.034,7,3,0,3,0.268,45.15,818,1.5,1.5
2023,10,2,8,0,19,0.034,3,157,495,341,0.267,37.94,817,1.7000000000000002,1.5
2023,10,2,9,0,21.6,0.034,7,260,173,351,0.264,32.45,817,2.5,1.5
2023,10,2,10,0,23.3,0.034,8,211,510,537,0.262,28.76,817,3.6,1.6
2023,10,2,11,0,24.200000000000003,0.03,7,339,155,449,0.261,26.75,816,4.7,1.7000000000000002
2023,10,2,12,0,24.400000000000002,0.032,3,378,333,620,0.259,26.43,815,5.4,1.8
2023,10,2,13,0,23.700000000000003,0.035,1,71,952,729,0.257,28.13,815,5.6000000000000005,1.9000000000000001
2023,10,2,14,0,22.900000000000002,0.041,3,349,161,447,0.256,30.51,814,5.300000000000001,2
2023,10,2,15,0,21.900000000000002,0.042,8,8,0,8,0.256,33.6,813,4.6000000000000005,2
2023,10,2,16,0,20.400000000000002,0.043000000000000003,6,150,80,175,0.256,39.15,813,3.4000000000000004,2
2023,10,2,17,0,17.7,0.044,6,29,1,29,0.256,50.36,812,1.9000000000000001,2.1
2023,10,2,18,0,15.200000000000001,0.047,6,0,0,0,0.258,59.5,812,1.6,2.2
2023,10,2,19,0,13.200000000000001,0.047,6,0,0,0,0.261,66.63,813,3.4000000000000004,2.2
2023,10,2,20,0,11.700000000000001,0.032,7,0,0,0,0.269,68.33,814,3,1.7000000000000002
2023,10,2,21,0,10.5,0.025,7,0,0,0,0.276,69.13,814,1.4000000000000001,1.2000000000000002
2023,10,2,22,0,9.600000000000001,0.025,7,0,0,0,0.28,68.76,815,0.7000000000000001,1.1
2023,10,2,23,0,8.700000000000001,0.026000000000000002,0,0,0,0,0.281,70.88,815,0.30000000000000004,1.1
2023,10,3,0,0,8.1,0.027,0,0,0,0,0.28200000000000003,72.77,815,0.30000000000000004,1.1
2023,10,3,1,0,7.6000000000000005,0.028,0,0,0,0,0.28300000000000003,74.12,815,0.4,1.1
2023,10,3,2,0,7.300000000000001,0.029,1,0,0,0,0.28600000000000003,74.29,815,0.5,1.1
2023,10,3,3,0,7,0.03,1,0,0,0,0.28800000000000003,74.35000000000001,815,0.6000000000000001,1.1
2023,10,3,4,0,6.800000000000001,0.031,1,0,0,0,0.291,73.76,814,0.8,1.1
2023,10,3,5,0,6.5,0.031,0,0,0,0,0.294,73.5,814,1,1.1
2023,10,3,6,0,6.9,0.031,1,0,0,0,0.297,70.66,814,1.2000000000000002,1
2023,10,3,7,0,10,0.031,7,87,265,137,0.301,58.13,815,2.3000000000000003,1
2023,10,3,8,0,12.9,0.03,8,126,608,349,0.303,42.7,815,3,1
2023,10,3,9,0,14.9,0.03,0,61,923,542,0.303,32.480000000000004,815,3.3000000000000003,1
2023,10,3,10,0,16.3,0.031,7,214,539,556,0.302,27.14,815,3.3000000000000003,1
2023,10,3,11,0,17.2,0.039,3,341,449,657,0.299,24.42,814,3.2,1
2023,10,3,12,0,18,0.039,0,76,984,785,0.293,22.81,814,3.3000000000000003,1
2023,10,3,13,0,18.3,0.041,0,75,972,742,0.28800000000000003,22.21,814,3.3000000000000003,1
2023,10,3,14,0,18.1,0.045,0,73,940,638,0.28700000000000003,22.47,814,3.2,1
2023,10,3,15,0,17.400000000000002,0.045,3,280,105,329,0.28700000000000003,23.44,815,3.2,1
2023,10,3,16,0,16.3,0.043000000000000003,0,53,773,291,0.28600000000000003,25.41,815,2.8000000000000003,1
2023,10,3,17,0,13.3,0.042,1,31,505,92,0.28300000000000003,35.96,815,1.4000000000000001,1
2023,10,3,18,0,10.8,0.045,1,0,0,0,0.281,43.800000000000004,816,1.1,1
2023,10,3,19,0,10.200000000000001,0.05,1,0,0,0,0.28,45.89,817,1.1,1
2023,10,3,20,0,9.9,0.054,0,0,0,0,0.279,48.25,817,0.9,1.1
2023,10,3,21,0,9.700000000000001,0.058,7,0,0,0,0.28,50.02,817,0.7000000000000001,1.1
2023,10,3,22,0,9.600000000000001,0.063,6,0,0,0,0.281,49.7,818,0.6000000000000001,1.2000000000000002
2023,10,3,23,0,9.5,0.07,6,0,0,0,0.281,50.1,818,0.6000000000000001,1.2000000000000002
2023,10,4,0,0,9.4,0.073,7,0,0,0,0.281,51.230000000000004,818,0.6000000000000001,1.3
2023,10,4,1,0,9,0.074,7,0,0,0,0.281,53.660000000000004,818,0.7000000000000001,1.3
2023,10,4,2,0,8.6,0.07100000000000001,5,0,0,0,0.281,55.9,818,0.7000000000000001,1.3
2023,10,4,3,0,8.200000000000001,0.067,7,0,0,0,0.28,57.95,818,0.6000000000000001,1.3
2023,10,4,4,0,7.800000000000001,0.066,7,0,0,0,0.279,60.02,819,0.5,1.3
2023,10,4,5,0,7.4,0.064,8,0,0,0,0.279,61.6,819,0.4,1.3
2023,10,4,6,0,7.5,0.061,7,0,0,0,0.28,62.07,819,0.4,1.3
2023,10,4,7,0,10.4,0.056,8,85,282,137,0.281,51.1,819,1.4000000000000001,1.3
2023,10,4,8,0,13,0.052000000000000005,0,59,794,349,0.281,42.550000000000004,819,2.3000000000000003,1.3
2023,10,4,9,0,15.200000000000001,0.049,0,69,892,530,0.281,34.97,819,1.9000000000000001,1.2000000000000002
2023,10,4,10,0,16.900000000000002,0.045,1,73,944,669,0.28,29.810000000000002,819,1.3,1.2000000000000002
2023,10,4,11,0,18.2,0.044,0,76,971,755,0.28,26.19,818,0.7000000000000001,1.1
2023,10,4,12,0,19.3,0.044,3,277,657,747,0.279,23.490000000000002,818,0.7000000000000001,1.1
2023,10,4,13,0,19.900000000000002,0.043000000000000003,5,374,86,432,0.276,21.78,817,1.3,1.1
2023,10,4,14,0,20,0.041,0,70,944,632,0.275,21.1,817,2,1
2023,10,4,15,0,19.400000000000002,0.04,0,62,889,477,0.275,21.57,818,2.4000000000000004,1
2023,10,4,16,0,18.1,0.036000000000000004,0,50,784,287,0.273,23.52,818,2.3000000000000003,1
2023,10,4,17,0,14.4,0.034,0,29,518,89,0.271,36.12,819,1,1
2023,10,4,18,0,11.200000000000001,0.033,1,0,0,0,0.269,45.44,820,0.8,1.1
2023,10,4,19,0,10,0.031,0,0,0,0,0.266,48.910000000000004,820,0.8,1.1
2023,10,4,20,0,9.1,0.03,0,0,0,0,0.265,51.64,821,0.8,1.2000000000000002
2023,10,4,21,0,8.3,0.029,0,0,0,0,0.264,54.18,822,0.8,1.2000000000000002
2023,10,4,22,0,7.9,0.028,0,0,0,0,0.263,55,822,0.9,1.2000000000000002
2023,10,4,23,0,7.5,0.028,0,0,0,0,0.262,55.95,822,1.2000000000000002,1.3
2023,10,5,0,0,7,0.027,0,0,0,0,0.262,57.550000000000004,822,1.5,1.3
2023,10,5,1,0,6.6000000000000005,0.027,0,0,0,0,0.263,59.09,823,1.6,1.3
2023,10,5,2,0,6.300000000000001,0.025,0,0,0,0,0.263,59.94,822,1.7000000000000002,1.2000000000000002
2023,10,5,3,0,6.1000000000000005,0.022,0,0,0,0,0.263,60.57,822,1.5,1.1
2023,10,5,4,0,5.800000000000001,0.02,0,0,0,0,0.264,61.72,823,1.3,1
2023,10,5,5,0,5.6000000000000005,0.02,0,0,0,0,0.266,62.230000000000004,823,1.2000000000000002,1
2023,10,5,6,0,6.2,0.02,0,0,0,0,0.267,60.42,823,1.1,1
2023,10,5,7,0,11,0.021,0,34,672,155,0.268,45.27,824,1.4000000000000001,1
2023,10,5,8,0,14.100000000000001,0.021,0,47,854,355,0.268,35.9,825,1.4000000000000001,1
2023,10,5,9,0,16.2,0.022,3,246,389,445,0.266,30.66,825,1.5,1
2023,10,5,10,0,18.1,0.022,1,60,973,670,0.264,26.560000000000002,825,1.5,1.1
2023,10,5,11,0,19.700000000000003,0.019,0,60,997,752,0.262,23.44,824,1.5,1.1
2023,10,5,12,0,20.900000000000002,0.02,0,61,1001,773,0.26,21.39,823,1.6,1.1
2023,10,5,13,0,21.700000000000003,0.021,0,61,990,730,0.258,20.150000000000002,823,1.8,1.1
2023,10,5,14,0,21.8,0.019,0,56,966,626,0.257,19.8,822,2.1,1.1
2023,10,5,15,0,21.200000000000003,0.019,0,51,913,472,0.257,20.38,822,2.4000000000000004,1.1
2023,10,5,16,0,19.700000000000003,0.019,0,42,807,282,0.258,22.62,822,2.4000000000000004,1.1
2023,10,5,17,0,15.100000000000001,0.019,1,25,550,86,0.258,36.160000000000004,823,1.3,1
2023,10,5,18,0,12,0.02,1,0,0,0,0.26,43.65,823,1.1,1
2023,10,5,19,0,11.3,0.021,1,0,0,0,0.261,44.78,824,0.9,1
2023,10,5,20,0,10.5,0.021,0,0,0,0,0.262,46.800000000000004,824,0.5,1
2023,10,5,21,0,9.200000000000001,0.021,0,0,0,0,0.263,50.45,824,0.5,1
2023,10,5,22,0,8.200000000000001,0.021,0,0,0,0,0.263,52.92,824,0.8,1
2023,10,5,23,0,7.300000000000001,0.022,0,0,0,0,0.264,55.04,824,1.1,1
2023,10,6,0,0,6.7,0.022,0,0,0,0,0.264,56.26,824,1.2000000000000002,1
2023,10,6,1,0,6.300000000000001,0.021,0,0,0,0,0.265,57.01,824,1.4000000000000001,1
2023,10,6,2,0,6.1000000000000005,0.021,0,0,0,0,0.266,57.43,825,1.6,1
2023,10,6,3,0,6,0.023,0,0,0,0,0.267,58.34,825,1.7000000000000002,1
2023,10,6,4,0,5.9,0.026000000000000002,0,0,0,0,0.269,61.18,826,2.1,1.1
2023,10,6,5,0,5.2,0.036000000000000004,4,0,0,0,0.271,68.08,827,1.8,1.1
2023,10,6,6,0,5,0.059000000000000004,4,0,0,0,0.272,72.86,827,1.8,1.1
2023,10,6,7,0,6.9,0.068,4,31,0,31,0.273,67.15,828,2.5,1
2023,10,6,8,0,8.4,0.066,4,40,0,40,0.274,59.550000000000004,828,2.5,1
2023,10,6,9,0,10.600000000000001,0.059000000000000004,4,72,0,72,0.276,49.300000000000004,828,2.3000000000000003,1
2023,10,6,10,0,12.9,0.051000000000000004,4,75,0,75,0.278,40.480000000000004,828,2.2,1
2023,10,6,11,0,14.9,0.035,4,113,0,113,0.28,34.26,828,2.3000000000000003,1
2023,10,6,12,0,16.400000000000002,0.032,4,147,0,147,0.281,30.42,827,2.5,1
2023,10,6,13,0,17.3,0.03,4,112,0,112,0.281,28.38,826,2.8000000000000003,1.1
2023,10,6,14,0,17.400000000000002,0.031,4,75,0,75,0.281,28.02,826,2.9000000000000004,1.1
2023,10,6,15,0,16.6,0.031,4,110,0,110,0.28,29.400000000000002,826,2.9000000000000004,1.1
2023,10,6,16,0,14.8,0.03,3,135,8,137,0.28,33.230000000000004,826,2.7,1.1
2023,10,6,17,0,11.3,0.03,1,27,499,79,0.279,44.2,826,1.5,1.1
2023,10,6,18,0,8.1,0.03,1,0,0,0,0.279,54.81,826,0.9,1.1
2023,10,6,19,0,7,0.03,1,0,0,0,0.277,58.57,826,0.9,1.1
2023,10,6,20,0,6.2,0.029,0,0,0,0,0.276,62.77,826,1,1.1
2023,10,6,21,0,5.6000000000000005,0.027,0,0,0,0,0.276,67.3,826,1,1.1
2023,10,6,22,0,5.300000000000001,0.025,0,0,0,0,0.276,70.10000000000001,825,1.1,1.1
2023,10,6,23,0,5,0.023,0,0,0,0,0.276,71.95,825,1.1,1.1
2023,10,7,0,0,5.1000000000000005,0.022,0,0,0,0,0.276,70.10000000000001,825,1.1,1
2023,10,7,1,0,5.300000000000001,0.021,0,0,0,0,0.277,66.29,825,1.1,1
2023,10,7,2,0,5.2,0.021,0,0,0,0,0.277,63.15,825,1.2000000000000002,1
2023,10,7,3,0,5.2,0.02,0,0,0,0,0.277,59.53,824,1.2000000000000002,0.9
2023,10,7,4,0,5.5,0.019,0,0,0,0,0.277,55.25,825,1.2000000000000002,0.9
2023,10,7,5,0,5.9,0.018000000000000002,0,0,0,0,0.277,51.120000000000005,824,1.2000000000000002,0.8
2023,10,7,6,0,6.5,0.017,0,0,0,0,0.277,47.94,824,1.1,0.8
2023,10,7,7,0,10.600000000000001,0.016,0,31,685,150,0.277,41.57,825,0.9,0.8
2023,10,7,8,0,14.8,0.016,0,43,869,350,0.277,27.86,825,0.9,0.8
2023,10,7,9,0,18.1,0.015,0,50,957,533,0.275,21.28,825,1.1,0.7000000000000001
2023,10,7,10,0,20.400000000000002,0.016,0,55,998,672,0.274,17.5,824,1.7000000000000002,0.7000000000000001
2023,10,7,11,0,21.900000000000002,0.016,0,57,1017,754,0.272,15.450000000000001,824,2.2,0.7000000000000001
2023,10,7,12,0,22.900000000000002,0.016,0,57,1016,770,0.27,14.280000000000001,823,2.6,0.8
2023,10,7,13,0,23.200000000000003,0.016,0,56,1007,726,0.269,13.91,823,2.8000000000000003,0.8
2023,10,7,14,0,23,0.02,0,57,975,622,0.268,14.07,823,2.9000000000000004,0.8
2023,10,7,15,0,22,0.02,0,51,920,466,0.268,15.01,822,2.9000000000000004,0.8
2023,10,7,16,0,20,0.021,0,42,808,274,0.269,18.7,822,2.2,0.8
2023,10,7,17,0,15,0.021,0,24,527,77,0.269,33.68,822,1.1,0.8
2023,10,7,18,0,13.4,0.021,0,0,0,0,0.269,33.52,823,1,0.8
2023,10,7,19,0,12.8,0.021,0,0,0,0,0.269,33.45,823,0.9,0.7000000000000001
2023,10,7,20,0,11.5,0.02,0,0,0,0,0.268,35.230000000000004,823,1.1,0.7000000000000001
2023,10,7,21,0,10.8,0.02,0,0,0,0,0.268,36.07,823,1.1,0.7000000000000001
2023,10,7,22,0,9.9,0.02,0,0,0,0,0.268,37.77,823,1.2000000000000002,0.7000000000000001
2023,10,7,23,0,8.8,0.021,0,0,0,0,0.268,40.46,823,1.3,0.7000000000000001
2023,10,8,0,0,7.800000000000001,0.02,0,0,0,0,0.268,42.99,823,1.3,0.7000000000000001
2023,10,8,1,0,7,0.02,0,0,0,0,0.268,44.67,822,1.4000000000000001,0.7000000000000001
2023,10,8,2,0,6.6000000000000005,0.02,0,0,0,0,0.268,44.95,822,1.4000000000000001,0.7000000000000001
2023,10,8,3,0,6.5,0.019,0,0,0,0,0.269,44.25,822,1.4000000000000001,0.6000000000000001
2023,10,8,4,0,6.6000000000000005,0.019,0,0,0,0,0.269,42.96,822,1.4000000000000001,0.6000000000000001
2023,10,8,5,0,6.800000000000001,0.018000000000000002,0,0,0,0,0.269,41.43,822,1.4000000000000001,0.6000000000000001
2023,10,8,6,0,7.2,0.018000000000000002,0,0,0,0,0.269,40.82,822,1.3,0.6000000000000001
2023,10,8,7,0,12.200000000000001,0.018000000000000002,0,32,690,149,0.268,37.050000000000004,822,1.2000000000000002,0.6000000000000001
2023,10,8,8,0,17.2,0.019,0,45,875,351,0.267,21.88,822,1.6,0.6000000000000001
2023,10,8,9,0,20.200000000000003,0.019,0,53,958,533,0.266,16.5,822,1.6,0.6000000000000001
2023,10,8,10,0,22,0.02,0,58,999,672,0.265,14.22,822,2,0.6000000000000001
2023,10,8,11,0,23.3,0.017,0,58,1023,754,0.264,12.83,821,2.3000000000000003,0.6000000000000001
2023,10,8,12,0,24.1,0.017,0,58,1027,774,0.264,12.040000000000001,821,2.4000000000000004,0.6000000000000001
2023,10,8,13,0,24.400000000000002,0.018000000000000002,0,58,1016,729,0.263,11.700000000000001,820,2.6,0.6000000000000001
2023,10,8,14,0,24.200000000000003,0.018000000000000002,0,55,983,620,0.262,11.85,820,2.7,0.7000000000000001
2023,10,8,15,0,23.400000000000002,0.019,0,50,927,463,0.261,12.530000000000001,819,2.7,0.7000000000000001
2023,10,8,16,0,21.3,0.02,0,41,815,271,0.262,17.46,819,2.1,0.7000000000000001
2023,10,8,17,0,15.700000000000001,0.021,0,23,525,73,0.262,31.91,819,1.3,0.7000000000000001
2023,10,8,18,0,13.700000000000001,0.022,0,0,0,0,0.263,33.6,819,1.2000000000000002,0.7000000000000001
2023,10,8,19,0,13.9,0.022,0,0,0,0,0.265,31.52,820,1,0.7000000000000001
2023,10,8,20,0,13.200000000000001,0.023,0,0,0,0,0.266,32.15,820,0.9,0.7000000000000001
2023,10,8,21,0,12.100000000000001,0.024,0,0,0,0,0.267,33.4,820,1.1,0.7000000000000001
2023,10,8,22,0,11.200000000000001,0.025,0,0,0,0,0.267,34.39,819,1.2000000000000002,0.7000000000000001
2023,10,8,23,0,10.5,0.026000000000000002,0,0,0,0,0.268,35.08,819,1.2000000000000002,0.7000000000000001
2023,10,9,0,0,9.700000000000001,0.026000000000000002,0,0,0,0,0.268,36.230000000000004,819,1.2000000000000002,0.7000000000000001
2023,10,9,1,0,8.700000000000001,0.027,0,0,0,0,0.268,38.01,818,1.2000000000000002,0.7000000000000001
2023,10,9,2,0,7.800000000000001,0.028,0,0,0,0,0.269,39.97,818,1.3,0.7000000000000001
2023,10,9,3,0,7.1000000000000005,0.028,0,0,0,0,0.268,41.52,818,1.5,0.7000000000000001
2023,10,9,4,0,6.7,0.029,0,0,0,0,0.268,42.2,818,1.5,0.7000000000000001
2023,10,9,5,0,6.5,0.03,0,0,0,0,0.268,42.14,818,1.5,0.7000000000000001
2023,10,9,6,0,6.9,0.03,0,0,0,0,0.268,41.51,818,1.4000000000000001,0.7000000000000001
2023,10,9,7,0,12.3,0.03,0,34,652,143,0.268,34.96,818,1.3,0.7000000000000001
2023,10,9,8,0,17.400000000000002,0.03,0,50,850,344,0.267,20.98,818,1.5,0.7000000000000001
2023,10,9,9,0,20.900000000000002,0.031,0,59,936,524,0.266,15.24,817,0.9,0.7000000000000001
2023,10,9,10,0,22.8,0.032,0,65,980,662,0.265,13.19,817,1,0.7000000000000001
2023,10,9,11,0,24.1,0.033,0,68,1000,745,0.265,12.02,816,1.3,0.7000000000000001
2023,10,9,12,0,24.900000000000002,0.036000000000000004,1,70,996,760,0.264,11.370000000000001,816,1.7000000000000002,0.8
2023,10,9,13,0,25.200000000000003,0.041,1,71,980,714,0.262,11.11,815,2,0.8
2023,10,9,14,0,25,0.047,0,70,942,607,0.261,11.3,815,2.3000000000000003,0.8
2023,10,9,15,0,24.1,0.054,3,223,336,371,0.26,12.280000000000001,814,2.6,0.9
2023,10,9,16,0,21.900000000000002,0.059000000000000004,5,140,12,144,0.259,17.23,814,2.1,1
2023,10,9,17,0,17.1,0.065,1,28,388,62,0.258,30.51,814,1.4000000000000001,1
2023,10,9,18,0,14.9,0.068,3,0,0,0,0.258,35.68,814,1.4000000000000001,1.1
2023,10,9,19,0,14.100000000000001,0.062,1,0,0,0,0.259,38.09,815,1.3,1.1
2023,10,9,20,0,12.9,0.061,0,0,0,0,0.26,40.38,815,1.4000000000000001,1.1
2023,10,9,21,0,11.5,0.057,0,0,0,0,0.261,42.36,814,1.5,1.1
2023,10,9,22,0,10.4,0.052000000000000005,0,0,0,0,0.261,42.52,814,1.3,1
2023,10,9,23,0,9.700000000000001,0.049,0,0,0,0,0.262,40.35,814,1.3,0.9
2023,10,10,0,0,9.4,0.046,0,0,0,0,0.262,36.97,813,1.6,0.8
2023,10,10,1,0,9,0.043000000000000003,0,0,0,0,0.262,34.77,813,2.1,0.7000000000000001
2023,10,10,2,0,8.4,0.039,0,0,0,0,0.263,34.99,813,2.2,0.6000000000000001
2023,10,10,3,0,7.800000000000001,0.036000000000000004,0,0,0,0,0.265,36.49,813,2.1,0.6000000000000001
2023,10,10,4,0,7.300000000000001,0.033,0,0,0,0,0.266,37.69,813,1.9000000000000001,0.5
2023,10,10,5,0,7.1000000000000005,0.03,0,0,0,0,0.267,37.67,813,1.8,0.5
2023,10,10,6,0,7.4,0.029,0,0,0,0,0.268,37.32,813,1.7000000000000002,0.5
2023,10,10,7,0,12.700000000000001,0.029,0,34,664,142,0.269,31.91,813,1.5,0.5
2023,10,10,8,0,17.900000000000002,0.03,0,50,854,342,0.271,19.04,813,2.3000000000000003,0.6000000000000001
2023,10,10,9,0,21,0.032,0,60,940,523,0.272,13.75,813,2.1,0.6000000000000001
2023,10,10,10,0,22.5,0.036000000000000004,0,67,974,657,0.273,12.55,813,1.7000000000000002,0.7000000000000001
2023,10,10,11,0,23.6,0.032,1,68,1000,740,0.275,11.92,812,1.1,0.7000000000000001
2023,10,10,12,0,24.400000000000002,0.044,8,173,756,693,0.277,11.55,811,0.6000000000000001,0.8
2023,10,10,13,0,24.5,0.073,8,234,581,612,0.28,11.81,810,0.5,0.9
2023,10,10,14,0,23.8,0.074,7,270,203,385,0.28,13.040000000000001,810,0.8,1
2023,10,10,15,0,22.3,0.098,7,192,391,362,0.278,15.84,809,1.1,1.2000000000000002
2023,10,10,16,0,19.900000000000002,0.111,7,140,186,190,0.274,27.51,810,0.8,1.3
2023,10,10,17,0,16.7,0.109,8,38,5,38,0.27,37.050000000000004,810,0.7000000000000001,1.4000000000000001
2023,10,10,18,0,14.700000000000001,0.093,8,0,0,0,0.267,42.88,810,1,1.4000000000000001
2023,10,10,19,0,13.5,0.074,5,0,0,0,0.266,47.050000000000004,810,1.2000000000000002,1.4000000000000001
2023,10,10,20,0,12.4,0.058,5,0,0,0,0.265,50.71,810,1.4000000000000001,1.4000000000000001
2023,10,10,21,0,11.3,0.048,1,0,0,0,0.266,53.69,809,1.6,1.3
2023,10,10,22,0,10.5,0.043000000000000003,8,0,0,0,0.266,54.93,809,1.7000000000000002,1.3
2023,10,10,23,0,9.9,0.041,7,0,0,0,0.267,54.93,808,1.8,1.2000000000000002
2023,10,11,0,0,9.4,0.042,1,0,0,0,0.266,54.65,808,1.7000000000000002,1.2000000000000002
2023,10,11,1,0,8.9,0.044,5,0,0,0,0.266,54.92,808,1.6,1.2000000000000002
2023,10,11,2,0,8.6,0.046,7,0,0,0,0.264,55.300000000000004,807,1.4000000000000001,1.2000000000000002
2023,10,11,3,0,8.5,0.046,4,0,0,0,0.261,55.65,807,1.3,1.3
2023,10,11,4,0,8.5,0.046,5,0,0,0,0.258,55.77,807,1.2000000000000002,1.3
2023,10,11,5,0,8.5,0.046,1,0,0,0,0.258,56.03,806,1.3,1.3
2023,10,11,6,0,8.9,0.049,1,0,0,0,0.257,55.550000000000004,806,1.3,1.4000000000000001
2023,10,11,7,0,13.4,0.054,3,77,5,78,0.256,46.6,806,1.7000000000000002,1.5
2023,10,11,8,0,16.900000000000002,0.057,3,157,380,286,0.255,37.160000000000004,806,2,1.5
2023,10,11,9,0,19.400000000000002,0.056,5,277,60,307,0.255,31.41,805,1.5,1.5
2023,10,11,10,0,20.8,0.055,8,176,714,605,0.255,27.92,804,1.5,1.5
2023,10,11,11,0,21.8,0.046,7,241,16,252,0.256,25.39,803,1.8,1.4000000000000001
2023,10,11,12,0,22.1,0.054,7,280,46,311,0.258,24.26,802,1.7000000000000002,1.4000000000000001
2023,10,11,13,0,21.900000000000002,0.061,7,279,337,496,0.258,24.080000000000002,802,1.6,1.4000000000000001
2023,10,11,14,0,20.900000000000002,0.074,7,14,0,14,0.259,25.29,801,2.1,1.4000000000000001
2023,10,11,15,0,19.3,0.081,7,55,0,55,0.259,28.39,802,2.6,1.4000000000000001
2023,10,11,16,0,17,0.08700000000000001,7,4,0,4,0.26,35.42,802,2.5,1.5
2023,10,11,17,0,14.100000000000001,0.08700000000000001,7,25,1,25,0.261,49.52,803,1.5,1.5
2023,10,11,18,0,12.3,0.073,7,0,0,0,0.264,55.43,803,1,1.5
2023,10,11,19,0,11.100000000000001,0.066,7,0,0,0,0.265,59.43,803,0.9,1.5
2023,10,11,20,0,9.8,0.064,8,0,0,0,0.265,65.55,803,0.6000000000000001,1.5
2023,10,11,21,0,8.9,0.061,8,0,0,0,0.266,71.37,803,0.6000000000000001,1.5
2023,10,11,22,0,8.1,0.056,7,0,0,0,0.269,74.3,803,1.2000000000000002,1.4000000000000001
2023,10,11,23,0,7.300000000000001,0.049,1,0,0,0,0.272,75.22,803,1.4000000000000001,1.3
2023,10,12,0,0,6.4,0.044,8,0,0,0,0.274,74.81,802,1.3,1.2000000000000002
2023,10,12,1,0,5.800000000000001,0.04,8,0,0,0,0.276,72.74,802,1.4000000000000001,1.1
2023,10,12,2,0,5.300000000000001,0.038,3,0,0,0,0.279,70.57000000000001,801,1.3,1
2023,10,12,3,0,5.300000000000001,0.037,4,0,0,0,0.28200000000000003,68.06,801,1.5,0.9
2023,10,12,4,0,5.4,0.036000000000000004,6,0,0,0,0.28500000000000003,65.7,801,1.7000000000000002,0.9
2023,10,12,5,0,5.4,0.036000000000000004,6,0,0,0,0.28700000000000003,63.74,801,1.7000000000000002,0.8
2023,10,12,6,0,5.2,0.038,9,0,0,0,0.28700000000000003,63.93,801,1.6,0.9
2023,10,12,7,0,7.1000000000000005,0.042,7,81,159,106,0.28500000000000003,59.13,801,1.8,0.9
2023,10,12,8,0,8.8,0.05,7,123,466,279,0.28300000000000003,52.93,802,2.4000000000000004,1
2023,10,12,9,0,9.700000000000001,0.054,8,232,168,313,0.281,48.81,802,3,1.1
2023,10,12,10,0,10,0.053,7,217,505,518,0.281,47.230000000000004,803,3.3000000000000003,1.1
2023,10,12,11,0,10.5,0.045,8,291,390,549,0.281,44.01,803,3.6,1.1
2023,10,12,12,0,11.100000000000001,0.041,7,329,108,403,0.281,40.03,803,4,1.1
2023,10,12,13,0,11.5,0.037,9,215,8,220,0.28,37.4,803,4.3,1.1
2023,10,12,14,0,11.3,0.032,6,63,0,63,0.278,37.72,804,4.4,1.1
2023,10,12,15,0,10.4,0.031,6,80,1,80,0.276,41.27,805,4.2,1.1
2023,10,12,16,0,9.200000000000001,0.03,6,43,0,43,0.275,47.14,807,3.6,1.1
2023,10,12,17,0,7.7,0.033,6,15,0,15,0.276,55.38,808,3.2,1.2000000000000002
2023,10,12,18,0,6.300000000000001,0.039,7,0,0,0,0.277,62.54,810,3.6,1.2000000000000002
2023,10,12,19,0,4.9,0.038,4,0,0,0,0.278,67.18,811,3.6,1.1
2023,10,12,20,0,3.6,0.037,5,0,0,0,0.278,70.04,812,3.4000000000000004,1.1
2023,10,12,21,0,2.8000000000000003,0.036000000000000004,5,0,0,0,0.276,70.94,813,3.5,1
2023,10,12,22,0,2.4000000000000004,0.035,7,0,0,0,0.274,69.52,813,3.7,1
2023,10,12,23,0,2.2,0.036000000000000004,5,0,0,0,0.273,66.61,814,3.7,1
2023,10,13,0,0,2.3000000000000003,0.035,4,0,0,0,0.272,61.99,814,3.7,1
2023,10,13,1,0,2.3000000000000003,0.031,4,0,0,0,0.27,58.870000000000005,815,3.5,1
2023,10,13,2,0,1.9000000000000001,0.027,4,0,0,0,0.269,58.28,815,3,1
2023,10,13,3,0,0.9,0.024,4,0,0,0,0.27,60.29,816,2.6,0.9
2023,10,13,4,0,0.30000000000000004,0.022,4,0,0,0,0.271,61.03,816,2.4000000000000004,0.8
2023,10,13,5,0,0,0.021,0,0,0,0,0.271,61.14,817,2.4000000000000004,0.7000000000000001
2023,10,13,6,0,-0.1,0.02,4,0,0,0,0.27,61.03,818,2.2,0.6000000000000001
2023,10,13,7,0,2.6,0.019,4,79,9,80,0.267,51.870000000000005,818,3.1,0.5
2023,10,13,8,0,5.1000000000000005,0.018000000000000002,0,45,875,334,0.263,44.92,819,3.8000000000000003,0.5
2023,10,13,9,0,7.2,0.018000000000000002,0,52,962,515,0.26,38.26,819,3.9000000000000004,0.5
2023,10,13,10,0,9.200000000000001,0.017,0,56,1007,652,0.257,32.79,819,3.6,0.5
2023,10,13,11,0,11.100000000000001,0.017,0,58,1027,734,0.255,27.740000000000002,818,3.4000000000000004,0.5
2023,10,13,12,0,12.600000000000001,0.017,0,59,1031,752,0.254,24,818,3.3000000000000003,0.5
2023,10,13,13,0,13.600000000000001,0.018000000000000002,0,58,1019,706,0.253,21.93,818,3.3000000000000003,0.5
2023,10,13,14,0,13.600000000000001,0.02,0,57,980,595,0.252,22.080000000000002,818,3.3000000000000003,0.6000000000000001
2023,10,13,15,0,12.700000000000001,0.021,0,51,919,437,0.251,24.03,818,3.4000000000000004,0.6000000000000001
2023,10,13,16,0,10.700000000000001,0.022,0,41,786,242,0.25,29.94,819,3.5,0.7000000000000001
2023,10,13,17,0,6.7,0.023,1,20,442,51,0.25,40.88,820,2.5,0.7000000000000001
2023,10,13,18,0,4,0.024,1,0,0,0,0.251,50.120000000000005,820,1.7000000000000002,0.8
2023,10,13,19,0,2.6,0.024,0,0,0,0,0.251,55.85,821,1,0.8
2023,10,13,20,0,1.9000000000000001,0.025,1,0,0,0,0.252,58.14,822,0.7000000000000001,0.8
2023,10,13,21,0,1.8,0.025,0,0,0,0,0.251,57.63,822,0.5,0.8
2023,10,13,22,0,1.6,0.024,0,0,0,0,0.25,57.88,822,0.4,0.8
2023,10,13,23,0,1.3,0.025,4,0,0,0,0.249,58.9,821,0.30000000000000004,0.8
2023,10,14,0,0,1,0.025,4,0,0,0,0.25,60.08,821,0.5,0.8
2023,10,14,1,0,0.9,0.026000000000000002,4,0,0,0,0.25,60.620000000000005,821,0.5,0.7000000000000001
2023,10,14,2,0,0.9,0.027,4,0,0,0,0.251,61.18,821,0.5,0.7000000000000001
2023,10,14,3,0,0.7000000000000001,0.029,4,0,0,0,0.252,62.76,821,0.4,0.8
2023,10,14,4,0,0.6000000000000001,0.03,4,0,0,0,0.253,63.93,821,0.4,0.8
2023,10,14,5,0,0.7000000000000001,0.031,0,0,0,0,0.255,64.29,822,0.4,0.8
2023,10,14,6,0,1,0.032,1,0,0,0,0.257,63.68,822,0.4,0.8
2023,10,14,7,0,3.7,0.03,1,33,610,124,0.258,55.58,822,0.5,0.8
2023,10,14,8,0,6.800000000000001,0.028,7,49,832,321,0.258,44.1,823,1.1,0.8
2023,10,14,9,0,9.3,0.027,1,57,932,502,0.258,36.31,823,1.5,0.7000000000000001
2023,10,14,10,0,11.5,0.028,0,63,977,638,0.257,30.93,823,1.6,0.7000000000000001
2023,10,14,11,0,13.3,0.03,7,241,534,590,0.256,26.93,823,1.7000000000000002,0.7000000000000001
2023,10,14,12,0,14.5,0.034,7,244,535,601,0.254,24.41,822,1.9000000000000001,0.7000000000000001
2023,10,14,13,0,15,0.037,8,181,740,648,0.252,23.39,822,2.1,0.8
2023,10,14,14,0,14.700000000000001,0.035,0,65,941,577,0.252,23.830000000000002,822,2.1,0.9
2023,10,14,15,0,13.700000000000001,0.034,0,57,879,421,0.251,25.72,822,1.8,0.9
2023,10,14,16,0,12.200000000000001,0.03,3,134,162,174,0.251,30.27,823,1.4000000000000001,1
2023,10,14,17,0,8.9,0.026000000000000002,7,30,7,30,0.252,41.160000000000004,823,0.8,1
2023,10,14,18,0,6.4,0.023,7,0,0,0,0.251,47.22,824,0.6000000000000001,0.9
2023,10,14,19,0,5,0.023,0,0,0,0,0.251,51.5,824,0.7000000000000001,0.9
2023,10,14,20,0,4.2,0.023,4,0,0,0,0.252,53.58,824,0.8,0.9
2023,10,14,21,0,3.8000000000000003,0.023,0,0,0,0,0.251,54.18,824,0.7000000000000001,0.9
2023,10,14,22,0,3.6,0.023,0,0,0,0,0.25,54.17,824,0.7000000000000001,0.9
2023,10,14,23,0,3.9000000000000004,0.024,0,0,0,0,0.249,52.28,824,0.9,0.9
2023,10,15,0,0,4.2,0.024,0,0,0,0,0.246,50.58,825,1.2000000000000002,0.9
2023,10,15,1,0,3.9000000000000004,0.022,0,0,0,0,0.245,50.88,825,1.6,0.9
2023,10,15,2,0,3.4000000000000004,0.023,0,0,0,0,0.246,52.230000000000004,825,1.6,0.9
2023,10,15,3,0,3.2,0.022,0,0,0,0,0.246,52.94,825,1.5,0.8
2023,10,15,4,0,2.9000000000000004,0.021,0,0,0,0,0.247,54.01,826,1.4000000000000001,0.8
2023,10,15,5,0,2.8000000000000003,0.02,0,0,0,0,0.248,54.28,826,1.4000000000000001,0.8
2023,10,15,6,0,3.1,0.02,0,0,0,0,0.248,53.64,826,1.4000000000000001,0.8
2023,10,15,7,0,7.7,0.02,1,30,632,122,0.249,45.59,826,1.3,0.8
2023,10,15,8,0,12.100000000000001,0.02,0,45,845,318,0.25,33.230000000000004,827,1.9000000000000001,0.8
2023,10,15,9,0,14.4,0.021,0,54,934,495,0.25,28.77,827,2.6,0.8
2023,10,15,10,0,16.1,0.022,0,59,973,627,0.25,25.41,827,2.8000000000000003,0.9
2023,10,15,11,0,17.6,0.02,0,60,993,704,0.25,22.64,827,2.7,1
2023,10,15,12,0,18.7,0.02,0,60,997,721,0.251,20.78,826,2.7,1
2023,10,15,13,0,19.3,0.02,0,59,986,675,0.25,19.830000000000002,826,2.7,1
2023,10,15,14,0,19.400000000000002,0.02,0,55,951,568,0.248,19.6,825,2.8000000000000003,1.1
2023,10,15,15,0,18.7,0.021,0,50,887,413,0.247,20.46,825,2.8000000000000003,1.1
2023,10,15,16,0,16.400000000000002,0.021,0,40,757,225,0.246,26.79,826,2.1,1.1
2023,10,15,17,0,11.5,0.022,0,18,399,42,0.246,40.46,826,1.2000000000000002,1.1
2023,10,15,18,0,10.100000000000001,0.023,0,0,0,0,0.246,42.35,826,1.1,1.1
2023,10,15,19,0,10.100000000000001,0.023,0,0,0,0,0.246,41.56,827,0.8,1.1
2023,10,15,20,0,9.8,0.023,3,0,0,0,0.246,41.39,827,0.5,1.1
2023,10,15,21,0,9.5,0.023,8,0,0,0,0.245,40.79,827,0.6000000000000001,1.1
2023,10,15,22,0,9.1,0.022,7,0,0,0,0.245,40.93,827,0.8,1.1
2023,10,15,23,0,8.700000000000001,0.022,7,0,0,0,0.245,41.03,827,1,1.1
2023,10,16,0,0,8.3,0.021,7,0,0,0,0.245,40.89,826,1,1.1
2023,10,16,1,0,7.9,0.019,7,0,0,0,0.244,40.89,826,1,1.2000000000000002
2023,10,16,2,0,7.1000000000000005,0.018000000000000002,7,0,0,0,0.243,42.1,826,1.1,1.2000000000000002
2023,10,16,3,0,6.6000000000000005,0.017,0,0,0,0,0.242,42.88,825,1.2000000000000002,1.2000000000000002
2023,10,16,4,0,6.6000000000000005,0.017,0,0,0,0,0.241,42.36,825,1.2000000000000002,1.2000000000000002
2023,10,16,5,0,6.7,0.016,0,0,0,0,0.241,41.5,825,1.3,1.1
2023,10,16,6,0,7.2,0.016,0,0,0,0,0.24,40.09,825,1.2000000000000002,1.1
2023,10,16,7,0,10.600000000000001,0.015,1,28,625,116,0.23900000000000002,41.58,826,0.8,1.1
2023,10,16,8,0,15.200000000000001,0.016,0,41,836,308,0.23900000000000002,28.41,826,0.8,1.1
2023,10,16,9,0,18.400000000000002,0.016,0,49,922,481,0.23800000000000002,22.56,826,0.30000000000000004,1.2000000000000002
2023,10,16,10,0,20.700000000000003,0.016,0,53,968,614,0.23600000000000002,20.73,825,0.8,1.2000000000000002
2023,10,16,11,0,22.3,0.014,0,53,992,692,0.23500000000000001,19.66,824,1.3,1.2000000000000002
2023,10,16,12,0,23.400000000000002,0.014,0,53,996,709,0.234,19.02,824,1.8,1.2000000000000002
2023,10,16,13,0,23.900000000000002,0.014,0,52,981,661,0.232,18.85,823,2.2,1.3
2023,10,16,14,0,23.700000000000003,0.026000000000000002,0,60,935,559,0.232,19.31,822,2.5,1.3
2023,10,16,15,0,22.700000000000003,0.027,0,53,868,404,0.232,20.73,822,2.5,1.3
2023,10,16,16,0,20,0.028,0,42,730,217,0.232,27.54,822,1.8,1.3
2023,10,16,17,0,15.100000000000001,0.029,0,18,349,37,0.233,39.58,822,1.1,1.3
2023,10,16,18,0,13.9,0.029,0,0,0,0,0.234,39.800000000000004,823,0.9,1.2000000000000002
2023,10,16,19,0,12.9,0.029,0,0,0,0,0.234,41.22,823,1,1.2000000000000002
2023,10,16,20,0,11.600000000000001,0.028,0,0,0,0,0.23500000000000001,44.1,823,1.2000000000000002,1.1
2023,10,16,21,0,10.700000000000001,0.027,0,0,0,0,0.23500000000000001,46.09,822,1.3,1.1
2023,10,16,22,0,10,0.026000000000000002,0,0,0,0,0.23600000000000002,47.75,822,1.3,1.1
2023,10,16,23,0,9.4,0.025,0,0,0,0,0.23600000000000002,49.22,821,1.4000000000000001,1.1
2023,10,17,0,0,8.8,0.025,0,0,0,0,0.23700000000000002,51.11,821,1.3,1.1
2023,10,17,1,0,8.3,0.024,0,0,0,0,0.23800000000000002,52.93,821,1.4000000000000001,1.1
2023,10,17,2,0,8.1,0.024,0,0,0,0,0.23900000000000002,53.870000000000005,820,1.5,1.1
2023,10,17,3,0,8.1,0.022,0,0,0,0,0.241,53.82,820,1.7000000000000002,1.1
2023,10,17,4,0,8.3,0.021,0,0,0,0,0.243,52.74,819,1.8,1
2023,10,17,5,0,8.4,0.02,0,0,0,0,0.247,51.68,819,2,1
2023,10,17,6,0,9,0.018000000000000002,0,0,0,0,0.25,49.24,819,2.4000000000000004,0.9
2023,10,17,7,0,12.9,0.017,0,28,621,114,0.254,40.65,819,3.1,0.9
2023,10,17,8,0,17.400000000000002,0.017,0,42,840,307,0.256,30.98,819,3.6,0.9
2023,10,17,9,0,21.400000000000002,0.017,0,50,932,483,0.258,22.27,819,3.3000000000000003,0.9
2023,10,17,10,0,24,0.017,0,55,978,617,0.26,17.01,819,2.9000000000000004,0.9
2023,10,17,11,0,25.400000000000002,0.013000000000000001,0,52,1004,694,0.261,14.68,818,2.8000000000000003,0.9
2023,10,17,12,0,26.200000000000003,0.014,0,54,1007,712,0.261,13.46,818,2.7,0.9
2023,10,17,13,0,26.5,0.015,0,54,995,666,0.26,12.88,817,2.7,0.9
2023,10,17,14,0,26.3,0.015,0,50,964,560,0.26,12.88,817,2.6,0.9
2023,10,17,15,0,25.3,0.017,1,47,894,403,0.258,14.120000000000001,817,2.4000000000000004,1
2023,10,17,16,0,22.3,0.019,8,84,483,198,0.257,23.25,817,1.5,1
2023,10,17,17,0,17.8,0.02,7,22,4,23,0.255,29.51,817,1.3,1
2023,10,17,18,0,16,0.019,6,0,0,0,0.255,31.59,817,1.7000000000000002,1
2023,10,17,19,0,15.4,0.017,7,0,0,0,0.256,31.18,817,2.2,1
2023,10,17,20,0,14.100000000000001,0.014,0,0,0,0,0.257,32.68,817,2.4000000000000004,0.8
2023,10,17,21,0,13.100000000000001,0.014,1,0,0,0,0.258,34.15,818,2.5,0.8
2023,10,17,22,0,12.3,0.016,0,0,0,0,0.257,35.58,818,2.4000000000000004,0.9
2023,10,17,23,0,11.5,0.019,0,0,0,0,0.258,37.54,818,2.2,0.9
2023,10,18,0,0,10.5,0.023,0,0,0,0,0.258,40.33,818,1.8,1
2023,10,18,1,0,9.700000000000001,0.024,0,0,0,0,0.258,43.15,819,1.4000000000000001,1
2023,10,18,2,0,8.700000000000001,0.024,7,0,0,0,0.259,47.02,819,1,1
2023,10,18,3,0,8,0.022,3,0,0,0,0.261,49.11,819,0.8,1
2023,10,18,4,0,7.6000000000000005,0.02,8,0,0,0,0.262,50.03,819,0.9,0.9
2023,10,18,5,0,7.2,0.019,3,0,0,0,0.263,51.21,820,1,0.9
2023,10,18,6,0,7.1000000000000005,0.018000000000000002,3,0,0,0,0.262,51.61,820,1.1,0.9
2023,10,18,7,0,9.8,0.017,1,28,609,109,0.261,46.300000000000004,821,1.6,1
2023,10,18,8,0,13.4,0.017,0,42,827,299,0.26,38.43,821,1.5,1.1
2023,10,18,9,0,16.6,0.017,0,50,921,474,0.258,31.84,821,2.1,1.1
2023,10,18,10,0,18.900000000000002,0.017,8,131,769,569,0.255,26.68,821,2.6,1.1
2023,10,18,11,0,20.700000000000003,0.012,7,147,762,631,0.252,23.22,820,2.9000000000000004,1.2000000000000002
2023,10,18,12,0,22,0.013000000000000001,6,293,329,507,0.25,21.44,820,3.1,1.2000000000000002
2023,10,18,13,0,22.700000000000003,0.013000000000000001,7,134,789,616,0.248,20.8,819,3.3000000000000003,1.3
2023,10,18,14,0,22.700000000000003,0.018000000000000002,8,150,641,485,0.247,21.29,819,3.3000000000000003,1.4000000000000001
2023,10,18,15,0,21.900000000000002,0.019,0,48,871,391,0.247,23.34,820,3,1.4000000000000001
2023,10,18,16,0,19.8,0.02,0,38,728,206,0.247,29.94,820,1.7000000000000002,1.5
2023,10,18,17,0,15.200000000000001,0.021,0,15,335,31,0.248,43.1,821,0.9,1.5
2023,10,18,18,0,13,0.022,0,0,0,0,0.249,47.54,822,0.7000000000000001,1.6
2023,10,18,19,0,12.100000000000001,0.022,8,0,0,0,0.249,49.63,822,0.6000000000000001,1.5
2023,10,18,20,0,11.700000000000001,0.021,0,0,0,0,0.249,50.370000000000005,823,1,1.5
2023,10,18,21,0,10.8,0.02,0,0,0,0,0.248,53.54,823,1.5,1.4000000000000001
2023,10,18,22,0,10.100000000000001,0.019,0,0,0,0,0.246,55.63,823,1.8,1.4000000000000001
2023,10,18,23,0,9.700000000000001,0.018000000000000002,0,0,0,0,0.245,55.94,822,2.1,1.3
2023,10,19,0,0,9.600000000000001,0.017,0,0,0,0,0.245,54.77,822,2.2,1.3
2023,10,19,1,0,9.5,0.016,0,0,0,0,0.245,53.65,822,2.2,1.2000000000000002
2023,10,19,2,0,9.3,0.016,0,0,0,0,0.244,53.47,822,2.2,1.1
2023,10,19,3,0,9,0.015,0,0,0,0,0.245,54.370000000000005,822,2.2,1.1
2023,10,19,4,0,8.700000000000001,0.014,0,0,0,0,0.245,55.620000000000005,822,2.1,1.1
2023,10,19,5,0,8.6,0.014,0,0,0,0,0.246,56.36,822,2.1,1
2023,10,19,6,0,8.6,0.014,0,0,0,0,0.246,56.980000000000004,823,2.1,1
2023,10,19,7,0,12,0.014,1,26,612,106,0.247,48.24,823,2.4000000000000004,1
2023,10,19,8,0,16.400000000000002,0.014,0,40,836,297,0.247,36.83,823,2.7,1
2023,10,19,9,0,20.200000000000003,0.014,0,47,934,473,0.248,27.67,823,1.9000000000000001,0.9
2023,10,19,10,0,22.6,0.014,0,51,980,606,0.248,21.64,823,1.8,0.9
2023,10,19,11,0,24.200000000000003,0.012,0,51,1004,683,0.247,17.96,823,1.9000000000000001,0.9
2023,10,19,12,0,25.3,0.013000000000000001,0,52,1007,700,0.246,15.610000000000001,822,2.1,0.9
2023,10,19,13,0,25.8,0.012,0,50,1001,656,0.245,14.32,822,2.2,0.8
2023,10,19,14,0,25.700000000000003,0.01,0,44,973,548,0.244,13.84,822,2.3000000000000003,0.8
2023,10,19,15,0,24.8,0.01,0,39,911,393,0.242,14.4,822,2.1,0.8
2023,10,19,16,0,21.900000000000002,0.01,0,31,778,206,0.241,23.95,822,1,0.8
2023,10,19,17,0,16.900000000000002,0.01,0,13,394,29,0.241,31.470000000000002,822,0.9,0.8
2023,10,19,18,0,15.600000000000001,0.01,0,0,0,0,0.241,30.77,822,0.5,0.8
2023,10,19,19,0,13.700000000000001,0.011,0,0,0,0,0.24,34.77,823,0.5,0.7000000000000001
2023,10,19,20,0,12.3,0.011,0,0,0,0,0.24,36.82,823,0.9,0.7000000000000001
2023,10,19,21,0,11.3,0.011,0,0,0,0,0.24,38.29,823,1.4000000000000001,0.7000000000000001
2023,10,19,22,0,10.5,0.011,0,0,0,0,0.23900000000000002,38.71,823,1.7000000000000002,0.7000000000000001
2023,10,19,23,0,9.9,0.011,0,0,0,0,0.23900000000000002,37.800000000000004,822,2.2,0.7000000000000001
2023,10,20,0,0,9.600000000000001,0.011,0,0,0,0,0.23800000000000002,35.82,822,2.4000000000000004,0.7000000000000001
2023,10,20,1,0,9.5,0.012,0,0,0,0,0.23800000000000002,33.99,822,2.5,0.7000000000000001
2023,10,20,2,0,9.600000000000001,0.012,0,0,0,0,0.23900000000000002,33.45,821,2.4000000000000004,0.7000000000000001
2023,10,20,3,0,9.600000000000001,0.012,0,0,0,0,0.241,34.18,821,2.3000000000000003,0.7000000000000001
2023,10,20,4,0,9.5,0.013000000000000001,0,0,0,0,0.243,35.12,821,2.3000000000000003,0.7000000000000001
2023,10,20,5,0,9.5,0.014,0,0,0,0,0.244,35.410000000000004,821,2.3000000000000003,0.7000000000000001
2023,10,20,6,0,9.700000000000001,0.014,0,0,0,0,0.246,34.93,821,2.3000000000000003,0.7000000000000001
2023,10,20,7,0,13.700000000000001,0.015,1,26,619,105,0.247,29.51,821,2.5,0.7000000000000001
2023,10,20,8,0,19.1,0.015,0,40,848,298,0.248,20.67,822,3,0.7000000000000001
2023,10,20,9,0,23,0.016,0,49,941,474,0.248,14.71,821,2.2,0.7000000000000001
2023,10,20,10,0,25.3,0.017,0,54,986,608,0.248,12.11,821,2.1,0.7000000000000001
2023,10,20,11,0,26.6,0.012,0,50,1014,684,0.248,10.93,821,1.8,0.7000000000000001
2023,10,20,12,0,27.400000000000002,0.013000000000000001,0,52,1017,701,0.247,10.08,820,1.6,0.7000000000000001
2023,10,20,13,0,27.8,0.014,0,52,1004,655,0.247,9.53,819,1.5,0.7000000000000001
2023,10,20,14,0,27.6,0.015,0,50,971,548,0.246,9.48,819,1.8,0.7000000000000001
2023,10,20,15,0,26.5,0.016,0,45,905,392,0.246,10.56,818,2.2,0.7000000000000001
2023,10,20,16,0,22.8,0.016,0,35,766,204,0.246,20.96,819,1.6,0.7000000000000001
2023,10,20,17,0,17.2,0.018000000000000002,0,13,346,26,0.246,30.78,819,1.5,0.8
2023,10,20,18,0,15.700000000000001,0.019,0,0,0,0,0.247,32.9,819,1.3,0.8
2023,10,20,19,0,15.5,0.019,0,0,0,0,0.248,32.26,820,1,0.8
2023,10,20,20,0,15.4,0.02,0,0,0,0,0.25,31.59,820,0.8,0.8
2023,10,20,21,0,14.700000000000001,0.02,0,0,0,0,0.251,32.24,819,0.6000000000000001,0.8
2023,10,20,22,0,13.9,0.02,0,0,0,0,0.252,33.13,819,0.9,0.8
2023,10,20,23,0,12.9,0.02,0,0,0,0,0.253,34.57,819,1.1,0.8
2023,10,21,0,0,11.8,0.02,0,0,0,0,0.254,36.7,818,1.2000000000000002,0.7000000000000001
2023,10,21,1,0,10.700000000000001,0.019,0,0,0,0,0.254,39.300000000000004,818,1.3,0.7000000000000001
2023,10,21,2,0,9.4,0.019,0,0,0,0,0.253,42.76,818,1.4000000000000001,0.6000000000000001
2023,10,21,3,0,8.4,0.018000000000000002,0,0,0,0,0.253,44.5,817,1.4000000000000001,0.6000000000000001
2023,10,21,4,0,7.9,0.017,0,0,0,0,0.253,43.79,817,1.5,0.6000000000000001
2023,10,21,5,0,7.6000000000000005,0.017,0,0,0,0,0.254,42,817,1.5,0.6000000000000001
2023,10,21,6,0,7.4,0.016,0,0,0,0,0.255,40.63,817,1.5,0.6000000000000001
2023,10,21,7,0,11.3,0.016,0,26,619,103,0.255,36.6,817,1.5,0.6000000000000001
2023,10,21,8,0,16.7,0.017,0,41,849,295,0.256,24.34,818,2.4000000000000004,0.6000000000000001
2023,10,21,9,0,20.6,0.017,0,49,945,472,0.255,17,818,1.9000000000000001,0.6000000000000001
2023,10,21,10,0,22.900000000000002,0.019,0,55,989,606,0.253,14.15,817,1.9000000000000001,0.6000000000000001
2023,10,21,11,0,24.3,0.018000000000000002,8,142,809,645,0.252,12.91,817,1.8,0.7000000000000001
2023,10,21,12,0,25.1,0.02,3,260,627,658,0.252,12.22,816,1.8,0.7000000000000001
2023,10,21,13,0,25.5,0.021,0,58,989,647,0.251,11.88,816,1.9000000000000001,0.8
2023,10,21,14,0,25.400000000000002,0.024,0,56,952,540,0.251,11.92,815,2.1,0.8
2023,10,21,15,0,24.5,0.027,0,51,879,384,0.253,12.84,815,2.3000000000000003,0.8
2023,10,21,16,0,21.5,0.031,3,99,4,100,0.254,20.990000000000002,815,1.7000000000000002,0.9
2023,10,21,17,0,16.7,0.038,7,13,1,13,0.256,29.02,815,1.6,0.9
2023,10,21,18,0,15.600000000000001,0.045,8,0,0,0,0.258,30.64,816,2,1
2023,10,21,19,0,14.8,0.05,8,0,0,0,0.258,32.5,816,2.2,1
2023,10,21,20,0,13.700000000000001,0.056,7,0,0,0,0.258,35.4,816,2.1,1.1
2023,10,21,21,0,12.8,0.062,3,0,0,0,0.256,38.31,816,1.9000000000000001,1.1
2023,10,21,22,0,12,0.065,1,0,0,0,0.256,40.63,816,1.6,1.2000000000000002
2023,10,21,23,0,11.200000000000001,0.063,8,0,0,0,0.256,41.93,815,1.3,1.2000000000000002
2023,10,22,0,0,10.200000000000001,0.061,8,0,0,0,0.257,43.44,815,1,1.1
2023,10,22,1,0,9.700000000000001,0.059000000000000004,1,0,0,0,0.258,43.94,815,1,1.1
2023,10,22,2,0,9.700000000000001,0.051000000000000004,0,0,0,0,0.258,43.31,815,1.5,1
2023,10,22,3,0,8.8,0.041,0,0,0,0,0.259,46.04,815,2,0.9
2023,10,22,4,0,7.800000000000001,0.033,0,0,0,0,0.26,48.9,815,2.2,0.9
2023,10,22,5,0,7.2,0.029,0,0,0,0,0.26,50.57,815,2.1,0.8
2023,10,22,6,0,6.9,0.027,0,0,0,0,0.261,51.24,815,2,0.8
2023,10,22,7,0,10.4,0.028,1,28,560,95,0.262,41.74,815,2.4000000000000004,0.9
2023,10,22,8,0,14.600000000000001,0.029,0,46,806,284,0.263,31.68,815,2.2,0.9
2023,10,22,9,0,18.7,0.03,0,56,907,458,0.264,23.34,815,1.7000000000000002,0.9
2023,10,22,10,0,21.1,0.031,0,62,952,588,0.265,19.400000000000002,815,1.4000000000000001,1
2023,10,22,11,0,22.6,0.029,3,268,546,605,0.266,17.02,814,1,1
2023,10,22,12,0,23.5,0.031,0,65,980,682,0.266,15.49,813,0.8,1
2023,10,22,13,0,23.8,0.032,0,64,966,635,0.265,14.74,812,1,1
2023,10,22,14,0,23.6,0.033,0,60,929,529,0.265,14.57,812,1.2000000000000002,1
2023,10,22,15,0,22.8,0.033,0,53,862,376,0.264,15.16,812,1.4000000000000001,0.9
2023,10,22,16,0,20.1,0.033,0,40,707,189,0.263,24.12,812,1.2000000000000002,0.9
2023,10,22,17,0,15.200000000000001,0.034,0,12,255,20,0.262,34.230000000000004,813,1.3,0.9
2023,10,22,18,0,14.100000000000001,0.034,0,0,0,0,0.261,34.74,814,1.3,0.9
2023,10,22,19,0,13.200000000000001,0.034,0,0,0,0,0.259,36.15,814,1.2000000000000002,0.9
2023,10,22,20,0,12.200000000000001,0.033,1,0,0,0,0.259,37.800000000000004,814,1.3,0.9
2023,10,22,21,0,12.100000000000001,0.032,0,0,0,0,0.26,36.35,814,1.3,0.9
2023,10,22,22,0,12.200000000000001,0.032,0,0,0,0,0.26,34.14,813,1.2000000000000002,0.9
2023,10,22,23,0,12.4,0.033,0,0,0,0,0.259,31.77,813,1.1,0.9
2023,10,23,0,0,11.9,0.036000000000000004,0,0,0,0,0.258,31.55,812,1,0.9
2023,10,23,1,0,11.3,0.04,0,0,0,0,0.257,31.96,812,1,0.9
2023,10,23,2,0,10.100000000000001,0.044,0,0,0,0,0.256,34.22,812,1.2000000000000002,0.9
2023,10,23,3,0,8.700000000000001,0.046,0,0,0,0,0.256,37.25,811,1.3,0.9
2023,10,23,4,0,7.800000000000001,0.045,0,0,0,0,0.255,38.53,811,1.5,0.9
2023,10,23,5,0,7.2,0.041,0,0,0,0,0.255,39.58,812,1.6,0.8
2023,10,23,6,0,7,0.037,0,0,0,0,0.254,40.27,812,1.7000000000000002,0.8
2023,10,23,7,0,10.8,0.032,1,28,548,92,0.253,34.11,812,2,0.8
2023,10,23,8,0,16,0.029,0,46,815,284,0.252,23.97,812,2.7,0.7000000000000001
2023,10,23,9,0,19.900000000000002,0.028,0,55,914,456,0.25,18.43,812,1.9000000000000001,0.8
2023,10,23,10,0,22.1,0.029,0,61,963,589,0.249,16.080000000000002,812,1.5,0.8
2023,10,23,11,0,23.5,0.026000000000000002,0,62,990,667,0.247,14.8,812,1.1,0.8
2023,10,23,12,0,24.3,0.028,0,64,988,680,0.246,14.030000000000001,811,1.4000000000000001,0.9
2023,10,23,13,0,24.6,0.031,0,64,971,633,0.245,13.59,810,1.9000000000000001,0.9
2023,10,23,14,0,24.400000000000002,0.036000000000000004,5,272,43,294,0.244,13.59,810,2.1,1
2023,10,23,15,0,23.5,0.04,5,217,65,241,0.244,14.5,810,2.2,1
2023,10,23,16,0,20.3,0.044,7,93,315,158,0.244,25.63,810,1.2000000000000002,1
2023,10,23,17,0,16.2,0.051000000000000004,3,7,0,7,0.244,32.160000000000004,810,1.2000000000000002,1.1
2023,10,23,18,0,14.600000000000001,0.053,7,0,0,0,0.244,33.71,811,1.1,1.1
2023,10,23,19,0,12.700000000000001,0.048,8,0,0,0,0.244,38.56,811,1.1,1.1
2023,10,23,20,0,11.600000000000001,0.045,5,0,0,0,0.244,40.75,812,1.7000000000000002,1.1
2023,10,23,21,0,10.8,0.042,1,0,0,0,0.244,42.02,812,2.4000000000000004,1
2023,10,23,22,0,9.8,0.04,0,0,0,0,0.243,44.7,812,2.4000000000000004,1
2023,10,23,23,0,9,0.037,0,0,0,0,0.243,46.77,812,1.7000000000000002,1
2023,10,24,0,0,8.4,0.034,0,0,0,0,0.242,47.85,812,1.3,1
2023,10,24,1,0,8.1,0.032,0,0,0,0,0.242,48.26,813,1.2000000000000002,1
2023,10,24,2,0,7.9,0.032,0,0,0,0,0.242,48.56,813,1.2000000000000002,1
2023,10,24,3,0,7.7,0.033,0,0,0,0,0.243,48.92,813,1.1,1
2023,10,24,4,0,7.4,0.034,0,0,0,0,0.243,49.7,813,1.1,1
2023,10,24,5,0,7.2,0.034,0,0,0,0,0.243,50.230000000000004,814,1.1,1
2023,10,24,6,0,7,0.035,8,0,0,0,0.243,50.6,814,1,1
2023,10,24,7,0,9.9,0.035,7,52,12,54,0.244,45,814,1.1,1
2023,10,24,8,0,14,0.036000000000000004,7,136,235,204,0.244,33.3,815,0.9,1
2023,10,24,9,0,17.400000000000002,0.037,7,201,305,334,0.244,26.02,814,0.6000000000000001,1
2023,10,24,10,0,19.400000000000002,0.039,7,191,570,501,0.244,22.8,814,0.8,1.1
2023,10,24,11,0,20.8,0.037,0,69,961,652,0.245,20.89,813,1.5,1.1
2023,10,24,12,0,21.5,0.042,7,176,713,618,0.245,20.21,813,2.2,1.2000000000000002
2023,10,24,13,0,21,0.05,7,265,181,370,0.245,21.63,813,2.5,1.4000000000000001
2023,10,24,14,0,19.3,0.082,7,243,83,284,0.244,26.34,813,2.2,1.5
2023,10,24,15,0,17.6,0.081,7,38,0,38,0.244,32.59,814,1.8,1.6
2023,10,24,16,0,16,0.067,7,19,0,19,0.243,40.07,814,1.9000000000000001,1.6
2023,10,24,17,0,13.600000000000001,0.057,7,5,0,5,0.244,48.5,814,1.9000000000000001,1.6
2023,10,24,18,0,11.9,0.051000000000000004,7,0,0,0,0.245,55.17,814,1.6,1.6
2023,10,24,19,0,10.9,0.05,3,0,0,0,0.246,59.82,815,1.1,1.6
2023,10,24,20,0,9.9,0.049,8,0,0,0,0.247,64.2,815,0.6000000000000001,1.5
2023,10,24,21,0,9,0.048,3,0,0,0,0.249,67.68,815,0.5,1.5
2023,10,24,22,0,8.5,0.048,7,0,0,0,0.251,68.45,815,0.7000000000000001,1.4000000000000001
2023,10,24,23,0,7.9,0.046,3,0,0,0,0.253,68.88,815,1,1.4000000000000001
2023,10,25,0,0,7,0.044,4,0,0,0,0.255,70.4,815,0.9,1.3
2023,10,25,1,0,6.2,0.041,1,0,0,0,0.256,71.69,815,0.8,1.2000000000000002
2023,10,25,2,0,5.5,0.038,4,0,0,0,0.257,72.67,815,0.7000000000000001,1.1
2023,10,25,3,0,5.1000000000000005,0.035,1,0,0,0,0.258,71.81,815,0.7000000000000001,1
2023,10,25,4,0,5.1000000000000005,0.032,0,0,0,0,0.258,68.74,815,0.8,0.9
2023,10,25,5,0,4.9,0.029,0,0,0,0,0.257,66.75,815,1,0.8
2023,10,25,6,0,4.9,0.025,0,0,0,0,0.257,64.38,815,1.3,0.7000000000000001
2023,10,25,7,0,8.200000000000001,0.023,0,26,564,88,0.258,52.67,815,1.8,0.6000000000000001
2023,10,25,8,0,12.100000000000001,0.021,0,43,837,280,0.259,39.62,815,2.4000000000000004,0.5
2023,10,25,9,0,15.700000000000001,0.019,0,50,943,456,0.259,27.59,814,2,0.5
2023,10,25,10,0,18.2,0.019,0,55,992,590,0.258,20.61,814,1.1,0.5
2023,10,25,11,0,20,0.017,0,56,1010,664,0.257,16.86,813,0.4,0.6000000000000001
2023,10,25,12,0,21.3,0.017,0,56,1014,679,0.255,14.92,813,0.7000000000000001,0.6000000000000001
2023,10,25,13,0,21.900000000000002,0.017,0,54,995,628,0.254,14.13,812,1.1,0.7000000000000001
2023,10,25,14,0,21.900000000000002,0.017,0,51,961,521,0.253,14.09,812,1.4000000000000001,0.7000000000000001
2023,10,25,15,0,20.900000000000002,0.018000000000000002,0,45,883,363,0.251,15.33,812,1.7000000000000002,0.8
2023,10,25,16,0,17.8,0.019,0,35,724,178,0.25,25.64,812,1.1,0.8
2023,10,25,17,0,12.9,0.02,0,0,0,0,0.249,36.11,812,1,0.9
2023,10,25,18,0,11.200000000000001,0.021,0,0,0,0,0.25,39.51,813,0.5,1
2023,10,25,19,0,9.200000000000001,0.022,0,0,0,0,0.251,46.1,813,0.6000000000000001,1
2023,10,25,20,0,8.700000000000001,0.021,0,0,0,0,0.253,44.93,813,1.3,1
2023,10,25,21,0,8.3,0.02,0,0,0,0,0.255,43.88,813,1.9000000000000001,1
2023,10,25,22,0,8.3,0.019,0,0,0,0,0.257,43.22,812,2.3000000000000003,0.9
2023,10,25,23,0,8.1,0.019,0,0,0,0,0.258,44.42,812,2.5,0.9
2023,10,26,0,0,7.9,0.02,0,0,0,0,0.259,45.77,812,2.7,0.9
2023,10,26,1,0,7.7,0.02,0,0,0,0,0.26,47.44,812,2.7,0.9
2023,10,26,2,0,7.300000000000001,0.02,0,0,0,0,0.262,50.050000000000004,811,2.5,0.9
2023,10,26,3,0,6.800000000000001,0.02,0,0,0,0,0.263,52.4,811,2.2,0.8
2023,10,26,4,0,6.4,0.02,8,0,0,0,0.265,53.550000000000004,811,1.9000000000000001,0.8
2023,10,26,5,0,5.9,0.021,7,0,0,0,0.267,54.46,811,1.7000000000000002,0.8
2023,10,26,6,0,5.2,0.022,6,0,0,0,0.269,56.56,811,1.4000000000000001,0.8
2023,10,26,7,0,6.9,0.023,6,37,3,37,0.269,51.74,811,1.6,0.8
2023,10,26,8,0,10,0.025,7,44,798,267,0.268,43.11,811,1.4000000000000001,0.9
2023,10,26,9,0,13.5,0.027,8,108,759,432,0.266,34.34,811,1.6,1
2023,10,26,10,0,15.9,0.03,3,272,360,465,0.266,29.37,811,1.5,1
2023,10,26,11,0,17.5,0.029,1,64,969,643,0.266,26.46,810,1.4000000000000001,1.1
2023,10,26,12,0,18.2,0.031,1,66,971,658,0.266,25.47,810,1.6,1.1
2023,10,26,13,0,18.2,0.03,5,73,0,73,0.266,25.810000000000002,810,1.9000000000000001,1.1
2023,10,26,14,0,17.7,0.024,5,284,165,364,0.266,27.53,810,2.2,1.1
2023,10,26,15,0,16.5,0.024,3,204,138,253,0.268,30.900000000000002,811,2.3000000000000003,1.1
2023,10,26,16,0,13.8,0.026000000000000002,3,6,0,6,0.27,39.84,812,2.1,1.1
2023,10,26,17,0,9.1,0.036000000000000004,4,0,0,0,0.273,59.2,814,2.6,1.1
2023,10,26,18,0,6.1000000000000005,0.048,4,0,0,0,0.275,71.29,816,3.1,1.1
2023,10,26,19,0,4,0.056,4,0,0,0,0.277,78.7,817,2.6,1
2023,10,26,20,0,3.2,0.06,4,0,0,0,0.279,78.35000000000001,817,1.7000000000000002,0.9
2023,10,26,21,0,2.9000000000000004,0.049,4,0,0,0,0.281,76.55,817,1.2000000000000002,0.8
2023,10,26,22,0,2.1,0.04,4,0,0,0,0.28300000000000003,77.45,817,1.1,0.7000000000000001
2023,10,26,23,0,1.4000000000000001,0.037,4,0,0,0,0.28400000000000003,77.89,817,0.9,0.6000000000000001
2023,10,27,0,0,0.8,0.036000000000000004,4,0,0,0,0.28400000000000003,78.76,817,0.9,0.6000000000000001
2023,10,27,1,0,0.4,0.037,4,0,0,0,0.28400000000000003,79.61,817,1,0.6000000000000001
2023,10,27,2,0,0,0.041,1,0,0,0,0.28300000000000003,81.08,818,1.1,0.7000000000000001
2023,10,27,3,0,-0.6000000000000001,0.046,1,0,0,0,0.28300000000000003,83.04,818,1.3,0.7000000000000001
2023,10,27,4,0,-0.9,0.05,1,0,0,0,0.28400000000000003,82.57000000000001,818,1.5,0.7000000000000001
2023,10,27,5,0,-1.1,0.054,4,0,0,0,0.28700000000000003,81.57000000000001,819,1.5,0.7000000000000001
2023,10,27,6,0,-1.2000000000000002,0.054,4,0,0,0,0.289,80.45,818,1.5,0.7000000000000001
2023,10,27,7,0,0.1,0.048,4,19,0,19,0.291,75.5,818,1.7000000000000002,0.7000000000000001
2023,10,27,8,0,3.4000000000000004,0.045,4,87,1,87,0.292,64.33,818,2,0.7000000000000001
2023,10,27,9,0,7.1000000000000005,0.045,4,127,0,127,0.292,51.07,818,2,0.7000000000000001
2023,10,27,10,0,10.4,0.041,4,173,0,173,0.292,40.17,817,1.9000000000000001,0.7000000000000001
2023,10,27,11,0,12.9,0.027,4,223,1,224,0.292,33.32,816,1.8,0.8
2023,10,27,12,0,14.600000000000001,0.027,8,290,189,405,0.292,29.57,815,1.9000000000000001,0.9
2023,10,27,13,0,15.5,0.025,5,290,30,307,0.29,28.03,815,2,0.9
2023,10,27,14,0,15.600000000000001,0.024,3,240,353,409,0.289,28.25,815,1.9000000000000001,1
2023,10,27,15,0,14.4,0.026000000000000002,1,50,846,346,0.28800000000000003,31.44,815,2.3000000000000003,1.1
2023,10,27,16,0,11.8,0.029,5,34,0,34,0.28700000000000003,39.01,815,2.6,1.1
2023,10,27,17,0,7,0.032,4,0,0,0,0.28600000000000003,56.28,816,1.6,1.2000000000000002
2023,10,27,18,0,5,0.035,0,0,0,0,0.28600000000000003,64.52,817,1.3,1.2000000000000002
2023,10,27,19,0,4.1000000000000005,0.036000000000000004,0,0,0,0,0.28500000000000003,68.39,817,1.3,1.2000000000000002
2023,10,27,20,0,3.5,0.037,0,0,0,0,0.28500000000000003,70.2,817,1.1,1.1
2023,10,27,21,0,2.8000000000000003,0.035,0,0,0,0,0.28500000000000003,72.36,817,0.6000000000000001,1.1
2023,10,27,22,0,2.6,0.035,1,0,0,0,0.28600000000000003,72.73,816,0.5,1.1
2023,10,27,23,0,2.6,0.037,7,0,0,0,0.28800000000000003,72.85000000000001,816,0.8,1.1
2023,10,28,0,0,2.8000000000000003,0.04,0,0,0,0,0.289,72.61,815,1,1.2000000000000002
2023,10,28,1,0,2.9000000000000004,0.04,0,0,0,0,0.291,73.05,814,1.1,1.2000000000000002
2023,10,28,2,0,2.4000000000000004,0.045,7,0,0,0,0.291,76.2,814,1.2000000000000002,1.3
2023,10,28,3,0,2.3000000000000003,0.058,6,0,0,0,0.29,76.87,814,1,1.4000000000000001
2023,10,28,4,0,2.1,0.057,6,0,0,0,0.292,77.87,814,1,1.4000000000000001
2023,10,28,5,0,1.5,0.057,7,0,0,0,0.296,80.09,814,1.1,1.3
2023,10,28,6,0,0.7000000000000001,0.061,7,0,0,0,0.298,82.35000000000001,815,1.3,1.2000000000000002
2023,10,28,7,0,1.2000000000000002,0.065,7,32,1,32,0.299,77.74,815,1.7000000000000002,1.2000000000000002
2023,10,28,8,0,2.4000000000000004,0.077,4,99,0,99,0.298,70.55,816,2.3000000000000003,1.1
2023,10,28,9,0,3.4000000000000004,0.083,7,136,2,137,0.296,63.61,816,2.8000000000000003,1.1
2023,10,28,10,0,3.7,0.082,7,338,177,431,0.294,60.07,816,3.1,1.1
2023,10,28,11,0,3.6,0.08,7,135,0,135,0.293,58.79,816,3.2,1.1
2023,10,28,12,0,3.4000000000000004,0.08,7,143,1,143,0.292,58.35,816,2.8000000000000003,1.1
2023,10,28,13,0,2.9000000000000004,0.078,6,44,0,44,0.294,59.51,815,2.7,1.1
2023,10,28,14,0,2.3000000000000003,0.094,8,13,0,13,0.295,61.34,815,2.6,1.1
2023,10,28,15,0,1.4000000000000001,0.099,6,120,3,121,0.298,64.2,815,2.7,1.1
2023,10,28,16,0,-0.1,0.10200000000000001,7,52,1,52,0.301,68.22,816,2.7,1.1
2023,10,28,17,0,-1.9000000000000001,0.116,8,0,0,0,0.303,70.96000000000001,817,2.5,1
2023,10,28,18,0,-3.1,0.11900000000000001,7,0,0,0,0.302,70.94,817,2.4000000000000004,1
2023,10,28,19,0,-3.8000000000000003,0.108,7,0,0,0,0.299,70.31,818,2.1,1
2023,10,28,20,0,-4.3,0.111,7,0,0,0,0.296,69.83,818,1.9000000000000001,0.9
2023,10,28,21,0,-4.7,0.11,7,0,0,0,0.293,69.57000000000001,818,1.8,0.9
2023,10,28,22,0,-5.1000000000000005,0.10400000000000001,7,0,0,0,0.29,70.13,819,1.6,0.9
2023,10,28,23,0,-5.300000000000001,0.11,7,0,0,0,0.28800000000000003,69.60000000000001,818,1.6,0.9
2023,10,29,0,0,-5.6000000000000005,0.117,5,0,0,0,0.28600000000000003,69.95,818,1.6,0.9
2023,10,29,1,0,-5.9,0.122,5,0,0,0,0.28600000000000003,70.09,818,1.6,0.9
2023,10,29,2,0,-6.300000000000001,0.145,7,0,0,0,0.28600000000000003,70.33,818,1.7000000000000002,0.8
2023,10,29,3,0,-6.6000000000000005,0.156,7,0,0,0,0.28500000000000003,70.11,819,1.7000000000000002,0.8
2023,10,29,4,0,-6.800000000000001,0.15,7,0,0,0,0.28400000000000003,69.35000000000001,819,1.5,0.7000000000000001
2023,10,29,5,0,-7,0.157,5,0,0,0,0.28500000000000003,68.84,819,1.5,0.7000000000000001
2023,10,29,6,0,-7.2,0.158,7,0,0,0,0.28600000000000003,68.74,820,1.5,0.6000000000000001
2023,10,29,7,0,-6.6000000000000005,0.14400000000000002,8,28,0,28,0.28600000000000003,67.46000000000001,820,1.5,0.6000000000000001
2023,10,29,8,0,-5,0.131,7,135,9,138,0.28600000000000003,64.83,821,2,0.6000000000000001
2023,10,29,9,0,-3.8000000000000003,0.11900000000000001,5,132,0,132,0.28600000000000003,61.19,821,2.2,0.6000000000000001
2023,10,29,10,0,-2.5,0.108,4,158,0,158,0.28400000000000003,57.82,821,2.4000000000000004,0.5
2023,10,29,11,0,-1.5,0.124,5,407,9,412,0.28200000000000003,55.77,821,2.5,0.5
2023,10,29,12,0,-0.9,0.11800000000000001,4,205,0,205,0.28300000000000003,55.29,821,2.4000000000000004,0.5
2023,10,29,13,0,-0.5,0.10400000000000001,4,138,0,138,0.28500000000000003,54.72,821,2.4000000000000004,0.5
2023,10,29,14,0,-0.4,0.091,4,83,0,83,0.28500000000000003,54.160000000000004,821,2.2,0.5
2023,10,29,15,0,-0.8,0.074,4,70,0,70,0.28300000000000003,54.910000000000004,821,1.9000000000000001,0.4
2023,10,29,16,0,-2.1,0.056,4,27,0,27,0.281,57.120000000000005,821,1.3,0.4
2023,10,29,17,0,-5.1000000000000005,0.043000000000000003,4,0,0,0,0.281,57.74,822,0.8,0.4
2023,10,29,18,0,-6.6000000000000005,0.033,4,0,0,0,0.28200000000000003,58.9,823,0.7000000000000001,0.30000000000000004
2023,10,29,19,0,-8,0.028,1,0,0,0,0.28200000000000003,61.410000000000004,823,1.1,0.30000000000000004
2023,10,29,20,0,-8.6,0.024,4,0,0,0,0.281,61.19,823,1.2000000000000002,0.30000000000000004
2023,10,29,21,0,-8.6,0.022,4,0,0,0,0.28,58.96,823,1.3,0.2
2023,10,29,22,0,-8.5,0.021,4,0,0,0,0.28,55.77,823,1.3,0.2
2023,10,29,23,0,-8.6,0.02,4,0,0,0,0.28,53.17,823,1.3,0.2
2023,10,30,0,0,-8.8,0.019,0,0,0,0,0.279,50.88,823,1.4000000000000001,0.2
2023,10,30,1,0,-9,0.017,0,0,0,0,0.278,48.01,823,1.5,0.1
2023,10,30,2,0,-9.4,0.016,0,0,0,0,0.277,45.53,822,1.5,0.1
2023,10,30,3,0,-9.8,0.015,0,0,0,0,0.277,43.03,822,1.6,0.1
2023,10,30,4,0,-10,0.014,0,0,0,0,0.277,39.69,821,1.8,0.1
2023,10,30,5,0,-10.200000000000001,0.014,0,0,0,0,0.277,36.63,821,1.9000000000000001,0.1
2023,10,30,6,0,-10.100000000000001,0.013000000000000001,4,0,0,0,0.277,33.47,821,2.1,0.1
2023,10,30,7,0,-7.6000000000000005,0.013000000000000001,8,55,108,65,0.276,30.91,821,2.5,0.1
2023,10,30,8,0,-1.6,0.013000000000000001,5,193,64,210,0.276,34.15,821,2.4000000000000004,0.1
2023,10,30,9,0,2.6,0.013000000000000001,0,54,1002,465,0.276,34.5,821,2.1,0.1
2023,10,30,10,0,4.3,0.014,4,426,103,480,0.278,32.76,820,1.9000000000000001,0.2
2023,10,30,11,0,5.300000000000001,0.015,3,470,193,582,0.28,32.71,820,2.2,0.2
2023,10,30,12,0,6,0.016,1,70,1036,683,0.281,32.85,820,2.5,0.30000000000000004
2023,10,30,13,0,6.4,0.016,1,68,1011,627,0.281,33.31,820,2.6,0.4
2023,10,30,14,0,6.4,0.018000000000000002,0,63,973,517,0.281,34.42,819,2.5,0.4
2023,10,30,15,0,5.7,0.019,7,54,886,353,0.28,38.4,820,2.1,0.5
2023,10,30,16,0,2.9000000000000004,0.02,8,87,314,142,0.279,54.370000000000005,820,1,0.5
2023,10,30,17,0,-1.2000000000000002,0.021,0,0,0,0,0.278,53.32,821,1,0.5
2023,10,30,18,0,-2.5,0.021,0,0,0,0,0.278,52.71,822,1,0.5
2023,10,30,19,0,-3.2,0.021,0,0,0,0,0.278,52.39,823,1,0.5
2023,10,30,20,0,-3.5,0.02,0,0,0,0,0.278,50.85,823,1,0.5
2023,10,30,21,0,-3.6,0.019,0,0,0,0,0.277,49.29,823,1.1,0.5
2023,10,30,22,0,-3.7,0.018000000000000002,0,0,0,0,0.275,47.97,823,1.1,0.4
2023,10,30,23,0,-3.7,0.018000000000000002,0,0,0,0,0.273,46.49,823,1.1,0.4
2023,10,31,0,0,-3.8000000000000003,0.017,0,0,0,0,0.272,45.6,823,0.9,0.4
2023,10,31,1,0,-4,0.017,0,0,0,0,0.27,45.38,823,0.7000000000000001,0.4
2023,10,31,2,0,-4.6000000000000005,0.017,0,0,0,0,0.269,46.71,823,0.6000000000000001,0.4
2023,10,31,3,0,-5.1000000000000005,0.017,0,0,0,0,0.267,47.63,823,0.7000000000000001,0.4
2023,10,31,4,0,-5.7,0.017,0,0,0,0,0.266,48.61,823,1,0.4
2023,10,31,5,0,-6,0.017,0,0,0,0,0.266,48.74,823,1.3,0.4
2023,10,31,6,0,-5.9,0.016,0,0,0,0,0.265,47.730000000000004,823,1.7000000000000002,0.5
2023,10,31,7,0,-3.5,0.015,0,23,545,70,0.265,44.82,823,2.2,0.5
2023,10,31,8,0,1.3,0.015,0,43,828,258,0.265,41.36,823,2.3000000000000003,0.5
2023,10,31,9,0,4.6000000000000005,0.014,1,53,939,434,0.264,37.96,823,1.7000000000000002,0.5
2023,10,31,10,0,6.7,0.014,3,312,343,488,0.264,34.54,823,1.7000000000000002,0.6000000000000001
2023,10,31,11,0,8.1,0.022,3,327,451,586,0.265,32.7,822,1.8,0.6000000000000001
2023,10,31,12,0,9.200000000000001,0.021,1,74,994,657,0.264,31.77,822,1.9000000000000001,0.7000000000000001
2023,10,31,13,0,9.8,0.02,0,70,981,608,0.263,32.01,821,1.9000000000000001,0.7000000000000001
2023,10,31,14,0,9.9,0.019,0,63,946,499,0.261,33.05,821,1.7000000000000002,0.7000000000000001
2023,10,31,15,0,9.4,0.018000000000000002,0,52,870,342,0.259,36.57,821,1.4000000000000001,0.7000000000000001
2023,10,31,16,0,6.800000000000001,0.016,0,35,700,155,0.257,49.46,821,0.5,0.7000000000000001
2023,10,31,17,0,3.2,0.016,0,0,0,0,0.256,48.42,821,0.8,0.7000000000000001
2023,10,31,18,0,1.1,0.015,0,0,0,0,0.255,53.02,822,1.2000000000000002,0.6000000000000001
2023,10,31,19,0,0,0.014,0,0,0,0,0.254,55.64,822,1.7000000000000002,0.6000000000000001
2023,10,31,20,0,-0.1,0.013000000000000001,0,0,0,0,0.254,54.03,821,2.3000000000000003,0.6000000000000001
2023,10,31,21,0,0,0.013000000000000001,0,0,0,0,0.254,51.550000000000004,821,2.6,0.6000000000000001
2023,10,31,22,0,0.2,0.013000000000000001,0,0,0,0,0.253,48.94,821,2.5,0.6000000000000001
2023,10,31,23,0,0.2,0.013000000000000001,0,0,0,0,0.252,47.76,821,2.5,0.6000000000000001
2023,11,1,0,0,0.30000000000000004,0.013000000000000001,0,0,0,0,0.251,46.7,821,2.4000000000000004,0.6000000000000001
2023,11,1,1,0,0.4,0.014,7,0,0,0,0.249,45.74,820,2.3000000000000003,0.5
2023,11,1,2,0,0.5,0.015,7,0,0,0,0.246,45.02,820,2.3000000000000003,0.5
2023,11,1,3,0,0.6000000000000001,0.016,6,0,0,0,0.245,44.58,820,2.3000000000000003,0.5
2023,11,1,4,0,0.7000000000000001,0.017,6,0,0,0,0.245,44.39,820,2.3000000000000003,0.5
2023,11,1,5,0,0.9,0.017,6,0,0,0,0.246,44.18,820,2.3000000000000003,0.6000000000000001
2023,11,1,6,0,1.3,0.018000000000000002,7,0,0,0,0.247,43.67,820,2.2,0.6000000000000001
2023,11,1,7,0,3.1,0.018000000000000002,6,30,2,30,0.247,42.57,820,2.2,0.6000000000000001
2023,11,1,8,0,6.5,0.017,6,35,0,35,0.248,40.730000000000004,820,2.3000000000000003,0.6000000000000001
2023,11,1,9,0,9.1,0.018000000000000002,7,172,365,318,0.248,36.2,820,2.4000000000000004,0.7000000000000001
2023,11,1,10,0,11.200000000000001,0.02,7,147,671,489,0.248,31.36,820,2.6,0.7000000000000001
2023,11,1,11,0,12.5,0.019,0,58,993,624,0.248,28.48,820,3,0.7000000000000001
2023,11,1,12,0,13,0.019,0,58,997,639,0.247,28.07,819,2.9000000000000004,0.7000000000000001
2023,11,1,13,0,13.3,0.018000000000000002,7,226,415,452,0.246,28.27,819,2.6,0.7000000000000001
2023,11,1,14,0,13.600000000000001,0.019,7,199,387,376,0.246,28.19,818,2.4000000000000004,0.7000000000000001
2023,11,1,15,0,13,0.02,7,28,0,28,0.247,32.75,818,1.6,0.7000000000000001
2023,11,1,16,0,9.9,0.022,6,17,0,17,0.248,46.1,818,0.6000000000000001,0.8
2023,11,1,17,0,7.4,0.026000000000000002,9,0,0,0,0.25,45.87,819,0.5,0.8
2023,11,1,18,0,6.9,0.028,9,0,0,0,0.253,46.5,819,0.4,0.8
2023,11,1,19,0,6.300000000000001,0.028,9,0,0,0,0.255,47.71,819,0.7000000000000001,0.8
2023,11,1,20,0,5.5,0.026000000000000002,9,0,0,0,0.256,49.410000000000004,819,1.1,0.7000000000000001
2023,11,1,21,0,4.9,0.023,9,0,0,0,0.256,49.67,819,1.5,0.7000000000000001
2023,11,1,22,0,4.1000000000000005,0.02,6,0,0,0,0.257,49.38,819,1.9000000000000001,0.7000000000000001
2023,11,1,23,0,3,0.018000000000000002,6,0,0,0,0.259,48.11,819,2.3000000000000003,0.7000000000000001
2023,11,2,0,0,2.4000000000000004,0.017,7,0,0,0,0.26,45.35,819,2.7,0.7000000000000001
2023,11,2,1,0,2.2,0.018000000000000002,0,0,0,0,0.262,42.7,819,3,0.7000000000000001
2023,11,2,2,0,2.1,0.019,0,0,0,0,0.263,41.29,818,2.9000000000000004,0.7000000000000001
2023,11,2,3,0,2,0.02,7,0,0,0,0.262,40.44,818,2.7,0.7000000000000001
2023,11,2,4,0,1.9000000000000001,0.021,0,0,0,0,0.261,39.410000000000004,818,2.6,0.7000000000000001
2023,11,2,5,0,1.9000000000000001,0.022,7,0,0,0,0.263,38.33,819,2.6,0.7000000000000001
2023,11,2,6,0,2,0.021,0,0,0,0,0.262,37.160000000000004,819,2.6,0.8
2023,11,2,7,0,3.9000000000000004,0.018000000000000002,1,21,490,60,0.259,34.5,819,2.8000000000000003,0.8
2023,11,2,8,0,8,0.015,0,38,800,239,0.255,29.830000000000002,820,3.4000000000000004,0.8
2023,11,2,9,0,11.3,0.014,0,45,915,408,0.251,26.330000000000002,820,3.4000000000000004,0.8
2023,11,2,10,0,14.200000000000001,0.014,3,267,312,424,0.248,22.080000000000002,819,3.1,0.9
2023,11,2,11,0,15.8,0.015,7,192,536,496,0.245,21.97,819,2.9000000000000004,1
2023,11,2,12,0,16.6,0.015,7,183,606,533,0.243,23.28,818,3,1.1
2023,11,2,13,0,16.900000000000002,0.015,7,271,142,347,0.243,24.66,818,3.1,1.2000000000000002
2023,11,2,14,0,16.6,0.019,7,211,254,326,0.242,26.48,818,3.2,1.3
2023,11,2,15,0,15.600000000000001,0.019,6,48,0,48,0.242,31.36,818,2.8000000000000003,1.4000000000000001
2023,11,2,16,0,12.8,0.019,7,80,153,105,0.242,40.69,818,1.8,1.4000000000000001
2023,11,2,17,0,9.8,0.02,7,0,0,0,0.243,46.35,818,1.6,1.4000000000000001
2023,11,2,18,0,8.9,0.019,7,0,0,0,0.243,47.06,819,2.1,1.4000000000000001
2023,11,2,19,0,8,0.017,6,0,0,0,0.242,47.7,819,2.5,1.4000000000000001
2023,11,2,20,0,7.4,0.016,1,0,0,0,0.243,46.92,818,2.8000000000000003,1.4000000000000001
2023,11,2,21,0,7,0.016,0,0,0,0,0.245,46.21,818,3,1.4000000000000001
2023,11,2,22,0,7,0.019,7,0,0,0,0.248,45.39,818,3.1,1.4000000000000001
2023,11,2,23,0,7.1000000000000005,0.022,7,0,0,0,0.251,44.64,818,3.1,1.4000000000000001
2023,11,3,0,0,7.2,0.026000000000000002,9,0,0,0,0.253,43.76,818,2.9000000000000004,1.3
2023,11,3,1,0,7.5,0.028,9,0,0,0,0.256,42.72,818,2.8000000000000003,1.3
2023,11,3,2,0,7.5,0.028,7,0,0,0,0.257,42.9,818,2.4000000000000004,1.4000000000000001
2023,11,3,3,0,7.300000000000001,0.028,7,0,0,0,0.259,44.07,818,2,1.4000000000000001
2023,11,3,4,0,7.2,0.029,7,0,0,0,0.261,44.95,818,1.6,1.3
2023,11,3,5,0,7.1000000000000005,0.03,7,0,0,0,0.261,45.46,819,1.4000000000000001,1.3
2023,11,3,6,0,6.7,0.029,7,0,0,0,0.261,46.82,819,1.3,1.4000000000000001
2023,11,3,7,0,7.6000000000000005,0.027,7,34,5,35,0.261,47.46,819,1.2000000000000002,1.3
2023,11,3,8,0,11,0.024,4,90,2,91,0.263,42.22,820,1.7000000000000002,1.2000000000000002
2023,11,3,9,0,13.700000000000001,0.023,5,138,1,139,0.266,37.07,820,2.9000000000000004,1.1
2023,11,3,10,0,15.5,0.024,5,77,0,77,0.268,35.160000000000004,820,3.2,1
2023,11,3,11,0,16.900000000000002,0.02,5,140,0,140,0.269,32.14,819,2.7,0.9
2023,11,3,12,0,17.900000000000002,0.022,5,342,104,402,0.269,29.3,819,2.2,1
2023,11,3,13,0,18.400000000000002,0.024,7,185,551,479,0.268,27.68,819,1.7000000000000002,1
2023,11,3,14,0,18.3,0.023,0,54,915,465,0.267,27.47,818,1.2000000000000002,1.1
2023,11,3,15,0,17.3,0.025,3,138,491,295,0.266,29.990000000000002,819,0.9,1.2000000000000002
2023,11,3,16,0,14.100000000000001,0.029,7,68,361,125,0.266,43.6,819,0.6000000000000001,1.2000000000000002
2023,11,3,17,0,11.200000000000001,0.034,7,0,0,0,0.267,48.17,820,0.6000000000000001,1.2000000000000002
2023,11,3,18,0,10.3,0.035,7,0,0,0,0.267,51.14,820,0.5,1.2000000000000002
2023,11,3,19,0,9.1,0.034,7,0,0,0,0.268,55.82,820,0.5,1.2000000000000002
2023,11,3,20,0,8.3,0.035,7,0,0,0,0.272,58.39,821,0.5,1.2000000000000002
2023,11,3,21,0,8.1,0.033,8,0,0,0,0.275,58.17,821,0.7000000000000001,1.1
2023,11,3,22,0,6.9,0.028,0,0,0,0,0.277,62.06,821,1,1.1
2023,11,3,23,0,5.9,0.025,0,0,0,0,0.279,65.74,821,1.1,1.1
2023,11,4,0,0,5.300000000000001,0.025,8,0,0,0,0.279,68.23,821,1.1,1
2023,11,4,1,0,4.7,0.024,0,0,0,0,0.279,70.51,821,1.1,1
2023,11,4,2,0,4.2,0.024,7,0,0,0,0.278,72.14,821,1.1,0.9
2023,11,4,3,0,3.8000000000000003,0.025,7,0,0,0,0.278,73.24,821,1.1,0.9
2023,11,4,4,0,4,0.025,7,0,0,0,0.277,71.34,821,1.1,0.8
2023,11,4,5,0,4.3,0.023,7,0,0,0,0.277,68.9,821,1.1,0.8
2023,11,4,6,0,4.2,0.022,0,0,0,0,0.276,68.3,821,1.1,0.7000000000000001
2023,11,4,7,0,5.4,0.02,7,36,11,36,0.275,62.940000000000005,822,0.9,0.7000000000000001
2023,11,4,8,0,9.200000000000001,0.02,7,92,524,219,0.274,48.47,822,1.4000000000000001,0.6000000000000001
2023,11,4,9,0,12.100000000000001,0.019,0,49,913,404,0.273,35.57,822,1.5,0.6000000000000001
2023,11,4,10,0,14.5,0.019,7,54,969,534,0.271,26.63,822,1.3,0.6000000000000001
2023,11,4,11,0,16.400000000000002,0.014,1,52,1001,609,0.269,21.17,822,1.2000000000000002,0.6000000000000001
2023,11,4,12,0,17.7,0.014,0,52,999,621,0.267,18.18,821,1.2000000000000002,0.7000000000000001
2023,11,4,13,0,18.5,0.014,0,51,985,573,0.264,16.64,821,1.3,0.7000000000000001
2023,11,4,14,0,18.5,0.022,0,53,929,466,0.262,16.48,820,1.2000000000000002,0.8
2023,11,4,15,0,17.7,0.023,0,46,844,314,0.259,18.240000000000002,820,1.1,0.8
2023,11,4,16,0,14.100000000000001,0.023,0,33,651,134,0.257,30.64,820,0.9,0.8
2023,11,4,17,0,10.3,0.023,0,0,0,0,0.257,34.69,820,1,0.9
2023,11,4,18,0,8.4,0.022,0,0,0,0,0.256,40.550000000000004,820,1.1,0.9
2023,11,4,19,0,7.300000000000001,0.021,0,0,0,0,0.255,43.58,820,1.3,0.9
2023,11,4,20,0,7.2,0.02,0,0,0,0,0.255,42.230000000000004,820,1.6,0.9
2023,11,4,21,0,7.2,0.02,8,0,0,0,0.256,40.88,820,2,0.8
2023,11,4,22,0,7.300000000000001,0.021,7,0,0,0,0.257,40.56,820,2.3000000000000003,0.7000000000000001
2023,11,4,23,0,7.300000000000001,0.021,6,0,0,0,0.258,41.21,819,2.4000000000000004,0.6000000000000001
2023,11,5,0,0,7.2,0.02,6,0,0,0,0.259,41.71,819,2.3000000000000003,0.5
2023,11,5,1,0,7.1000000000000005,0.021,6,0,0,0,0.259,42.11,819,2.3000000000000003,0.5
2023,11,5,2,0,7.4,0.024,6,0,0,0,0.26,42.04,818,2.2,0.6000000000000001
2023,11,5,3,0,7.6000000000000005,0.026000000000000002,7,0,0,0,0.26,42.660000000000004,818,2,0.8
2023,11,5,4,0,7.4,0.028,7,0,0,0,0.261,44.11,817,1.8,0.9
2023,11,5,5,0,7.300000000000001,0.031,7,0,0,0,0.262,44.730000000000004,817,1.6,0.9
2023,11,5,6,0,7.2,0.034,7,0,0,0,0.263,45.050000000000004,817,1.4000000000000001,1
2023,11,5,7,0,8.3,0.034,7,30,4,30,0.263,43.51,816,1.3,1
2023,11,5,8,0,11.8,0.03,7,43,757,225,0.264,36.22,816,1.8,0.8
2023,11,5,9,0,15.100000000000001,0.029,6,178,297,293,0.264,26.61,816,2.6,0.7000000000000001
2023,11,5,10,0,17.6,0.028,7,202,448,422,0.265,19.81,816,3,0.7000000000000001
2023,11,5,11,0,19.5,0.024,7,160,732,564,0.265,15.55,815,3,0.7000000000000001
2023,11,5,12,0,20.6,0.023,7,154,766,587,0.266,13.700000000000001,814,3,0.8
2023,11,5,13,0,21.200000000000003,0.021,0,56,970,567,0.265,13.64,814,2.8000000000000003,0.8
2023,11,5,14,0,21,0.019,0,51,928,459,0.265,14.9,814,2.9000000000000004,0.9
2023,11,5,15,0,19.700000000000003,0.019,0,44,844,308,0.265,21.35,814,2.7,0.9
2023,11,5,16,0,16.2,0.02,0,31,648,130,0.266,26.95,814,2,0.9
2023,11,5,17,0,11.700000000000001,0.02,0,0,0,0,0.266,33.42,815,1.5,0.9
2023,11,5,18,0,10.3,0.022,7,0,0,0,0.265,34.660000000000004,815,1.5,0.8
2023,11,5,19,0,9.5,0.024,7,0,0,0,0.265,34.4,815,1.7000000000000002,0.7000000000000001
2023,11,5,20,0,9.1,0.026000000000000002,0,0,0,0,0.265,33.47,815,1.6,0.7000000000000001
2023,11,5,21,0,8.8,0.027,8,0,0,0,0.265,32.8,815,1.4000000000000001,0.7000000000000001
2023,11,5,22,0,8.6,0.028,7,0,0,0,0.265,32.01,815,1.1,0.7000000000000001
2023,11,5,23,0,8.200000000000001,0.03,0,0,0,0,0.266,32.29,815,1,0.8
2023,11,6,0,0,7.7,0.032,0,0,0,0,0.266,33.26,815,1,0.8
2023,11,6,1,0,7,0.034,7,0,0,0,0.266,34.46,815,1.1,0.8
2023,11,6,2,0,6.300000000000001,0.034,0,0,0,0,0.264,35.81,815,1.2000000000000002,0.8
2023,11,6,3,0,5.7,0.034,3,0,0,0,0.263,37.230000000000004,815,1.2000000000000002,0.8
2023,11,6,4,0,5.7,0.034,7,0,0,0,0.263,37.38,815,1.4000000000000001,0.8
2023,11,6,5,0,5.6000000000000005,0.034,0,0,0,0,0.263,37.88,815,1.6,0.9
2023,11,6,6,0,5.4,0.032,0,0,0,0,0.262,38.480000000000004,814,1.7000000000000002,0.9
2023,11,6,7,0,6.9,0.031,1,20,403,47,0.261,36.15,814,1.7000000000000002,0.9
2023,11,6,8,0,11.5,0.03,0,42,748,219,0.26,26.79,814,2.6,0.9
2023,11,6,9,0,15.100000000000001,0.028,0,52,879,387,0.259,21.55,814,2.8000000000000003,0.9
2023,11,6,10,0,18,0.027,0,58,940,515,0.258,18.09,814,2.8000000000000003,0.9
2023,11,6,11,0,19.700000000000003,0.024,0,59,971,591,0.257,16.47,813,2.5,0.9
2023,11,6,12,0,20.6,0.026000000000000002,0,61,973,606,0.256,15.780000000000001,812,2.2,0.9
2023,11,6,13,0,20.700000000000003,0.027,7,207,435,434,0.254,15.8,812,2.2,0.9
2023,11,6,14,0,20.200000000000003,0.031,7,177,448,373,0.253,16.490000000000002,812,2.3000000000000003,0.9
2023,11,6,15,0,18.8,0.03,8,109,492,261,0.252,22.16,812,2,0.9
2023,11,6,16,0,15.3,0.028,7,80,69,91,0.251,30.89,812,0.9,0.9
2023,11,6,17,0,11.9,0.026000000000000002,7,0,0,0,0.251,34.910000000000004,812,0.7000000000000001,0.8
2023,11,6,18,0,10.700000000000001,0.024,7,0,0,0,0.25,36.15,813,0.7000000000000001,0.8
2023,11,6,19,0,9.4,0.023,0,0,0,0,0.249,38.2,813,1.1,0.8
2023,11,6,20,0,8.200000000000001,0.023,0,0,0,0,0.248,40.82,813,1.5,0.7000000000000001
2023,11,6,21,0,7.4,0.022,0,0,0,0,0.248,41.88,813,1.8,0.7000000000000001
2023,11,6,22,0,6.9,0.022,0,0,0,0,0.247,41.56,812,1.9000000000000001,0.6000000000000001
2023,11,6,23,0,6.5,0.023,0,0,0,0,0.247,40.730000000000004,812,1.9000000000000001,0.5
2023,11,7,0,0,6,0.022,0,0,0,0,0.246,40.21,812,1.9000000000000001,0.5
2023,11,7,1,0,5.7,0.019,0,0,0,0,0.246,39.71,812,1.9000000000000001,0.5
2023,11,7,2,0,5.4,0.018000000000000002,0,0,0,0,0.246,40.35,811,2,0.4
2023,11,7,3,0,5.4,0.018000000000000002,0,0,0,0,0.247,40.550000000000004,811,2,0.4
2023,11,7,4,0,5.5,0.019,0,0,0,0,0.248,40.08,811,2.1,0.4
2023,11,7,5,0,5.6000000000000005,0.02,0,0,0,0,0.248,38.92,812,2.1,0.5
2023,11,7,6,0,5.6000000000000005,0.02,0,0,0,0,0.249,38.300000000000004,812,2.1,0.5
2023,11,7,7,0,7.300000000000001,0.021,0,19,450,47,0.249,35.61,812,2,0.5
2023,11,7,8,0,12.100000000000001,0.021,0,39,792,223,0.25,28.02,812,2.5,0.5
2023,11,7,9,0,15.8,0.021,0,49,916,394,0.25,20.1,811,3,0.5
2023,11,7,10,0,18.3,0.022,0,55,964,520,0.25,14.540000000000001,811,3.4000000000000004,0.6000000000000001
2023,11,7,11,0,19.700000000000003,0.02,0,56,993,596,0.25,11.84,811,3.6,0.6000000000000001
2023,11,7,12,0,20.3,0.019,0,56,999,612,0.249,11.03,810,3.5,0.6000000000000001
2023,11,7,13,0,20.400000000000002,0.02,0,55,976,561,0.248,11.290000000000001,810,3.4000000000000004,0.7000000000000001
2023,11,7,14,0,19.900000000000002,0.019,0,51,938,456,0.247,12.6,810,2.8000000000000003,0.7000000000000001
2023,11,7,15,0,18.400000000000002,0.02,1,44,845,302,0.247,17.57,810,1.9000000000000001,0.8
2023,11,7,16,0,14.700000000000001,0.023,3,80,57,88,0.247,27.91,810,1.2000000000000002,0.9
2023,11,7,17,0,10.8,0.028,5,0,0,0,0.248,35.26,811,1.4000000000000001,0.9
2023,11,7,18,0,8.700000000000001,0.032,5,0,0,0,0.248,42.21,812,1.5,0.9
2023,11,7,19,0,6.9,0.036000000000000004,0,0,0,0,0.248,48.75,812,1.6,1
2023,11,7,20,0,5.7,0.037,0,0,0,0,0.248,53.910000000000004,812,1.5,1
2023,11,7,21,0,5,0.038,4,0,0,0,0.249,57.21,812,1.4000000000000001,1.1
2023,11,7,22,0,4.5,0.039,7,0,0,0,0.249,60.03,812,1.3,1.1
2023,11,7,23,0,4,0.037,5,0,0,0,0.249,63.04,812,1,1.1
2023,11,8,0,0,3.6,0.035,0,0,0,0,0.249,64.97,812,0.8,1.1
2023,11,8,1,0,3.5,0.033,0,0,0,0,0.249,64.65,812,0.6000000000000001,1
2023,11,8,2,0,3.4000000000000004,0.031,5,0,0,0,0.25,64.07000000000001,812,0.6000000000000001,0.9
2023,11,8,3,0,3.4000000000000004,0.029,5,0,0,0,0.251,63.28,812,0.6000000000000001,0.9
2023,11,8,4,0,3,0.029,0,0,0,0,0.252,64.7,812,0.5,0.8
2023,11,8,5,0,2.5,0.033,0,0,0,0,0.254,66.88,812,0.7000000000000001,0.8
2023,11,8,6,0,2.2,0.043000000000000003,4,0,0,0,0.256,69.36,813,0.8,0.8
2023,11,8,7,0,2.9000000000000004,0.062,4,21,0,21,0.258,70.97,814,1.4000000000000001,0.9
2023,11,8,8,0,4.7,0.105,5,7,0,7,0.259,67.31,815,2.8000000000000003,0.9
2023,11,8,9,0,5.300000000000001,0.121,4,123,1,124,0.26,63.75,816,3.7,1
2023,11,8,10,0,5.800000000000001,0.109,4,110,0,111,0.261,58.39,817,4.3,1
2023,11,8,11,0,6.2,0.095,8,210,16,218,0.261,53.85,817,4.5,0.9
2023,11,8,12,0,6,0.088,7,43,0,43,0.261,52.550000000000004,817,4.4,0.9
2023,11,8,13,0,5.7,0.082,7,91,1,91,0.26,51.1,818,4.4,0.9
2023,11,8,14,0,5.2,0.085,8,13,0,13,0.26,49.09,818,4.1000000000000005,0.8
2023,11,8,15,0,4.4,0.088,5,26,0,26,0.259,47.74,819,3.5,0.8
2023,11,8,16,0,3.2,0.084,8,15,0,15,0.258,49.49,819,2.3000000000000003,0.7000000000000001
2023,11,8,17,0,1.8,0.084,5,0,0,0,0.259,54.07,820,1.2000000000000002,0.7000000000000001
2023,11,8,18,0,1.6,0.082,7,0,0,0,0.261,51.76,820,0.6000000000000001,0.7000000000000001
2023,11,8,19,0,1.6,0.076,7,0,0,0,0.263,49.36,820,0.5,0.6000000000000001
2023,11,8,20,0,1.1,0.075,8,0,0,0,0.265,51.34,821,0.8,0.6000000000000001
2023,11,8,21,0,0.5,0.07200000000000001,7,0,0,0,0.268,54.21,821,1.1,0.6000000000000001
2023,11,8,22,0,0.30000000000000004,0.066,7,0,0,0,0.27,54.86,821,1.3,0.6000000000000001
2023,11,8,23,0,0.1,0.062,7,0,0,0,0.272,55.4,821,1.5,0.6000000000000001
2023,11,9,0,0,-0.2,0.058,7,0,0,0,0.275,56.19,821,1.5,0.6000000000000001
2023,11,9,1,0,-0.7000000000000001,0.053,4,0,0,0,0.278,57.29,820,1.4000000000000001,0.6000000000000001
2023,11,9,2,0,-1.4000000000000001,0.048,8,0,0,0,0.279,59.22,820,1.2000000000000002,0.6000000000000001
2023,11,9,3,0,-1.6,0.044,8,0,0,0,0.279,59.25,820,1.2000000000000002,0.5
2023,11,9,4,0,-1.7000000000000002,0.042,5,0,0,0,0.279,59.120000000000005,820,1.2000000000000002,0.5
2023,11,9,5,0,-1.7000000000000002,0.041,1,0,0,0,0.279,58.58,820,1.2000000000000002,0.4
2023,11,9,6,0,-2,0.04,4,0,0,0,0.279,58.53,820,1.2000000000000002,0.4
2023,11,9,7,0,-1,0.038,4,25,0,25,0.279,55.01,820,1.1,0.4
2023,11,9,8,0,3,0.036000000000000004,4,147,25,153,0.28,41.82,820,1.8,0.30000000000000004
2023,11,9,9,0,5.2,0.034,4,262,38,276,0.281,31.94,821,2.5,0.30000000000000004
2023,11,9,10,0,6.7,0.033,4,356,65,386,0.28,25.55,821,2.7,0.30000000000000004
2023,11,9,11,0,7.800000000000001,0.029,3,411,141,486,0.279,22.26,820,2.6,0.30000000000000004
2023,11,9,12,0,8.4,0.028,3,400,222,521,0.278,20.96,820,2.6,0.30000000000000004
2023,11,9,13,0,8.5,0.028,1,71,993,578,0.277,20.62,819,2.5,0.30000000000000004
2023,11,9,14,0,8.200000000000001,0.029,1,65,949,469,0.278,20.95,819,2.4000000000000004,0.30000000000000004
2023,11,9,15,0,7.4,0.029,0,54,859,310,0.279,22.3,819,2.3000000000000003,0.30000000000000004
2023,11,9,16,0,4.4,0.029,0,34,645,124,0.279,33.4,819,1.3,0.30000000000000004
2023,11,9,17,0,0.8,0.028,0,0,0,0,0.28,41.08,820,1.2000000000000002,0.30000000000000004
2023,11,9,18,0,0,0.027,0,0,0,0,0.279,41.84,820,1.2000000000000002,0.30000000000000004
2023,11,9,19,0,-0.8,0.026000000000000002,0,0,0,0,0.279,43.77,820,1.2000000000000002,0.30000000000000004
2023,11,9,20,0,-1.7000000000000002,0.026000000000000002,0,0,0,0,0.28,46.13,820,1.2000000000000002,0.30000000000000004
2023,11,9,21,0,-2.1,0.026000000000000002,0,0,0,0,0.28,46.95,820,1.3,0.30000000000000004
2023,11,9,22,0,-2.4000000000000004,0.026000000000000002,0,0,0,0,0.28,47.77,820,1.4000000000000001,0.30000000000000004
2023,11,9,23,0,-2.5,0.025,0,0,0,0,0.28,48.11,819,1.6,0.30000000000000004
2023,11,10,0,0,-2.4000000000000004,0.024,0,0,0,0,0.281,48.38,819,1.7000000000000002,0.30000000000000004
2023,11,10,1,0,-2.3000000000000003,0.022,0,0,0,0,0.28200000000000003,49.120000000000005,818,1.9000000000000001,0.30000000000000004
2023,11,10,2,0,-2.3000000000000003,0.021,0,0,0,0,0.28300000000000003,49.730000000000004,818,2,0.30000000000000004
2023,11,10,3,0,-2.4000000000000004,0.019,0,0,0,0,0.28500000000000003,49.6,818,2.3000000000000003,0.2
2023,11,10,4,0,-2.5,0.019,0,0,0,0,0.28700000000000003,48.49,818,2.4000000000000004,0.2
2023,11,10,5,0,-2.8000000000000003,0.018000000000000002,0,0,0,0,0.289,47.550000000000004,818,2.3000000000000003,0.2
2023,11,10,6,0,-3.2,0.018000000000000002,0,0,0,0,0.29,47.2,818,2.1,0.2
2023,11,10,7,0,-1.7000000000000002,0.018000000000000002,0,17,460,41,0.291,43.63,818,2.1,0.2
2023,11,10,8,0,2.5,0.018000000000000002,0,41,822,222,0.291,34.33,819,2.6,0.2
2023,11,10,9,0,6.2,0.019,0,54,946,399,0.291,24.48,819,1.7000000000000002,0.2
2023,11,10,10,0,8.8,0.019,0,62,1004,534,0.292,17.09,819,0.9,0.2
2023,11,10,11,0,10.100000000000001,0.018000000000000002,0,65,1032,614,0.292,15.25,818,1.1,0.2
2023,11,10,12,0,10.9,0.019,0,67,1035,630,0.292,14.74,818,1.2000000000000002,0.2
2023,11,10,13,0,11.3,0.019,0,64,1006,573,0.291,14.780000000000001,817,1.3,0.30000000000000004
2023,11,10,14,0,11.200000000000001,0.02,0,59,964,464,0.291,15.43,817,1.4000000000000001,0.30000000000000004
2023,11,10,15,0,10.3,0.021,0,49,875,307,0.292,18.43,816,1.3,0.30000000000000004
2023,11,10,16,0,6.6000000000000005,0.023,0,32,661,122,0.295,31.88,817,0.9,0.30000000000000004
2023,11,10,17,0,3.5,0.025,0,0,0,0,0.3,32.37,817,1,0.30000000000000004
2023,11,10,18,0,2.7,0.026000000000000002,0,0,0,0,0.302,33.78,818,0.9,0.30000000000000004
2023,11,10,19,0,1.4000000000000001,0.026000000000000002,0,0,0,0,0.302,37.82,818,0.9,0.30000000000000004
2023,11,10,20,0,0.8,0.027,7,0,0,0,0.304,39.730000000000004,818,1.1,0.30000000000000004
2023,11,10,21,0,0.5,0.028,7,0,0,0,0.307,39.89,818,1.3,0.30000000000000004
2023,11,10,22,0,-0.1,0.029,7,0,0,0,0.312,40.85,818,1.5,0.30000000000000004
2023,11,10,23,0,-0.5,0.029,7,0,0,0,0.315,41.64,818,1.6,0.30000000000000004
2023,11,11,0,0,-0.9,0.028,6,0,0,0,0.318,42.75,818,1.8,0.4
2023,11,11,1,0,-1.1,0.025,7,0,0,0,0.319,43.74,817,2,0.4
2023,11,11,2,0,-1.2000000000000002,0.022,6,0,0,0,0.32,44.51,817,2.2,0.30000000000000004
2023,11,11,3,0,-1.3,0.019,7,0,0,0,0.32,44.21,817,2.2,0.30000000000000004
2023,11,11,4,0,-1.4000000000000001,0.017,0,0,0,0,0.319,42.89,818,2.2,0.30000000000000004
2023,11,11,5,0,-1.5,0.016,0,0,0,0,0.318,40.95,818,2.1,0.30000000000000004
2023,11,11,6,0,-1.6,0.016,0,0,0,0,0.317,39.36,818,2.1,0.30000000000000004
2023,11,11,7,0,0,0.016,0,16,437,37,0.315,35.67,818,2.3000000000000003,0.30000000000000004
2023,11,11,8,0,4.4,0.017,0,40,801,213,0.314,27.67,819,3,0.30000000000000004
2023,11,11,9,0,7.9,0.018000000000000002,0,53,917,383,0.309,20.76,819,3.1,0.4
2023,11,11,10,0,10.600000000000001,0.019,0,62,975,516,0.304,16.48,819,2.8000000000000003,0.4
2023,11,11,11,0,12.3,0.017,7,156,796,576,0.301,14.89,819,2.4000000000000004,0.4
2023,11,11,12,0,13.4,0.016,0,63,1003,604,0.298,14.18,818,2.3000000000000003,0.5
2023,11,11,13,0,13.9,0.015,0,60,989,556,0.293,14.08,818,2.3000000000000003,0.5
2023,11,11,14,0,13.600000000000001,0.019,0,58,942,451,0.29,14.75,818,2.4000000000000004,0.5
2023,11,11,15,0,12.4,0.019,0,48,853,296,0.289,20.5,818,2,0.5
2023,11,11,16,0,8.9,0.018000000000000002,7,74,132,91,0.28800000000000003,27.38,818,1.1,0.5
2023,11,11,17,0,5.6000000000000005,0.017,7,0,0,0,0.28600000000000003,29.51,819,1.2000000000000002,0.5
2023,11,11,18,0,4.1000000000000005,0.016,0,0,0,0,0.28400000000000003,32.36,819,1.4000000000000001,0.5
2023,11,11,19,0,3,0.015,0,0,0,0,0.28200000000000003,34.88,820,1.8,0.5
2023,11,11,20,0,2.5,0.015,0,0,0,0,0.281,35.75,820,2.2,0.6000000000000001
2023,11,11,21,0,2.1,0.015,7,0,0,0,0.28,36.38,820,2.3000000000000003,0.6000000000000001
2023,11,11,22,0,1.9000000000000001,0.016,0,0,0,0,0.278,36.04,820,2.5,0.6000000000000001
2023,11,11,23,0,1.8,0.017,0,0,0,0,0.278,35.12,820,2.7,0.6000000000000001
2023,11,12,0,0,1.9000000000000001,0.02,0,0,0,0,0.278,33.97,821,3,0.5
2023,11,12,1,0,1.9000000000000001,0.023,0,0,0,0,0.278,33.67,821,3,0.5
2023,11,12,2,0,1.9000000000000001,0.025,0,0,0,0,0.278,33.83,821,2.9000000000000004,0.5
2023,11,12,3,0,1.8,0.025,0,0,0,0,0.278,34.11,821,2.9000000000000004,0.4
2023,11,12,4,0,1.7000000000000002,0.024,0,0,0,0,0.279,34.21,822,2.8000000000000003,0.4
2023,11,12,5,0,1.6,0.023,0,0,0,0,0.279,34.21,822,2.7,0.4
2023,11,12,6,0,1.3,0.022,0,0,0,0,0.279,34.75,822,2.5,0.4
2023,11,12,7,0,2.5,0.021,0,16,396,34,0.278,33.47,823,2.4000000000000004,0.4
2023,11,12,8,0,7.5,0.021,0,41,777,206,0.277,26.52,824,2.5,0.4
2023,11,12,9,0,11.600000000000001,0.021,0,54,911,379,0.276,18.87,824,1.4000000000000001,0.4
2023,11,12,10,0,14.4,0.021,1,62,963,507,0.275,15.56,825,1.6,0.5
2023,11,12,11,0,15.4,0.021,1,66,991,584,0.274,15.22,825,2.5,0.5
2023,11,12,12,0,16,0.021,1,67,996,600,0.274,15.09,824,2.8000000000000003,0.5
2023,11,12,13,0,16.3,0.021,0,64,980,553,0.274,15.1,824,2.8000000000000003,0.5
2023,11,12,14,0,16,0.02,0,57,940,446,0.273,15.700000000000001,824,2.8000000000000003,0.5
2023,11,12,15,0,14.700000000000001,0.019,0,47,853,292,0.272,19.69,824,2.3000000000000003,0.5
2023,11,12,16,0,9.600000000000001,0.018000000000000002,0,29,643,113,0.272,34.14,824,1.4000000000000001,0.5
2023,11,12,17,0,5.800000000000001,0.018000000000000002,0,0,0,0,0.272,39.64,824,1.6,0.5
2023,11,12,18,0,5,0.017,0,0,0,0,0.272,40.09,824,1.8,0.5
2023,11,12,19,0,4.3,0.017,0,0,0,0,0.272,39.75,825,1.8,0.5
2023,11,12,20,0,3.8000000000000003,0.017,0,0,0,0,0.272,38.17,825,2,0.4
2023,11,12,21,0,3.6,0.017,0,0,0,0,0.271,35.99,825,2.1,0.4
2023,11,12,22,0,3.4000000000000004,0.017,0,0,0,0,0.271,34.45,825,2.2,0.4
2023,11,12,23,0,3.3000000000000003,0.017,0,0,0,0,0.27,33.21,825,2.3000000000000003,0.4
2023,11,13,0,0,3.4000000000000004,0.016,0,0,0,0,0.269,32,824,2.5,0.4
2023,11,13,1,0,3.5,0.015,0,0,0,0,0.269,31.490000000000002,824,2.8000000000000003,0.4
2023,11,13,2,0,3.4000000000000004,0.015,0,0,0,0,0.269,32.47,824,2.9000000000000004,0.4
2023,11,13,3,0,3.2,0.015,0,0,0,0,0.27,33.53,823,3.1,0.4
2023,11,13,4,0,3,0.015,0,0,0,0,0.271,34.19,823,3.2,0.4
2023,11,13,5,0,2.9000000000000004,0.015,0,0,0,0,0.273,33.68,823,3.1,0.4
2023,11,13,6,0,2.7,0.016,0,0,0,0,0.276,33.27,823,2.9000000000000004,0.4
2023,11,13,7,0,3.8000000000000003,0.017,0,15,398,31,0.278,30.87,823,3,0.4
2023,11,13,8,0,7.800000000000001,0.017,0,38,782,202,0.279,24.650000000000002,823,3.3000000000000003,0.4
2023,11,13,9,0,11.5,0.017,0,51,916,373,0.279,20.23,823,2.6,0.4
2023,11,13,10,0,15.100000000000001,0.017,7,58,977,506,0.279,15.33,823,2.4000000000000004,0.4
2023,11,13,11,0,17.2,0.014,8,166,745,553,0.279,12.91,822,1.7000000000000002,0.4
2023,11,13,12,0,18.400000000000002,0.014,3,291,467,539,0.28,11.81,822,1.1,0.4
2023,11,13,13,0,18.8,0.014,8,175,673,508,0.281,11.48,821,1.1,0.4
2023,11,13,14,0,18.5,0.016,0,54,954,445,0.281,11.91,820,1,0.4
2023,11,13,15,0,16.7,0.016,0,44,866,291,0.28200000000000003,19.47,820,0.7000000000000001,0.4
2023,11,13,16,0,12.4,0.017,0,28,650,111,0.28200000000000003,28.080000000000002,820,0.9,0.4
2023,11,13,17,0,8.9,0.017,0,0,0,0,0.281,30.16,820,1.2000000000000002,0.4
2023,11,13,18,0,6.6000000000000005,0.018000000000000002,8,0,0,0,0.278,35.06,820,1.7000000000000002,0.4
2023,11,13,19,0,5.6000000000000005,0.019,0,0,0,0,0.276,35.2,820,1.9000000000000001,0.4
2023,11,13,20,0,5.300000000000001,0.02,8,0,0,0,0.274,33.46,820,2.1,0.4
2023,11,13,21,0,5.2,0.02,7,0,0,0,0.273,31.78,819,2.2,0.4
2023,11,13,22,0,5.2,0.02,6,0,0,0,0.272,30.28,819,2.3000000000000003,0.30000000000000004
2023,11,13,23,0,5.1000000000000005,0.021,7,0,0,0,0.272,29.34,819,2.5,0.30000000000000004
2023,11,14,0,0,5,0.021,7,0,0,0,0.273,28.41,819,2.6,0.30000000000000004
2023,11,14,1,0,4.9,0.021,6,0,0,0,0.275,28.96,819,2.7,0.30000000000000004
2023,11,14,2,0,5,0.022,6,0,0,0,0.277,31.84,819,2.6,0.30000000000000004
2023,11,14,3,0,5.300000000000001,0.023,7,0,0,0,0.278,34.44,819,2.6,0.4
2023,11,14,4,0,5.6000000000000005,0.023,6,0,0,0,0.28,36.07,819,2.6,0.4
2023,11,14,5,0,5.800000000000001,0.023,6,0,0,0,0.281,36.34,819,2.5,0.4
2023,11,14,6,0,5.7,0.023,6,0,0,0,0.281,36.86,819,2.4000000000000004,0.4
2023,11,14,7,0,6.1000000000000005,0.022,7,15,1,15,0.281,36.53,819,2.4000000000000004,0.4
2023,11,14,8,0,8.700000000000001,0.022,0,38,755,193,0.281,32.76,819,2.5,0.5
2023,11,14,9,0,12.3,0.02,7,47,899,360,0.281,25.810000000000002,819,3.1,0.5
2023,11,14,10,0,15.4,0.017,1,50,966,489,0.28,21.06,819,3.2,0.5
2023,11,14,11,0,17.400000000000002,0.014,1,50,998,564,0.279,18.29,819,2.6,0.5
2023,11,14,12,0,18.400000000000002,0.014,0,50,1003,580,0.278,16.81,819,1.9000000000000001,0.5
2023,11,14,13,0,18.8,0.014,0,48,980,530,0.276,16.1,818,1.4000000000000001,0.6000000000000001
2023,11,14,14,0,18.5,0.012,0,43,942,426,0.275,16.37,818,1.1,0.6000000000000001
2023,11,14,15,0,16.900000000000002,0.012,0,36,863,279,0.275,22.87,818,0.8,0.5
2023,11,14,16,0,12.4,0.014,0,25,643,105,0.276,34.78,819,0.4,0.5
2023,11,14,17,0,9,0.015,0,0,0,0,0.277,36.88,819,0.30000000000000004,0.5
2023,11,14,18,0,7.800000000000001,0.016,0,0,0,0,0.278,39.17,820,0.30000000000000004,0.5
2023,11,14,19,0,7.1000000000000005,0.016,0,0,0,0,0.276,40.01,820,0.9,0.5
2023,11,14,20,0,6,0.017,0,0,0,0,0.275,42.86,820,1.6,0.5
2023,11,14,21,0,5.2,0.017,0,0,0,0,0.273,44.74,820,2,0.4
2023,11,14,22,0,4.9,0.016,1,0,0,0,0.271,45,820,2.1,0.4
2023,11,14,23,0,4.5,0.017,7,0,0,0,0.268,45.87,820,1.9000000000000001,0.4
2023,11,15,0,0,4.1000000000000005,0.017,7,0,0,0,0.265,46.85,820,1.7000000000000002,0.4
2023,11,15,1,0,3.8000000000000003,0.018000000000000002,7,0,0,0,0.263,47.52,821,1.7000000000000002,0.4
2023,11,15,2,0,3.5,0.019,7,0,0,0,0.261,48.21,821,1.7000000000000002,0.4
2023,11,15,3,0,3.4000000000000004,0.02,7,0,0,0,0.261,48.230000000000004,821,1.6,0.4
2023,11,15,4,0,3.4000000000000004,0.021,7,0,0,0,0.262,47.94,821,1.6,0.4
2023,11,15,5,0,3.4000000000000004,0.022,7,0,0,0,0.266,47.61,821,1.5,0.4
2023,11,15,6,0,3.3000000000000003,0.021,7,0,0,0,0.269,47.34,821,1.5,0.5
2023,11,15,7,0,4.2,0.021,7,15,2,15,0.271,45.71,821,1.4000000000000001,0.5
2023,11,15,8,0,9.200000000000001,0.021,7,37,744,187,0.271,37.36,822,1.8,0.6000000000000001
2023,11,15,9,0,13.100000000000001,0.023,7,48,883,352,0.271,25.82,822,2.2,0.6000000000000001
2023,11,15,10,0,15.600000000000001,0.026000000000000002,7,168,520,402,0.271,19.85,822,2.1,0.6000000000000001
2023,11,15,11,0,16.5,0.023,7,247,38,266,0.268,18.150000000000002,821,2.1,0.7000000000000001
2023,11,15,12,0,16.8,0.023,7,206,470,452,0.265,17.81,819,2.2,0.8
2023,11,15,13,0,17,0.019,0,53,960,521,0.263,17.91,819,2.2,0.8
2023,11,15,14,0,17.3,0.016,0,47,928,421,0.262,18.22,818,2,0.7000000000000001
2023,11,15,15,0,16.2,0.015,8,123,350,221,0.261,23.82,818,1.3,0.7000000000000001
2023,11,15,16,0,11.8,0.015,1,26,618,101,0.261,35.050000000000004,817,0.9,0.7000000000000001
2023,11,15,17,0,8.6,0.015,0,0,0,0,0.26,37.35,818,0.8,0.6000000000000001
2023,11,15,18,0,7.1000000000000005,0.016,7,0,0,0,0.261,40.6,818,1,0.6000000000000001
2023,11,15,19,0,6.800000000000001,0.018000000000000002,7,0,0,0,0.264,39.96,817,1.6,0.6000000000000001
2023,11,15,20,0,6.9,0.019,7,0,0,0,0.267,39.57,817,2,0.6000000000000001
2023,11,15,21,0,6.9,0.019,7,0,0,0,0.267,40.980000000000004,816,2.4000000000000004,0.6000000000000001
2023,11,15,22,0,6.4,0.017,7,0,0,0,0.266,44.45,816,2.6,0.6000000000000001
2023,11,15,23,0,6.4,0.017,7,0,0,0,0.267,46.12,815,2.8000000000000003,0.5
2023,11,16,0,0,6.7,0.017,7,0,0,0,0.267,45.58,815,3,0.5
2023,11,16,1,0,7.1000000000000005,0.018000000000000002,6,0,0,0,0.268,44.83,814,3,0.6000000000000001
2023,11,16,2,0,7.5,0.02,6,0,0,0,0.271,45.87,814,3,0.7000000000000001
2023,11,16,3,0,8.1,0.022,9,0,0,0,0.275,46.68,813,3,0.9
2023,11,16,4,0,8.4,0.023,6,0,0,0,0.28,48.29,813,2.8000000000000003,1.1
2023,11,16,5,0,8.4,0.022,6,0,0,0,0.28500000000000003,49.67,813,2.6,1.3
2023,11,16,6,0,8.200000000000001,0.021,6,0,0,0,0.29,51.9,813,2.5,1.4000000000000001
2023,11,16,7,0,8.3,0.019,6,7,0,7,0.294,54.21,813,2.5,1.4000000000000001
2023,11,16,8,0,10.700000000000001,0.019,7,90,248,140,0.298,51.06,813,2.8000000000000003,1.4000000000000001
2023,11,16,9,0,13.5,0.018000000000000002,7,162,240,244,0.3,46.81,813,3.3000000000000003,1.3
2023,11,16,10,0,16,0.018000000000000002,3,237,276,360,0.299,39.37,813,4,1.2000000000000002
2023,11,16,11,0,17.400000000000002,0.016,3,278,269,415,0.296,33.93,813,4.3,1.1
2023,11,16,12,0,18,0.016,1,52,969,556,0.292,31.12,812,4.2,1
2023,11,16,13,0,18.2,0.015,0,49,954,511,0.28800000000000003,30.11,812,3.9000000000000004,1
2023,11,16,14,0,17.5,0.024,0,52,896,411,0.28500000000000003,31.400000000000002,812,3.8000000000000003,1
2023,11,16,15,0,15.9,0.026000000000000002,0,45,795,264,0.28400000000000003,36.63,813,3.2,1
2023,11,16,16,0,12.3,0.027,0,29,562,96,0.28200000000000003,49.120000000000005,814,1.9000000000000001,0.9
2023,11,16,17,0,9.1,0.028,0,0,0,0,0.28200000000000003,60.24,815,1.3,0.9
2023,11,16,18,0,7.9,0.027,0,0,0,0,0.28,65.83,815,1,0.9
2023,11,16,19,0,6.800000000000001,0.025,0,0,0,0,0.279,70.87,816,0.7000000000000001,0.8
2023,11,16,20,0,6,0.025,0,0,0,0,0.279,73.86,816,0.30000000000000004,0.8
2023,11,16,21,0,5.300000000000001,0.024,0,0,0,0,0.28,76.29,817,0.8,0.8
2023,11,16,22,0,4.5,0.024,0,0,0,0,0.281,79.28,817,1.1,0.8
2023,11,16,23,0,3.9000000000000004,0.024,0,0,0,0,0.281,81.33,817,1.3,0.8
2023,11,17,0,0,3.6,0.023,0,0,0,0,0.28,81.4,817,1.4000000000000001,0.8
2023,11,17,1,0,3.4000000000000004,0.022,0,0,0,0,0.28,80.22,817,1.5,0.7000000000000001
2023,11,17,2,0,3.1,0.02,0,0,0,0,0.28,78.53,817,1.5,0.7000000000000001
2023,11,17,3,0,2.9000000000000004,0.019,0,0,0,0,0.28,75.71000000000001,816,1.5,0.6000000000000001
2023,11,17,4,0,2.7,0.018000000000000002,0,0,0,0,0.281,73.54,817,1.5,0.6000000000000001
2023,11,17,5,0,2.4000000000000004,0.018000000000000002,0,0,0,0,0.281,72.53,817,1.4000000000000001,0.5
2023,11,17,6,0,2,0.018000000000000002,0,0,0,0,0.281,72.86,817,1.4000000000000001,0.5
2023,11,17,7,0,2.8000000000000003,0.017,0,12,330,21,0.281,69.33,818,1.4000000000000001,0.5
2023,11,17,8,0,6.800000000000001,0.017,0,34,753,181,0.281,57.14,818,2,0.5
2023,11,17,9,0,10.4,0.016,0,44,899,346,0.279,43.06,819,2.1,0.5
2023,11,17,10,0,13.5,0.016,0,49,963,475,0.277,28.93,819,2,0.5
2023,11,17,11,0,15.3,0.015,0,50,993,551,0.276,22.32,819,1.7000000000000002,0.5
2023,11,17,12,0,16.1,0.015,0,51,999,567,0.274,20.09,818,1.9000000000000001,0.5
2023,11,17,13,0,16.5,0.016,0,50,982,522,0.274,19.36,818,2,0.5
2023,11,17,14,0,16.1,0.018000000000000002,0,48,928,416,0.274,20.01,818,2,0.6000000000000001
2023,11,17,15,0,14.8,0.02,0,42,830,268,0.274,23.5,818,1.7000000000000002,0.6000000000000001
2023,11,17,16,0,10.100000000000001,0.021,0,27,595,96,0.275,40.08,818,1,0.6000000000000001
2023,11,17,17,0,7.800000000000001,0.022,0,0,0,0,0.275,41.06,819,1.1,0.7000000000000001
2023,11,17,18,0,7.2,0.022,0,0,0,0,0.274,42.97,819,0.8,0.7000000000000001
2023,11,17,19,0,5.800000000000001,0.021,0,0,0,0,0.273,47.44,819,0.9,0.7000000000000001
2023,11,17,20,0,4.9,0.02,0,0,0,0,0.272,50.550000000000004,819,1,0.7000000000000001
2023,11,17,21,0,4.3,0.019,0,0,0,0,0.273,53.050000000000004,819,1.2000000000000002,0.6000000000000001
2023,11,17,22,0,4.1000000000000005,0.018000000000000002,0,0,0,0,0.273,54.56,818,1.3,0.6000000000000001
2023,11,17,23,0,3.8000000000000003,0.016,0,0,0,0,0.274,56.89,818,1.5,0.5
2023,11,18,0,0,3.3000000000000003,0.015,0,0,0,0,0.275,59.18,818,1.7000000000000002,0.5
2023,11,18,1,0,3.1,0.014,0,0,0,0,0.276,58.17,818,1.9000000000000001,0.5
2023,11,18,2,0,2.7,0.013000000000000001,0,0,0,0,0.276,57.02,818,2,0.4
2023,11,18,3,0,2.3000000000000003,0.012,0,0,0,0,0.277,56.83,817,1.8,0.4
2023,11,18,4,0,1.9000000000000001,0.012,0,0,0,0,0.278,58.07,817,1.7000000000000002,0.4
2023,11,18,5,0,1.5,0.012,0,0,0,0,0.277,60.36,817,1.5,0.4
2023,11,18,6,0,1.3,0.012,0,0,0,0,0.277,62.620000000000005,817,1.5,0.5
2023,11,18,7,0,2.3000000000000003,0.012,0,11,341,19,0.276,60.75,817,1.4000000000000001,0.5
2023,11,18,8,0,7.4,0.012,0,31,763,176,0.275,46.46,817,2.1,0.5
2023,11,18,9,0,11.100000000000001,0.012,0,40,905,341,0.274,35.09,817,2.1,0.5
2023,11,18,10,0,13.8,0.013000000000000001,0,46,968,470,0.272,26.48,816,1.4000000000000001,0.5
2023,11,18,11,0,15.200000000000001,0.014,7,170,613,477,0.271,22.29,815,0.9,0.5
2023,11,18,12,0,16,0.014,7,195,492,447,0.27,20.29,814,1.1,0.6000000000000001
2023,11,18,13,0,16.1,0.016,7,250,214,352,0.269,19.93,812,2.1,0.6000000000000001
2023,11,18,14,0,15.200000000000001,0.026000000000000002,7,162,445,337,0.268,21.68,812,2,0.8
2023,11,18,15,0,12.600000000000001,0.032,7,112,370,212,0.27,33.230000000000004,813,1.2000000000000002,0.9
2023,11,18,16,0,9.700000000000001,0.035,7,29,1,29,0.272,43.11,812,0.9,0.9
2023,11,18,17,0,8.1,0.042,7,0,0,0,0.276,45.54,812,0.7000000000000001,0.9
2023,11,18,18,0,7.4,0.048,8,0,0,0,0.279,48.29,813,0.4,1
2023,11,18,19,0,6.5,0.048,1,0,0,0,0.28200000000000003,53.18,813,1,1
2023,11,18,20,0,5.6000000000000005,0.048,7,0,0,0,0.28400000000000003,58.36,813,1.2000000000000002,1
2023,11,18,21,0,5.2,0.043000000000000003,7,0,0,0,0.28600000000000003,61.230000000000004,812,1.3,1
2023,11,18,22,0,4.7,0.036000000000000004,7,0,0,0,0.28700000000000003,64.67,812,1.3,1
2023,11,18,23,0,3.9000000000000004,0.031,7,0,0,0,0.28700000000000003,68.43,812,1.4000000000000001,0.9
2023,11,19,0,0,3.1,0.027,7,0,0,0,0.28700000000000003,71.82000000000001,811,1.4000000000000001,0.9
2023,11,19,1,0,2.7,0.024,1,0,0,0,0.28700000000000003,73,811,1.4000000000000001,0.8
2023,11,19,2,0,2.6,0.022,0,0,0,0,0.28800000000000003,72.22,811,1.4000000000000001,0.8
2023,11,19,3,0,2.4000000000000004,0.02,4,0,0,0,0.29,71.61,811,1.3,0.8
2023,11,19,4,0,2.1,0.019,0,0,0,0,0.292,71.78,811,1.3,0.8
2023,11,19,5,0,1.9000000000000001,0.019,0,0,0,0,0.294,71.59,810,1.2000000000000002,0.8
2023,11,19,6,0,1.8,0.02,7,0,0,0,0.297,71.09,810,1.1,0.8
2023,11,19,7,0,2.4000000000000004,0.021,6,5,0,5,0.298,69.39,810,1.1,0.8
2023,11,19,8,0,5.7,0.023,7,96,116,118,0.299,60.63,810,1.4000000000000001,0.8
2023,11,19,9,0,8.1,0.024,6,169,188,230,0.298,50.4,810,1.8,0.8
2023,11,19,10,0,10.100000000000001,0.024,9,171,16,178,0.297,40.53,809,1.8,0.8
2023,11,19,11,0,11.4,0.021,9,197,16,205,0.297,33.93,808,1.6,0.9
2023,11,19,12,0,11.8,0.022,6,224,24,236,0.297,31.76,808,1.4000000000000001,0.9
2023,11,19,13,0,11.700000000000001,0.023,6,235,55,261,0.296,31.5,807,1.3,0.9
2023,11,19,14,0,11.100000000000001,0.027,7,174,336,305,0.294,33.02,807,1.5,0.9
2023,11,19,15,0,10.100000000000001,0.031,7,113,376,213,0.293,38.43,807,1.3,0.9
2023,11,19,16,0,7.800000000000001,0.034,8,53,13,54,0.292,49.660000000000004,808,0.8,1
2023,11,19,17,0,6.1000000000000005,0.042,8,0,0,0,0.292,54.14,808,1,1
2023,11,19,18,0,5.5,0.048,4,0,0,0,0.292,57.27,809,1.1,1
2023,11,19,19,0,5,0.047,4,0,0,0,0.293,59.99,809,1.4000000000000001,1
2023,11,19,20,0,4.4,0.05,5,0,0,0,0.294,62.57,810,1.5,1
2023,11,19,21,0,3.7,0.045,4,0,0,0,0.295,64.61,810,1.5,0.9
2023,11,19,22,0,3,0.037,4,0,0,0,0.296,65.89,811,1.5,0.9
2023,11,19,23,0,2.6,0.033,5,0,0,0,0.296,65.55,811,2,0.9
2023,11,20,0,0,2.3000000000000003,0.033,4,0,0,0,0.295,65.67,811,2.4000000000000004,0.9
2023,11,20,1,0,2.4000000000000004,0.034,4,0,0,0,0.294,66.47,812,2.6,0.9
2023,11,20,2,0,2.3000000000000003,0.039,5,0,0,0,0.293,68.33,812,2.7,0.9
2023,11,20,3,0,2.3000000000000003,0.041,4,0,0,0,0.293,69.61,813,2.8000000000000003,0.9
2023,11,20,4,0,2.3000000000000003,0.041,4,0,0,0,0.292,70.68,814,3,0.9
2023,11,20,5,0,2.7,0.048,4,0,0,0,0.292,71.36,815,3.6,0.9
2023,11,20,6,0,2.7,0.054,4,0,0,0,0.292,74.95,816,4.3,1
2023,11,20,7,0,2.7,0.054,4,3,0,3,0.291,77.23,817,5,1
2023,11,20,8,0,3.2,0.055,5,9,0,9,0.291,72.94,818,6.1000000000000005,0.9
2023,11,20,9,0,4,0.05,7,200,134,243,0.29,65.05,819,6.7,0.9
2023,11,20,10,0,4.9,0.047,8,218,16,224,0.29,58.69,820,6.9,0.9
2023,11,20,11,0,5.6000000000000005,0.048,7,264,22,275,0.289,54.050000000000004,820,6.9,0.9
2023,11,20,12,0,6.2,0.042,8,298,30,313,0.28800000000000003,49.64,820,6.800000000000001,0.9
2023,11,20,13,0,6.7,0.034,5,178,0,178,0.28800000000000003,45.34,821,6.6000000000000005,0.9
2023,11,20,14,0,6.800000000000001,0.031,5,97,0,97,0.28800000000000003,42.72,821,6.2,0.8
2023,11,20,15,0,6.300000000000001,0.028,5,150,217,208,0.289,42.53,822,5.5,0.8
2023,11,20,16,0,4.6000000000000005,0.027,5,49,1,49,0.29,46.63,823,3.8000000000000003,0.7000000000000001
2023,11,20,17,0,2,0.028,4,0,0,0,0.291,54.27,823,2.5,0.7000000000000001
2023,11,20,18,0,1.4000000000000001,0.029,4,0,0,0,0.293,56.01,824,2.6,0.7000000000000001
2023,11,20,19,0,0.9,0.03,4,0,0,0,0.294,57.660000000000004,825,2.6,0.7000000000000001
2023,11,20,20,0,0.2,0.03,4,0,0,0,0.294,60.34,826,2.4000000000000004,0.7000000000000001
2023,11,20,21,0,-0.30000000000000004,0.029,4,0,0,0,0.293,62.17,826,2.3000000000000003,0.7000000000000001
2023,11,20,22,0,-1,0.029,4,0,0,0,0.293,64.91,827,2.1,0.7000000000000001
2023,11,20,23,0,-1.4000000000000001,0.029,4,0,0,0,0.293,66.1,827,1.8,0.7000000000000001
2023,11,21,0,0,-1.9000000000000001,0.028,4,0,0,0,0.292,67.46000000000001,827,1.5,0.7000000000000001
2023,11,21,1,0,-2.3000000000000003,0.025,0,0,0,0,0.291,67.94,827,1.2000000000000002,0.7000000000000001
2023,11,21,2,0,-2.5,0.023,0,0,0,0,0.292,67.31,826,1,0.6000000000000001
2023,11,21,3,0,-2.4000000000000004,0.02,0,0,0,0,0.29,65.66,826,0.9,0.6000000000000001
2023,11,21,4,0,-2.4000000000000004,0.017,0,0,0,0,0.28800000000000003,64.65,826,0.8,0.5
2023,11,21,5,0,-2.4000000000000004,0.015,0,0,0,0,0.28500000000000003,63.730000000000004,826,1,0.5
2023,11,21,6,0,-2.6,0.013000000000000001,0,0,0,0,0.28300000000000003,63.45,826,1.4000000000000001,0.5
2023,11,21,7,0,-1.9000000000000001,0.011,0,0,0,0,0.281,60.22,827,1.9000000000000001,0.5
2023,11,21,8,0,1.9000000000000001,0.01,0,31,751,166,0.279,48.67,827,2.5,0.5
2023,11,21,9,0,5.5,0.01,8,42,899,332,0.28,37.4,827,1.9000000000000001,0.5
2023,11,21,10,0,8.3,0.01,1,49,965,462,0.28200000000000003,29.13,827,1.8,0.5
2023,11,21,11,0,9.9,0.01,1,53,994,539,0.28200000000000003,25.240000000000002,827,2.1,0.5
2023,11,21,12,0,11,0.01,0,53,993,553,0.28,23.35,826,2.3000000000000003,0.6000000000000001
2023,11,21,13,0,11.600000000000001,0.01,0,52,977,509,0.277,22.56,826,2.4000000000000004,0.6000000000000001
2023,11,21,14,0,11.600000000000001,0.01,0,47,934,407,0.276,23.1,825,2.4000000000000004,0.6000000000000001
2023,11,21,15,0,10.5,0.01,0,38,841,258,0.278,30.05,825,1.4000000000000001,0.6000000000000001
2023,11,21,16,0,7.4,0.011,0,24,605,89,0.28,37.32,825,0.7000000000000001,0.6000000000000001
2023,11,21,17,0,5.800000000000001,0.012,0,0,0,0,0.28300000000000003,34.67,825,0.7000000000000001,0.6000000000000001
2023,11,21,18,0,3.8000000000000003,0.012,0,0,0,0,0.28200000000000003,40.84,825,1.1,0.6000000000000001
2023,11,21,19,0,2.3000000000000003,0.013000000000000001,0,0,0,0,0.28,46.37,825,1.4000000000000001,0.6000000000000001
2023,11,21,20,0,1.6,0.013000000000000001,0,0,0,0,0.278,49.74,825,1.6,0.6000000000000001
2023,11,21,21,0,1.4000000000000001,0.014,0,0,0,0,0.277,50.410000000000004,825,1.8,0.6000000000000001
2023,11,21,22,0,1.4000000000000001,0.014,0,0,0,0,0.276,49.480000000000004,825,2,0.6000000000000001
2023,11,21,23,0,1.5,0.014,0,0,0,0,0.274,47.660000000000004,824,2.1,0.5
2023,11,22,0,0,1.8,0.014,0,0,0,0,0.272,45.06,823,2.3000000000000003,0.5
2023,11,22,1,0,2,0.016,0,0,0,0,0.27,42.9,823,2.2,0.5
2023,11,22,2,0,2.2,0.017,0,0,0,0,0.269,41.14,822,2.1,0.5
2023,11,22,3,0,2.4000000000000004,0.019,0,0,0,0,0.269,40.11,822,2,0.5
2023,11,22,4,0,2.7,0.019,8,0,0,0,0.27,38.800000000000004,821,2,0.5
2023,11,22,5,0,2.7,0.019,7,0,0,0,0.271,38.02,821,2,0.5
2023,11,22,6,0,2.8000000000000003,0.018000000000000002,0,0,0,0,0.272,36.87,820,2.1,0.5
2023,11,22,7,0,3.6,0.016,8,0,0,0,0.274,35.79,820,2.2,0.5
2023,11,22,8,0,8.3,0.014,0,31,737,161,0.275,32.09,820,2.5,0.5
2023,11,22,9,0,12,0.012,0,39,895,324,0.275,26.68,820,3.2,0.5
2023,11,22,10,0,14.8,0.012,0,44,963,452,0.274,23.03,820,2.9000000000000004,0.5
2023,11,22,11,0,17.1,0.011,0,45,994,528,0.273,18.12,819,2.4000000000000004,0.5
2023,11,22,12,0,18.1,0.012,8,133,746,506,0.271,16.36,818,2,0.5
2023,11,22,13,0,18.2,0.012,0,45,984,502,0.269,16.11,817,1.7000000000000002,0.5
2023,11,22,14,0,17.6,0.013000000000000001,0,43,938,402,0.269,17.29,817,1.4000000000000001,0.5
2023,11,22,15,0,15.200000000000001,0.013000000000000001,1,36,835,254,0.27,28.91,816,0.8,0.6000000000000001
2023,11,22,16,0,10.4,0.014,7,53,23,56,0.27,37.09,816,0.7000000000000001,0.6000000000000001
2023,11,22,17,0,7.300000000000001,0.015,8,0,0,0,0.271,40.58,816,0.7000000000000001,0.6000000000000001
2023,11,22,18,0,6.1000000000000005,0.016,0,0,0,0,0.271,43.26,816,0.9,0.6000000000000001
2023,11,22,19,0,5.1000000000000005,0.016,0,0,0,0,0.271,45.12,816,1.1,0.6000000000000001
2023,11,22,20,0,4.800000000000001,0.016,0,0,0,0,0.271,44.550000000000004,816,1.3,0.6000000000000001
2023,11,22,21,0,4.6000000000000005,0.017,0,0,0,0,0.272,43.94,816,1.2000000000000002,0.6000000000000001
2023,11,22,22,0,4.3,0.018000000000000002,0,0,0,0,0.272,43.910000000000004,816,1.1,0.6000000000000001
2023,11,22,23,0,4.1000000000000005,0.019,0,0,0,0,0.272,43.56,816,0.9,0.6000000000000001
2023,11,23,0,0,3.6,0.02,0,0,0,0,0.273,44.300000000000004,816,0.7000000000000001,0.7000000000000001
2023,11,23,1,0,3.9000000000000004,0.02,0,0,0,0,0.273,42.660000000000004,815,0.7000000000000001,0.7000000000000001
2023,11,23,2,0,4,0.021,0,0,0,0,0.275,42.5,815,1,0.7000000000000001
2023,11,23,3,0,2.8000000000000003,0.021,0,0,0,0,0.278,46.9,815,1.2000000000000002,0.7000000000000001
2023,11,23,4,0,1.7000000000000002,0.022,7,0,0,0,0.281,51.15,815,1.2000000000000002,0.7000000000000001
2023,11,23,5,0,0.6000000000000001,0.024,7,0,0,0,0.28300000000000003,55.79,816,1.1,0.7000000000000001
2023,11,23,6,0,-0.30000000000000004,0.027,7,0,0,0,0.28500000000000003,60.49,816,1,0.7000000000000001
2023,11,23,7,0,-0.4,0.029,7,0,0,0,0.28400000000000003,62.22,816,0.8,0.8
2023,11,23,8,0,1.4000000000000001,0.032,7,81,245,124,0.28300000000000003,57.68,817,1.6,0.8
2023,11,23,9,0,2.5,0.035,7,121,440,260,0.281,55.43,817,2.2,0.8
2023,11,23,10,0,3.6,0.038,7,187,368,342,0.279,52.370000000000005,817,2.6,0.8
2023,11,23,11,0,4.4,0.044,7,252,212,355,0.277,50.52,816,2.9000000000000004,0.8
2023,11,23,12,0,4.7,0.047,7,214,25,226,0.276,50.46,815,3,0.9
2023,11,23,13,0,4.4,0.05,6,56,0,56,0.275,52.04,815,3.1,0.9
2023,11,23,14,0,3.7,0.057,6,20,0,20,0.275,54.800000000000004,814,3.1,0.9
2023,11,23,15,0,2.6,0.063,7,27,0,27,0.276,59.74,814,3.2,0.9
2023,11,23,16,0,1.2000000000000002,0.067,6,14,0,14,0.277,66.37,815,3.2,0.9
2023,11,23,17,0,0,0.082,6,0,0,0,0.279,71.65,815,3.2,0.9
2023,11,23,18,0,-0.8,0.085,7,0,0,0,0.28,73.65,815,3.4000000000000004,0.9
2023,11,23,19,0,-1.4000000000000001,0.076,7,0,0,0,0.28200000000000003,73.57000000000001,816,3.5,0.9
2023,11,23,20,0,-2,0.081,7,0,0,0,0.28500000000000003,72.7,816,3.6,0.9
2023,11,23,21,0,-2.6,0.088,6,0,0,0,0.28700000000000003,71.41,816,3.6,0.9
2023,11,23,22,0,-3.2,0.084,6,0,0,0,0.28800000000000003,70.14,816,3.5,0.9
2023,11,23,23,0,-3.7,0.092,6,0,0,0,0.291,68.75,816,3.5,0.8
2023,11,24,0,0,-4.2,0.097,6,0,0,0,0.294,67.58,816,3.5,0.8
2023,11,24,1,0,-4.7,0.094,6,0,0,0,0.297,66.46000000000001,816,3.5,0.8
2023,11,24,2,0,-5.1000000000000005,0.096,6,0,0,0,0.298,65.27,816,3.5,0.8
2023,11,24,3,0,-5.5,0.092,6,0,0,0,0.299,64.66,816,3.3000000000000003,0.7000000000000001
2023,11,24,4,0,-5.7,0.08600000000000001,6,0,0,0,0.298,63.63,816,3.1,0.7000000000000001
2023,11,24,5,0,-5.9,0.089,7,0,0,0,0.298,62.93,816,3,0.7000000000000001
2023,11,24,6,0,-6,0.089,4,0,0,0,0.298,62.09,816,3,0.7000000000000001
2023,11,24,7,0,-5.9,0.085,4,0,0,0,0.299,60.77,816,3,0.7000000000000001
2023,11,24,8,0,-5,0.085,7,81,4,82,0.301,57.51,816,3,0.6000000000000001
2023,11,24,9,0,-3.8000000000000003,0.084,8,96,2,96,0.304,53.370000000000005,816,3,0.6000000000000001
2023,11,24,10,0,-2.4000000000000004,0.08,4,169,0,169,0.307,49.82,816,3.1,0.6000000000000001
2023,11,24,11,0,-1.3,0.075,7,111,1,111,0.308,47.78,815,3.2,0.6000000000000001
2023,11,24,12,0,-0.6000000000000001,0.076,4,44,0,44,0.308,46.730000000000004,814,3.4000000000000004,0.6000000000000001
2023,11,24,13,0,-0.30000000000000004,0.075,7,213,7,216,0.31,46.79,814,3.4000000000000004,0.6000000000000001
2023,11,24,14,0,-0.30000000000000004,0.076,7,44,0,44,0.312,47.550000000000004,813,3.3000000000000003,0.6000000000000001
2023,11,24,15,0,-0.9,0.076,7,10,0,10,0.314,49.95,813,3.1,0.6000000000000001
2023,11,24,16,0,-2.3000000000000003,0.077,7,32,0,32,0.316,53.97,813,2.6,0.6000000000000001
2023,11,24,17,0,-3.9000000000000004,0.085,8,0,0,0,0.317,58.51,814,2.2,0.7000000000000001
2023,11,24,18,0,-4.3,0.08600000000000001,8,0,0,0,0.317,59.33,814,1.9000000000000001,0.7000000000000001
2023,11,24,19,0,-4.800000000000001,0.073,7,0,0,0,0.316,60.71,813,1.4000000000000001,0.6000000000000001
2023,11,24,20,0,-5.300000000000001,0.07100000000000001,4,0,0,0,0.315,62.53,813,1.2000000000000002,0.6000000000000001
2023,11,24,21,0,-5.300000000000001,0.076,6,0,0,0,0.312,62.95,813,1.1,0.7000000000000001
2023,11,24,22,0,-5,0.077,6,0,0,0,0.311,62.82,812,1,0.7000000000000001
2023,11,24,23,0,-4.7,0.075,6,0,0,0,0.312,62.690000000000005,812,0.9,0.7000000000000001
2023,11,25,0,0,-4.6000000000000005,0.069,9,0,0,0,0.314,62.730000000000004,812,0.9,0.7000000000000001
2023,11,25,1,0,-4.5,0.063,9,0,0,0,0.315,62.54,811,0.9,0.7000000000000001
2023,11,25,2,0,-4.7,0.061,9,0,0,0,0.315,63.57,811,1.1,0.7000000000000001
2023,11,25,3,0,-5.1000000000000005,0.061,7,0,0,0,0.315,65.15,811,1.6,0.6000000000000001
2023,11,25,4,0,-5.6000000000000005,0.061,4,0,0,0,0.315,66.88,811,1.9000000000000001,0.6000000000000001
2023,11,25,5,0,-6.300000000000001,0.068,4,0,0,0,0.313,68.29,811,2.3000000000000003,0.5
2023,11,25,6,0,-6.9,0.075,4,0,0,0,0.312,68.41,811,2.4000000000000004,0.5
2023,11,25,7,0,-6.9,0.08,4,0,0,0,0.311,66.07000000000001,812,2.4000000000000004,0.5
2023,11,25,8,0,-5.7,0.091,8,106,29,111,0.31,60.83,812,2.5,0.5
2023,11,25,9,0,-4.5,0.1,7,178,20,184,0.31,55.71,812,2.8000000000000003,0.5
2023,11,25,10,0,-3.6,0.108,7,278,40,294,0.31,51.99,813,3,0.5
2023,11,25,11,0,-3.1,0.11800000000000001,7,278,16,286,0.309,50.5,812,3,0.6000000000000001
2023,11,25,12,0,-2.8000000000000003,0.123,7,337,46,360,0.307,50.35,812,3.1,0.6000000000000001
2023,11,25,13,0,-2.4000000000000004,0.113,8,303,267,425,0.303,49.49,812,3,0.6000000000000001
2023,11,25,14,0,-1.7000000000000002,0.082,8,249,202,325,0.295,47.160000000000004,812,3,0.5
2023,11,25,15,0,-1.6,0.055,5,63,0,63,0.28800000000000003,46.47,812,2.8000000000000003,0.5
2023,11,25,16,0,-3.4000000000000004,0.046,0,31,496,81,0.28400000000000003,49.54,813,1.8,0.5
2023,11,25,17,0,-5.1000000000000005,0.043000000000000003,0,0,0,0,0.281,54.95,814,0.7000000000000001,0.5
2023,11,25,18,0,-5.4,0.039,7,0,0,0,0.279,55.52,814,0.8,0.5
2023,11,25,19,0,-5.800000000000001,0.032,7,0,0,0,0.28,55.870000000000005,814,1.5,0.5
2023,11,25,20,0,-5.7,0.026000000000000002,0,0,0,0,0.28300000000000003,54.85,815,1.7000000000000002,0.4
2023,11,25,21,0,-5.800000000000001,0.024,0,0,0,0,0.28600000000000003,54.09,815,1.8,0.30000000000000004
2023,11,25,22,0,-6,0.023,0,0,0,0,0.289,52.93,815,2.1,0.30000000000000004
2023,11,25,23,0,-6.5,0.022,0,0,0,0,0.292,52.370000000000005,815,2.4000000000000004,0.2
2023,11,26,0,0,-6.9,0.021,0,0,0,0,0.292,51.18,816,2.6,0.2
2023,11,26,1,0,-7.4,0.021,0,0,0,0,0.289,50.4,816,2.7,0.2
2023,11,26,2,0,-7.5,0.02,0,0,0,0,0.28700000000000003,48.85,816,2.8000000000000003,0.2
2023,11,26,3,0,-7.7,0.02,0,0,0,0,0.28500000000000003,47.88,816,2.8000000000000003,0.2
2023,11,26,4,0,-7.800000000000001,0.019,0,0,0,0,0.28400000000000003,47.03,816,2.7,0.30000000000000004
2023,11,26,5,0,-7.9,0.017,0,0,0,0,0.28200000000000003,46.01,817,2.7,0.30000000000000004
2023,11,26,6,0,-8,0.016,0,0,0,0,0.28200000000000003,44.69,817,2.6,0.2
2023,11,26,7,0,-7.5,0.014,0,0,0,0,0.281,42.300000000000004,817,2.4000000000000004,0.2
2023,11,26,8,0,-3.8000000000000003,0.013000000000000001,0,33,762,157,0.28,35.660000000000004,818,2.8000000000000003,0.2
2023,11,26,9,0,-0.1,0.012,0,45,925,327,0.28,31.18,818,2.1,0.2
2023,11,26,10,0,2.8000000000000003,0.013000000000000001,1,54,992,462,0.279,26.88,818,0.8,0.2
2023,11,26,11,0,4.1000000000000005,0.012,4,316,325,470,0.279,26.22,817,1,0.2
2023,11,26,12,0,4.7,0.014,1,61,1029,563,0.278,25.54,816,1.5,0.2
2023,11,26,13,0,4.9,0.017,0,62,993,513,0.275,25.42,816,1.9000000000000001,0.30000000000000004
2023,11,26,14,0,4.5,0.022,0,59,939,410,0.273,26.740000000000002,816,2.1,0.30000000000000004
2023,11,26,15,0,3,0.024,0,49,834,259,0.27,33.13,816,1.7000000000000002,0.30000000000000004
2023,11,26,16,0,-0.9,0.025,0,28,572,85,0.269,42.61,816,1.2000000000000002,0.30000000000000004
2023,11,26,17,0,-2.7,0.026000000000000002,0,0,0,0,0.269,42.5,816,1.1,0.30000000000000004
2023,11,26,18,0,-4.1000000000000005,0.025,0,0,0,0,0.269,48.56,816,0.9,0.30000000000000004
2023,11,26,19,0,-4.800000000000001,0.023,0,0,0,0,0.269,50.83,816,1,0.30000000000000004
2023,11,26,20,0,-5,0.022,0,0,0,0,0.271,50.71,816,1.1,0.30000000000000004
2023,11,26,21,0,-5.4,0.02,0,0,0,0,0.273,51.34,817,1.3,0.2
2023,11,26,22,0,-6.1000000000000005,0.019,0,0,0,0,0.274,52.64,817,1.4000000000000001,0.2
2023,11,26,23,0,-6.6000000000000005,0.018000000000000002,0,0,0,0,0.276,52.93,818,1.5,0.2
2023,11,27,0,0,-7.1000000000000005,0.018000000000000002,7,0,0,0,0.279,53.300000000000004,818,1.5,0.30000000000000004
2023,11,27,1,0,-7.4,0.019,4,0,0,0,0.28200000000000003,53.51,818,1.6,0.30000000000000004
2023,11,27,2,0,-7.5,0.019,0,0,0,0,0.28400000000000003,53.35,818,1.8,0.30000000000000004
2023,11,27,3,0,-7.5,0.019,0,0,0,0,0.28500000000000003,52.01,818,1.9000000000000001,0.30000000000000004
2023,11,27,4,0,-7.5,0.019,1,0,0,0,0.28600000000000003,51.120000000000005,818,2,0.30000000000000004
2023,11,27,5,0,-7.6000000000000005,0.019,1,0,0,0,0.28600000000000003,50.96,819,2,0.4
2023,11,27,6,0,-7.7,0.018000000000000002,0,0,0,0,0.28600000000000003,50.99,819,2,0.30000000000000004
2023,11,27,7,0,-7.300000000000001,0.018000000000000002,0,0,0,0,0.28600000000000003,49.72,820,2.1,0.30000000000000004
2023,11,27,8,0,-3.7,0.018000000000000002,0,33,724,149,0.28600000000000003,42.4,820,2.7,0.30000000000000004
2023,11,27,9,0,0.2,0.018000000000000002,0,47,894,316,0.28400000000000003,35.07,820,2.1,0.30000000000000004
2023,11,27,10,0,3.3000000000000003,0.018000000000000002,1,55,982,455,0.28200000000000003,29.92,820,0.9,0.2
2023,11,27,11,0,4.800000000000001,0.018000000000000002,4,247,489,477,0.279,27.12,820,0.8,0.2
2023,11,27,12,0,5.800000000000001,0.019,0,61,1020,555,0.276,24.88,819,0.8,0.2
2023,11,27,13,0,6.300000000000001,0.019,0,58,1004,512,0.274,23.92,819,0.7000000000000001,0.2
2023,11,27,14,0,6.2,0.019,0,53,960,409,0.271,24.7,819,0.6000000000000001,0.2
2023,11,27,15,0,4.5,0.018000000000000002,0,43,864,259,0.268,36.87,819,0.4,0.2
2023,11,27,16,0,1.3,0.017,0,25,617,85,0.267,35.33,819,0.6000000000000001,0.2
2023,11,27,17,0,-1,0.016,0,0,0,0,0.267,37.79,819,0.8,0.30000000000000004
2023,11,27,18,0,-1.9000000000000001,0.015,0,0,0,0,0.268,41.050000000000004,820,1.3,0.30000000000000004
2023,11,27,19,0,-2.5,0.014,0,0,0,0,0.269,42.86,820,1.9000000000000001,0.30000000000000004
2023,11,27,20,0,-2.6,0.013000000000000001,0,0,0,0,0.271,42.69,820,2.6,0.30000000000000004
2023,11,27,21,0,-2.3000000000000003,0.013000000000000001,0,0,0,0,0.272,40.81,820,3.2,0.30000000000000004
2023,11,27,22,0,-1.9000000000000001,0.014,0,0,0,0,0.272,38.61,820,3.3000000000000003,0.4
2023,11,27,23,0,-1.9000000000000001,0.014,0,0,0,0,0.273,38.14,820,3.1,0.4
2023,11,28,0,0,-2.1,0.015,0,0,0,0,0.274,37.65,820,3.1,0.4
2023,11,28,1,0,-2.2,0.015,0,0,0,0,0.274,36.6,820,3.3000000000000003,0.4
2023,11,28,2,0,-2.1,0.015,0,0,0,0,0.274,35.42,820,3.3000000000000003,0.4
2023,11,28,3,0,-2.1,0.015,0,0,0,0,0.274,34.99,819,3.4000000000000004,0.4
2023,11,28,4,0,-2,0.015,0,0,0,0,0.274,34.56,819,3.5,0.30000000000000004
2023,11,28,5,0,-2,0.014,0,0,0,0,0.274,34.64,819,3.6,0.30000000000000004
2023,11,28,6,0,-2,0.014,0,0,0,0,0.275,34.88,820,3.7,0.2
2023,11,28,7,0,-1.6,0.013000000000000001,0,0,0,0,0.277,34.78,820,3.8000000000000003,0.2
2023,11,28,8,0,1.4000000000000001,0.013000000000000001,0,30,751,147,0.279,31.8,820,4.1000000000000005,0.2
2023,11,28,9,0,4.7,0.013000000000000001,0,40,941,321,0.28200000000000003,28.97,820,3.9000000000000004,0.1
2023,11,28,10,0,7.5,0.012,0,45,1014,455,0.28400000000000003,25.72,820,3.6,0.1
2023,11,28,11,0,9.4,0.015,0,50,1017,526,0.28500000000000003,22.32,820,3.2,0.2
2023,11,28,12,0,10.600000000000001,0.015,0,51,1024,545,0.28600000000000003,20.53,820,2.5,0.2
2023,11,28,13,0,10.9,0.015,0,50,1008,502,0.28700000000000003,21.23,819,1.9000000000000001,0.2
2023,11,28,14,0,9.9,0.015,0,46,964,402,0.28800000000000003,30.89,819,1,0.2
2023,11,28,15,0,7.300000000000001,0.015,0,38,867,254,0.289,37.15,819,0.6000000000000001,0.2
2023,11,28,16,0,4.2,0.015,0,23,618,83,0.291,33.63,819,0.6000000000000001,0.2
2023,11,28,17,0,2.2,0.015,0,0,0,0,0.292,34.84,820,0.5,0.2
2023,11,28,18,0,1.4000000000000001,0.015,0,0,0,0,0.293,36.38,820,1,0.2
2023,11,28,19,0,0.4,0.016,0,0,0,0,0.292,38.21,820,1.6,0.2
2023,11,28,20,0,-0.7000000000000001,0.016,0,0,0,0,0.291,39.92,819,1.9000000000000001,0.2
2023,11,28,21,0,-1.1,0.018000000000000002,0,0,0,0,0.289,38.93,819,1.8,0.2
2023,11,28,22,0,-1.1,0.02,0,0,0,0,0.28800000000000003,36.84,819,1.6,0.2
2023,11,28,23,0,-0.7000000000000001,0.022,0,0,0,0,0.28700000000000003,34.43,818,1.6,0.2
2023,11,29,0,0,-0.1,0.023,0,0,0,0,0.28700000000000003,32.24,817,1.5,0.2
2023,11,29,1,0,0.2,0.023,0,0,0,0,0.28700000000000003,31.080000000000002,817,1.5,0.2
2023,11,29,2,0,0,0.022,7,0,0,0,0.28800000000000003,30.98,816,1.4000000000000001,0.2
2023,11,29,3,0,-0.5,0.021,7,0,0,0,0.28800000000000003,30.67,815,1.4000000000000001,0.2
2023,11,29,4,0,-1.2000000000000002,0.021,7,0,0,0,0.289,29.97,815,1.6,0.2
2023,11,29,5,0,-1.4000000000000001,0.02,7,0,0,0,0.289,28.16,814,2.1,0.2
2023,11,29,6,0,-1.4000000000000001,0.02,7,0,0,0,0.29,26.69,814,2.7,0.2
2023,11,29,7,0,-1.1,0.019,7,0,0,0,0.29,25.87,814,3,0.2
2023,11,29,8,0,2.4000000000000004,0.018000000000000002,7,81,209,113,0.29,23.240000000000002,814,3.3000000000000003,0.2
2023,11,29,9,0,5.9,0.017,7,100,713,310,0.289,20.88,813,3.4000000000000004,0.2
2023,11,29,10,0,8.6,0.016,7,120,736,415,0.289,20.490000000000002,813,2.9000000000000004,0.2
2023,11,29,11,0,10.600000000000001,0.015,7,133,784,497,0.28800000000000003,17.66,812,2.5,0.2
2023,11,29,12,0,11.600000000000001,0.014,0,49,1011,535,0.28700000000000003,16.09,811,2.2,0.30000000000000004
2023,11,29,13,0,11.600000000000001,0.014,7,152,658,446,0.28500000000000003,17.7,810,1.6,0.30000000000000004
2023,11,29,14,0,10.4,0.013000000000000001,0,43,954,393,0.28600000000000003,27.71,810,0.8,0.30000000000000004
2023,11,29,15,0,7.5,0.014,7,105,16,109,0.28800000000000003,33.2,810,0.6000000000000001,0.30000000000000004
2023,11,29,16,0,4.5,0.015,7,44,9,45,0.29,30.16,810,0.7000000000000001,0.4
2023,11,29,17,0,2.6,0.016,7,0,0,0,0.293,32.58,810,0.7000000000000001,0.4
2023,11,29,18,0,1.9000000000000001,0.017,7,0,0,0,0.296,35.19,810,0.7000000000000001,0.4
2023,11,29,19,0,1.6,0.017,7,0,0,0,0.299,36.550000000000004,810,0.7000000000000001,0.4
2023,11,29,20,0,1.5,0.018000000000000002,7,0,0,0,0.301,37.24,810,0.8,0.4
2023,11,29,21,0,1.3,0.018000000000000002,7,0,0,0,0.303,37.550000000000004,809,0.8,0.4
2023,11,29,22,0,1,0.018000000000000002,7,0,0,0,0.304,38.14,809,0.8,0.4
2023,11,29,23,0,0.7000000000000001,0.018000000000000002,7,0,0,0,0.306,39.22,809,0.8,0.4
2023,11,30,0,0,0.30000000000000004,0.019,7,0,0,0,0.308,41.17,809,0.8,0.5
2023,11,30,1,0,-0.1,0.019,0,0,0,0,0.311,43.58,808,0.9,0.5
2023,11,30,2,0,-0.7000000000000001,0.019,0,0,0,0,0.313,46.46,808,0.9,0.5
2023,11,30,3,0,-1.1,0.019,0,0,0,0,0.314,48.550000000000004,808,0.9,0.5
2023,11,30,4,0,-0.8,0.02,7,0,0,0,0.316,48.36,809,0.9,0.5
2023,11,30,5,0,-0.9,0.022,0,0,0,0,0.317,49.4,809,0.9,0.5
2023,11,30,6,0,-2.4000000000000004,0.024,7,0,0,0,0.318,54.76,809,1.1,0.5
2023,11,30,7,0,-2.9000000000000004,0.027,0,0,0,0,0.317,56.25,810,0.9,0.5
2023,11,30,8,0,-0.8,0.031,7,63,436,129,0.317,46.800000000000004,810,1.5,0.5
2023,11,30,9,0,0.5,0.035,7,142,250,215,0.317,41.800000000000004,810,1.5,0.6000000000000001
2023,11,30,10,0,1.5,0.038,0,59,899,417,0.318,38.38,810,1.3,0.6000000000000001
2023,11,30,11,0,2.4000000000000004,0.03,0,58,949,496,0.317,35.95,809,1.3,0.6000000000000001
2023,11,30,12,0,2.9000000000000004,0.033,0,61,953,516,0.314,35.39,808,1.5,0.6000000000000001
2023,11,30,13,0,3.1,0.036000000000000004,0,60,931,475,0.309,35.95,808,1.8,0.6000000000000001
2023,11,30,14,0,3,0.033,0,54,887,378,0.305,37.02,807,2.2,0.6000000000000001
2023,11,30,15,0,2.2,0.035,0,45,775,236,0.302,39.75,807,2.5,0.6000000000000001
2023,11,30,16,0,-0.2,0.037,7,50,25,52,0.301,47.86,807,1.8,0.6000000000000001
2023,11,30,17,0,-1.8,0.04,0,0,0,0,0.3,53.35,807,1.3,0.6000000000000001
2023,11,30,18,0,-2.2,0.042,7,0,0,0,0.299,55.84,807,0.9,0.6000000000000001
2023,11,30,19,0,-2.4000000000000004,0.041,7,0,0,0,0.298,57.99,807,0.6000000000000001,0.6000000000000001
2023,11,30,20,0,-2.3000000000000003,0.045,7,0,0,0,0.298,59.1,807,0.9,0.7000000000000001
2023,11,30,21,0,-2.2,0.052000000000000005,7,0,0,0,0.3,59.870000000000005,807,1.3,0.7000000000000001
2023,11,30,22,0,-2,0.057,6,0,0,0,0.301,59.45,807,1.4000000000000001,0.7000000000000001
2023,11,30,23,0,-2,0.065,7,0,0,0,0.3,59.49,807,1.3,0.7000000000000001
2023,12,1,0,0,-2.1,0.08,0,0,0,0,0.298,59.42,807,1.2000000000000002,0.7000000000000001
2023,12,1,1,0,-2.4000000000000004,0.09,7,0,0,0,0.296,60.31,806,1.1,0.7000000000000001
2023,12,1,2,0,-2.8000000000000003,0.095,7,0,0,0,0.295,61.910000000000004,806,0.9,0.6000000000000001
2023,12,1,3,0,-3.1,0.097,7,0,0,0,0.294,62.86,806,0.8,0.6000000000000001
2023,12,1,4,0,-3.3000000000000003,0.093,7,0,0,0,0.294,63.15,806,0.9,0.6000000000000001
2023,12,1,5,0,-3.5,0.08700000000000001,7,0,0,0,0.296,63.09,806,0.9,0.5
2023,12,1,6,0,-3.7,0.083,6,0,0,0,0.298,63.13,807,0.8,0.5
2023,12,1,7,0,-3.9000000000000004,0.081,6,0,0,0,0.3,62.940000000000005,807,0.8,0.5
2023,12,1,8,0,-2.4000000000000004,0.08,9,20,0,20,0.301,57.08,807,1.2000000000000002,0.6000000000000001
2023,12,1,9,0,-0.30000000000000004,0.079,6,44,0,44,0.304,49.35,807,1.3,0.6000000000000001
2023,12,1,10,0,1.8,0.08,6,96,2,96,0.308,42.43,807,1,0.6000000000000001
2023,12,1,11,0,3.1,0.08,7,157,690,474,0.315,38.68,807,0.7000000000000001,0.6000000000000001
2023,12,1,12,0,3.9000000000000004,0.079,7,209,377,388,0.321,36.2,806,0.5,0.6000000000000001
2023,12,1,13,0,4.1000000000000005,0.082,7,183,23,193,0.327,35.27,805,0.6000000000000001,0.5
2023,12,1,14,0,3.8000000000000003,0.069,7,146,579,357,0.329,36.550000000000004,805,1,0.6000000000000001
2023,12,1,15,0,2.5,0.074,7,133,140,168,0.328,47.09,805,0.9,0.6000000000000001
2023,12,1,16,0,0.7000000000000001,0.075,7,30,1,30,0.323,51.26,806,0.9,0.6000000000000001
2023,12,1,17,0,-0.1,0.073,7,0,0,0,0.318,52.54,807,0.9,0.6000000000000001
2023,12,1,18,0,-0.8,0.064,7,0,0,0,0.315,55.06,807,0.9,0.5
2023,12,1,19,0,-1.5,0.057,7,0,0,0,0.312,56.870000000000005,807,1,0.5
2023,12,1,20,0,-1.9000000000000001,0.05,0,0,0,0,0.311,56.730000000000004,808,1.1,0.5
2023,12,1,21,0,-2.2,0.047,7,0,0,0,0.314,55.56,807,1.3,0.4
2023,12,1,22,0,-2.7,0.059000000000000004,0,0,0,0,0.319,55.67,807,1.4000000000000001,0.4
2023,12,1,23,0,-3,0.089,0,0,0,0,0.323,56.08,807,1.4000000000000001,0.4
2023,12,2,0,0,-3.1,0.108,0,0,0,0,0.325,56.46,807,1.5,0.4
2023,12,2,1,0,-3,0.107,0,0,0,0,0.326,56.660000000000004,807,1.6,0.4
2023,12,2,2,0,-2.9000000000000004,0.099,0,0,0,0,0.327,56.75,807,1.6,0.4
2023,12,2,3,0,-3.1,0.083,0,0,0,0,0.327,56.34,807,1.8,0.4
2023,12,2,4,0,-3.5,0.059000000000000004,0,0,0,0,0.329,55.81,807,2,0.4
2023,12,2,5,0,-3.9000000000000004,0.042,0,0,0,0,0.33,55.54,808,2.2,0.4
2023,12,2,6,0,-4.1000000000000005,0.033,0,0,0,0,0.332,55.15,808,2.3000000000000003,0.30000000000000004
2023,12,2,7,0,-3.9000000000000004,0.027,7,0,0,0,0.335,53.79,809,2.6,0.30000000000000004
2023,12,2,8,0,-2.3000000000000003,0.023,0,32,683,130,0.339,47.72,809,3.2,0.30000000000000004
2023,12,2,9,0,-0.5,0.021,7,109,624,287,0.341,38.18,809,4.5,0.2
2023,12,2,10,0,0.9,0.021,7,144,522,349,0.34,29.330000000000002,809,5.5,0.30000000000000004
2023,12,2,11,0,1.6,0.024,7,154,604,430,0.339,25.830000000000002,809,5.800000000000001,0.30000000000000004
2023,12,2,12,0,1.7000000000000002,0.02,0,54,997,526,0.339,25.650000000000002,809,6.2,0.30000000000000004
2023,12,2,13,0,1.6,0.017,0,50,987,485,0.337,26.51,809,6.4,0.30000000000000004
2023,12,2,14,0,1.2000000000000002,0.016,0,45,943,387,0.336,28.16,809,6.1000000000000005,0.30000000000000004
2023,12,2,15,0,0.2,0.017,0,38,841,243,0.334,32.53,809,5.300000000000001,0.30000000000000004
2023,12,2,16,0,-1.7000000000000002,0.022,0,24,568,77,0.332,40.86,809,4.2,0.30000000000000004
2023,12,2,17,0,-2.5,0.033,7,0,0,0,0.332,45.72,809,3.9000000000000004,0.30000000000000004
2023,12,2,18,0,-2.4000000000000004,0.047,7,0,0,0,0.333,47.12,809,4.1000000000000005,0.4
2023,12,2,19,0,-2.1,0.05,7,0,0,0,0.337,47.67,808,4.3,0.4
2023,12,2,20,0,-1.8,0.044,4,0,0,0,0.34,48.2,808,4.7,0.4
2023,12,2,21,0,-1.1,0.032,0,0,0,0,0.343,47.550000000000004,807,5.2,0.4
2023,12,2,22,0,-0.7000000000000001,0.023,0,0,0,0,0.34400000000000003,46.89,807,5.7,0.4
2023,12,2,23,0,-0.6000000000000001,0.021,0,0,0,0,0.342,46.67,807,6.1000000000000005,0.4
2023,12,3,0,0,-0.7000000000000001,0.021,7,0,0,0,0.343,47.46,807,5.6000000000000005,0.4
2023,12,3,1,0,-0.7000000000000001,0.02,0,0,0,0,0.34400000000000003,48.29,806,5,0.5
2023,12,3,2,0,-0.7000000000000001,0.02,7,0,0,0,0.34800000000000003,49.79,806,4.5,0.5
2023,12,3,3,0,-0.8,0.022,8,0,0,0,0.352,51.730000000000004,806,3.7,0.5
2023,12,3,4,0,-1.3,0.023,7,0,0,0,0.355,54.800000000000004,806,2.5,0.5
2023,12,3,5,0,-1.6,0.026000000000000002,6,0,0,0,0.356,56.92,806,1.8,0.6000000000000001
2023,12,3,6,0,-1.6,0.029,6,0,0,0,0.356,58.24,807,1.5,0.6000000000000001
2023,12,3,7,0,-1.6,0.028,6,0,0,0,0.353,58.56,809,1.9000000000000001,0.6000000000000001
2023,12,3,8,0,-0.30000000000000004,0.025,7,87,34,92,0.34800000000000003,53.38,810,3,0.5
2023,12,3,9,0,0.6000000000000001,0.022,7,134,11,137,0.34400000000000003,46.17,811,4.1000000000000005,0.5
2023,12,3,10,0,1.5,0.019,7,194,12,199,0.34,39.21,812,5,0.4
2023,12,3,11,0,2.2,0.017,8,242,16,249,0.337,36.88,812,5.5,0.4
2023,12,3,12,0,2.7,0.017,7,281,68,314,0.334,36.7,812,5.800000000000001,0.4
2023,12,3,13,0,2.9000000000000004,0.016,7,272,82,308,0.333,37.99,812,5.7,0.4
2023,12,3,14,0,2.8000000000000003,0.016,7,199,328,318,0.33,40.08,812,5.2,0.4
2023,12,3,15,0,1.9000000000000001,0.016,6,144,69,161,0.327,45.19,813,3.9000000000000004,0.5
2023,12,3,16,0,-0.2,0.018000000000000002,7,53,18,55,0.324,52.49,813,2.6,0.6000000000000001
2023,12,3,17,0,-0.9,0.019,7,0,0,0,0.322,54.6,813,2.1,0.7000000000000001
2023,12,3,18,0,-0.4,0.018000000000000002,7,0,0,0,0.319,54.97,814,1.8,0.8
2023,12,3,19,0,-0.1,0.016,8,0,0,0,0.314,56.620000000000005,814,1.4000000000000001,0.8
2023,12,3,20,0,0.1,0.015,7,0,0,0,0.312,59.11,813,1.2000000000000002,0.9
2023,12,3,21,0,0.2,0.016,6,0,0,0,0.312,61.61,813,1.1,0.9
2023,12,3,22,0,0.8,0.018000000000000002,7,0,0,0,0.312,62.59,813,1.1,0.9
2023,12,3,23,0,1.4000000000000001,0.02,6,0,0,0,0.309,62.870000000000005,813,1.4000000000000001,0.9
2023,12,4,0,0,1.8,0.02,7,0,0,0,0.306,63,813,1.8,0.9
2023,12,4,1,0,1.6,0.016,7,0,0,0,0.304,65.43,814,2.2,0.8
2023,12,4,2,0,1.3,0.014,1,0,0,0,0.305,67.86,814,2.5,0.7000000000000001
2023,12,4,3,0,1.2000000000000002,0.014,0,0,0,0,0.306,69.35000000000001,815,2.8000000000000003,0.7000000000000001
2023,12,4,4,0,1.3,0.014,7,0,0,0,0.307,69.47,815,3,0.6000000000000001
2023,12,4,5,0,1.5,0.014,0,0,0,0,0.308,69.03,815,3.4000000000000004,0.6000000000000001
2023,12,4,6,0,1.7000000000000002,0.013000000000000001,3,0,0,0,0.308,68.61,815,3.7,0.5
2023,12,4,7,0,2.2,0.012,8,0,0,0,0.307,67.05,815,4,0.5
2023,12,4,8,0,4.3,0.011,8,28,683,122,0.307,61.14,816,4.1000000000000005,0.5
2023,12,4,9,0,6.4,0.011,7,41,868,284,0.309,56.28,816,4,0.5
2023,12,4,10,0,8.1,0.012,7,233,120,280,0.311,51.44,816,4.1000000000000005,0.5
2023,12,4,11,0,9.200000000000001,0.015,6,275,127,333,0.312,46.47,816,4.6000000000000005,0.6000000000000001
2023,12,4,12,0,9.600000000000001,0.018000000000000002,9,276,70,309,0.312,43.52,816,4.5,0.6000000000000001
2023,12,4,13,0,9.5,0.02,7,219,373,382,0.312,43.32,816,4.1000000000000005,0.7000000000000001
2023,12,4,14,0,8.6,0.02,7,167,422,319,0.313,47.86,817,3.2,0.7000000000000001
2023,12,4,15,0,6.4,0.022,6,67,2,67,0.314,55.660000000000004,817,2.1,0.7000000000000001
2023,12,4,16,0,3.1,0.023,7,46,8,47,0.314,63.9,819,1.6,0.8
2023,12,4,17,0,2,0.023,7,0,0,0,0.315,66.54,820,1.5,0.8
2023,12,4,18,0,1.9000000000000001,0.022,7,0,0,0,0.314,66.71000000000001,820,1.6,0.8
2023,12,4,19,0,1.9000000000000001,0.02,7,0,0,0,0.313,66.72,821,1.9000000000000001,0.8
2023,12,4,20,0,1.6,0.018000000000000002,0,0,0,0,0.312,67.92,820,2.2,0.7000000000000001
2023,12,4,21,0,1,0.016,7,0,0,0,0.313,69.57000000000001,821,2.3000000000000003,0.7000000000000001
2023,12,4,22,0,0.5,0.014,7,0,0,0,0.313,70.24,821,2.3000000000000003,0.7000000000000001
2023,12,4,23,0,0.1,0.014,7,0,0,0,0.314,70.17,821,2.4000000000000004,0.8
2023,12,5,0,0,0,0.014,0,0,0,0,0.314,68.26,821,2.8000000000000003,0.8
2023,12,5,1,0,0,0.013000000000000001,0,0,0,0,0.314,65.4,821,3.1,0.8
2023,12,5,2,0,0.2,0.014,0,0,0,0,0.313,61.97,821,3.2,0.8
2023,12,5,3,0,0.6000000000000001,0.013000000000000001,0,0,0,0,0.311,58.92,821,3.4000000000000004,0.8
2023,12,5,4,0,0.8,0.012,0,0,0,0,0.308,57.96,821,3.5,0.8
2023,12,5,5,0,1,0.012,0,0,0,0,0.307,58.34,821,3.5,0.8
2023,12,5,6,0,1.3,0.011,0,0,0,0,0.305,59.59,822,3.6,0.8
2023,12,5,7,0,1.9000000000000001,0.01,0,0,0,0,0.305,59.83,822,3.8000000000000003,0.8
2023,12,5,8,0,4.4,0.01,0,25,656,114,0.306,54.67,823,4.1000000000000005,0.8
2023,12,5,9,0,7.2,0.01,8,92,581,254,0.307,49.81,823,4.1000000000000005,0.8
2023,12,5,10,0,9.8,0.01,7,122,629,364,0.307,44.79,823,4,0.8
2023,12,5,11,0,11.8,0.01,1,43,954,472,0.306,40.14,823,3.8000000000000003,0.9
2023,12,5,12,0,12.9,0.011,0,45,961,493,0.305,38.12,823,3.1,0.9
2023,12,5,13,0,13.200000000000001,0.011,3,206,403,382,0.303,38.67,823,2.3000000000000003,1
2023,12,5,14,0,12.4,0.016,0,45,886,363,0.302,45.9,823,1.4000000000000001,1
2023,12,5,15,0,9.700000000000001,0.016,0,38,787,227,0.301,54.75,823,0.8,0.9
2023,12,5,16,0,6.5,0.017,0,23,524,70,0.3,58.03,824,0.6000000000000001,0.9
2023,12,5,17,0,4.9,0.017,0,0,0,0,0.3,60.44,824,0.7000000000000001,0.8
2023,12,5,18,0,4.1000000000000005,0.017,0,0,0,0,0.3,61.160000000000004,824,1.7000000000000002,0.8
2023,12,5,19,0,2.8000000000000003,0.017,0,0,0,0,0.3,63.17,824,2.4000000000000004,0.7000000000000001
2023,12,5,20,0,2.3000000000000003,0.016,0,0,0,0,0.299,61.09,824,2.6,0.7000000000000001
2023,12,5,21,0,2.4000000000000004,0.015,0,0,0,0,0.299,56.21,823,2.8000000000000003,0.6000000000000001
2023,12,5,22,0,2.5,0.014,0,0,0,0,0.299,51.97,823,2.8000000000000003,0.6000000000000001
2023,12,5,23,0,2.4000000000000004,0.014,0,0,0,0,0.298,49.85,823,2.9000000000000004,0.6000000000000001
2023,12,6,0,0,2.3000000000000003,0.013000000000000001,0,0,0,0,0.298,48.95,823,2.9000000000000004,0.5
2023,12,6,1,0,2.1,0.013000000000000001,0,0,0,0,0.296,48.92,823,2.9000000000000004,0.5
2023,12,6,2,0,2,0.013000000000000001,7,0,0,0,0.294,48.57,823,2.9000000000000004,0.5
2023,12,6,3,0,1.9000000000000001,0.013000000000000001,7,0,0,0,0.292,47.72,823,2.8000000000000003,0.5
2023,12,6,4,0,1.7000000000000002,0.012,7,0,0,0,0.29,46.730000000000004,822,2.6,0.4
2023,12,6,5,0,1.7000000000000002,0.012,0,0,0,0,0.29,44.86,822,2.6,0.4
2023,12,6,6,0,1.8,0.012,0,0,0,0,0.29,43.11,822,2.7,0.4
2023,12,6,7,0,2.2,0.011,0,0,0,0,0.29,41.6,822,2.8000000000000003,0.30000000000000004
2023,12,6,8,0,5.6000000000000005,0.011,0,26,700,119,0.29,38.410000000000004,821,3.1,0.30000000000000004
2023,12,6,9,0,9,0.01,0,35,890,280,0.289,35.39,821,3.6,0.30000000000000004
2023,12,6,10,0,11.600000000000001,0.01,0,40,969,411,0.28800000000000003,33.86,821,3.3000000000000003,0.30000000000000004
2023,12,6,11,0,14,0.011,0,44,1001,492,0.28700000000000003,28.61,820,3.1,0.30000000000000004
2023,12,6,12,0,15.200000000000001,0.011,0,45,1010,515,0.28500000000000003,24.94,819,2.8000000000000003,0.30000000000000004
2023,12,6,13,0,15.3,0.011,0,44,995,476,0.28300000000000003,24.71,818,2.5,0.30000000000000004
2023,12,6,14,0,14.4,0.012,0,42,950,381,0.28200000000000003,32.34,818,1.6,0.30000000000000004
2023,12,6,15,0,11.700000000000001,0.012,0,35,851,239,0.281,41.550000000000004,817,0.7000000000000001,0.30000000000000004
2023,12,6,16,0,7.5,0.012,0,21,599,75,0.28,43.75,817,0.4,0.30000000000000004
2023,12,6,17,0,5,0.012,0,0,0,0,0.279,46.9,817,0.5,0.30000000000000004
2023,12,6,18,0,4.2,0.012,0,0,0,0,0.278,46.86,816,1.2000000000000002,0.30000000000000004
2023,12,6,19,0,3.3000000000000003,0.012,0,0,0,0,0.277,46.43,816,2.1,0.30000000000000004
2023,12,6,20,0,2.2,0.012,0,0,0,0,0.276,45.87,816,2.3000000000000003,0.30000000000000004
2023,12,6,21,0,2.1,0.011,0,0,0,0,0.275,41.800000000000004,815,2.5,0.30000000000000004
2023,12,6,22,0,2,0.011,0,0,0,0,0.275,38.64,814,2.6,0.2
2023,12,6,23,0,1.9000000000000001,0.011,0,0,0,0,0.275,37.11,814,2.9000000000000004,0.2
2023,12,7,0,0,1.8,0.011,0,0,0,0,0.275,37.15,813,3.2,0.2
2023,12,7,1,0,2.1,0.012,0,0,0,0,0.276,38.45,812,3.5,0.4
2023,12,7,2,0,2.6,0.013000000000000001,0,0,0,0,0.278,40.67,812,3.6,0.6000000000000001
2023,12,7,3,0,2.9000000000000004,0.016,6,0,0,0,0.279,42.550000000000004,811,3.4000000000000004,0.7000000000000001
2023,12,7,4,0,2.9000000000000004,0.016,8,0,0,0,0.28,44.12,810,3.1,0.7000000000000001
2023,12,7,5,0,2.7,0.016,3,0,0,0,0.28200000000000003,45.7,810,2.7,0.7000000000000001
2023,12,7,6,0,2.3000000000000003,0.014,0,0,0,0,0.28700000000000003,47.65,810,2.2,0.6000000000000001
2023,12,7,7,0,2.2,0.014,0,0,0,0,0.293,48.64,810,2,0.6000000000000001
2023,12,7,8,0,5.9,0.014,0,27,661,113,0.299,41.79,810,2.6,0.5
2023,12,7,9,0,9.4,0.015,0,39,865,275,0.303,35.97,810,3.3000000000000003,0.4
2023,12,7,10,0,11.3,0.016,0,46,946,406,0.301,32.96,809,4.3,0.4
2023,12,7,11,0,12,0.018000000000000002,0,51,969,483,0.298,31.64,809,5.1000000000000005,0.5
2023,12,7,12,0,12,0.018000000000000002,0,52,979,505,0.295,30.91,808,5.4,0.5
2023,12,7,13,0,11.600000000000001,0.017,0,50,965,468,0.291,31.77,808,5.4,0.5
2023,12,7,14,0,10.9,0.021,0,49,912,374,0.289,33.47,807,5.4,0.5
2023,12,7,15,0,9.5,0.021,0,40,808,234,0.29,37.85,807,4.800000000000001,0.5
2023,12,7,16,0,6.7,0.019,0,23,550,73,0.292,46.64,807,3.9000000000000004,0.5
2023,12,7,17,0,5.1000000000000005,0.018000000000000002,0,0,0,0,0.294,51.69,808,3.9000000000000004,0.5
2023,12,7,18,0,4.5,0.017,0,0,0,0,0.298,52.78,808,4.1000000000000005,0.5
2023,12,7,19,0,4,0.016,0,0,0,0,0.302,52.25,808,4.1000000000000005,0.5
2023,12,7,20,0,3.4000000000000004,0.015,0,0,0,0,0.304,51.68,807,3.7,0.5
2023,12,7,21,0,2.6,0.015,0,0,0,0,0.306,51.72,807,2.9000000000000004,0.5
2023,12,7,22,0,1.4000000000000001,0.016,0,0,0,0,0.307,53.34,807,1.8,0.5
2023,12,7,23,0,0.1,0.016,0,0,0,0,0.308,55.800000000000004,808,0.9,0.5
2023,12,8,0,0,-0.7000000000000001,0.019,0,0,0,0,0.307,56.76,808,0.5,0.6000000000000001
2023,12,8,1,0,-0.7000000000000001,0.024,0,0,0,0,0.306,55.6,808,0.5,0.6000000000000001
2023,12,8,2,0,-0.30000000000000004,0.024,8,0,0,0,0.309,54.18,808,0.4,0.6000000000000001
2023,12,8,3,0,-0.8,0.021,7,0,0,0,0.314,53.72,808,0.5,0.6000000000000001
2023,12,8,4,0,-1.5,0.02,5,0,0,0,0.319,54.36,808,0.5,0.6000000000000001
2023,12,8,5,0,-2.1,0.021,4,0,0,0,0.323,55.33,809,0.6000000000000001,0.6000000000000001
2023,12,8,6,0,-2.3000000000000003,0.02,7,0,0,0,0.327,55.63,809,0.6000000000000001,0.5
2023,12,8,7,0,-2.5,0.019,7,0,0,0,0.331,56.57,809,0.7000000000000001,0.5
2023,12,8,8,0,-0.30000000000000004,0.019,7,34,1,34,0.335,50.71,809,1.2000000000000002,0.5
2023,12,8,9,0,2.5,0.022,7,145,146,185,0.34,42.2,809,1.2000000000000002,0.5
2023,12,8,10,0,3.8000000000000003,0.029,7,167,379,310,0.34500000000000003,38.4,808,1,0.5
2023,12,8,11,0,3.9000000000000004,0.037,6,239,211,333,0.34800000000000003,38.800000000000004,807,1.4000000000000001,0.6000000000000001
2023,12,8,12,0,3.3000000000000003,0.052000000000000005,6,249,125,307,0.34800000000000003,42.45,807,1.7000000000000002,0.6000000000000001
2023,12,8,13,0,2.5,0.063,6,211,36,227,0.34800000000000003,47.24,806,1.5,0.6000000000000001
2023,12,8,14,0,1.8,0.075,6,8,0,8,0.34800000000000003,52.43,806,1.1,0.6000000000000001
2023,12,8,15,0,1,0.084,9,5,0,5,0.34700000000000003,59.25,807,1.3,0.6000000000000001
2023,12,8,16,0,-0.2,0.085,9,17,0,17,0.34400000000000003,67.24,808,0.8,0.6000000000000001
2023,12,8,17,0,-1.1,0.097,9,0,0,0,0.343,71.8,809,0.8,0.6000000000000001
2023,12,8,18,0,-1.6,0.097,9,0,0,0,0.34500000000000003,72.32000000000001,810,1,0.6000000000000001
2023,12,8,19,0,-2,0.08700000000000001,9,0,0,0,0.34800000000000003,71.48,811,1.6,0.6000000000000001
2023,12,8,20,0,-2.3000000000000003,0.089,9,0,0,0,0.35100000000000003,70.54,812,2.6,0.6000000000000001
2023,12,8,21,0,-3,0.09,9,0,0,0,0.353,71.23,812,3.2,0.6000000000000001
2023,12,8,22,0,-3.8000000000000003,0.084,6,0,0,0,0.356,72.09,813,3.5,0.5
2023,12,8,23,0,-4.4,0.083,6,0,0,0,0.357,71.96000000000001,814,3.4000000000000004,0.5
2023,12,9,0,0,-4.800000000000001,0.079,7,0,0,0,0.357,70.92,815,3.2,0.5
2023,12,9,1,0,-5.1000000000000005,0.067,7,0,0,0,0.355,68.83,815,3.2,0.5
2023,12,9,2,0,-5.4,0.051000000000000004,7,0,0,0,0.355,66.92,816,2.9000000000000004,0.4
2023,12,9,3,0,-6,0.038,7,0,0,0,0.355,64.83,816,2.5,0.4
2023,12,9,4,0,-6.5,0.03,7,0,0,0,0.357,63.02,817,2.3000000000000003,0.4
2023,12,9,5,0,-6.9,0.027,4,0,0,0,0.358,61.88,818,2.3000000000000003,0.30000000000000004
2023,12,9,6,0,-7.1000000000000005,0.025,8,0,0,0,0.361,61.1,819,2.2,0.30000000000000004
2023,12,9,7,0,-7.2,0.024,7,0,0,0,0.362,59.96,819,2.2,0.30000000000000004
2023,12,9,8,0,-4.9,0.025,7,31,0,31,0.365,53.52,820,3,0.30000000000000004
2023,12,9,9,0,-2.4000000000000004,0.026000000000000002,7,118,445,237,0.368,47.02,821,3.8000000000000003,0.4
2023,12,9,10,0,-1.3,0.027,7,225,287,333,0.369,43.42,821,3.8000000000000003,0.4
2023,12,9,11,0,-0.7000000000000001,0.036000000000000004,7,294,225,393,0.369,41.660000000000004,821,3.6,0.4
2023,12,9,12,0,-0.2,0.036000000000000004,7,280,326,430,0.368,40.28,821,3.3000000000000003,0.4
2023,12,9,13,0,0,0.035,7,252,25,263,0.369,39.75,820,2.9000000000000004,0.4
2023,12,9,14,0,-0.1,0.033,4,193,2,194,0.37,40.39,821,2.5,0.4
2023,12,9,15,0,-0.8,0.031,0,49,786,237,0.37,42.89,821,1.8,0.4
2023,12,9,16,0,-3.3000000000000003,0.028,0,26,521,73,0.367,49.56,822,0.9,0.4
2023,12,9,17,0,-4.7,0.025,0,0,0,0,0.362,51.370000000000005,822,0.8,0.30000000000000004
2023,12,9,18,0,-5.1000000000000005,0.021,0,0,0,0,0.36,50.13,823,0.9,0.30000000000000004
2023,12,9,19,0,-6,0.018000000000000002,0,0,0,0,0.359,50.53,823,1.8,0.30000000000000004
2023,12,9,20,0,-7.2,0.016,0,0,0,0,0.359,52.2,822,2.3000000000000003,0.2
2023,12,9,21,0,-7.7,0.014,0,0,0,0,0.359,51.980000000000004,822,2.8000000000000003,0.2
2023,12,9,22,0,-7.800000000000001,0.012,0,0,0,0,0.355,51.17,821,3.3000000000000003,0.2
2023,12,9,23,0,-7.800000000000001,0.011,0,0,0,0,0.352,49.44,820,3.6,0.2
2023,12,10,0,0,-7.7,0.01,0,0,0,0,0.34700000000000003,47.03,819,3.9000000000000004,0.2
2023,12,10,1,0,-7.2,0.01,0,0,0,0,0.342,43.46,818,4.1000000000000005,0.30000000000000004
2023,12,10,2,0,-6.9,0.01,8,0,0,0,0.339,42.65,818,3.9000000000000004,0.30000000000000004
2023,12,10,3,0,-6.4,0.01,7,0,0,0,0.335,41.71,817,4,0.4
2023,12,10,4,0,-5.7,0.012,6,0,0,0,0.333,40.75,816,4.2,0.5
2023,12,10,5,0,-4.2,0.014,9,0,0,0,0.33,38.02,816,5,0.7000000000000001
2023,12,10,6,0,-3,0.014,9,0,0,0,0.328,37.17,815,5.6000000000000005,0.8
2023,12,10,7,0,-2.5,0.012,9,0,0,0,0.324,40.47,815,5.6000000000000005,0.8
2023,12,10,8,0,-1,0.012,9,45,1,45,0.321,41.19,815,5.7,0.8
2023,12,10,9,0,1,0.013000000000000001,6,117,409,225,0.321,41.35,816,5.800000000000001,0.7000000000000001
2023,12,10,10,0,2.9000000000000004,0.014,7,171,470,347,0.321,40.79,816,6.1000000000000005,0.8
2023,12,10,11,0,4.6000000000000005,0.015,7,259,284,383,0.32,41.38,816,6.1000000000000005,0.8
2023,12,10,12,0,5.7,0.016,7,269,290,402,0.32,42.45,815,5.6000000000000005,0.8
2023,12,10,13,0,6.300000000000001,0.016,9,208,14,214,0.32,44,815,5.1000000000000005,0.8
2023,12,10,14,0,6,0.017,9,104,1,105,0.321,47.86,815,4.4,0.8
2023,12,10,15,0,4.4,0.018000000000000002,7,37,0,37,0.321,54.34,815,3.7,0.8
2023,12,10,16,0,2.2,0.018000000000000002,7,47,8,48,0.323,59.29,816,3.3000000000000003,0.8
2023,12,10,17,0,1.1,0.018000000000000002,7,0,0,0,0.325,60.230000000000004,816,3.1,0.8
2023,12,10,18,0,1,0.018000000000000002,7,0,0,0,0.328,58.51,816,3.2,0.8
2023,12,10,19,0,1.2000000000000002,0.018000000000000002,7,0,0,0,0.329,56.300000000000004,816,3,0.8
2023,12,10,20,0,1.1,0.018000000000000002,7,0,0,0,0.33,55.69,816,2.4000000000000004,0.8
2023,12,10,21,0,0.5,0.018000000000000002,8,0,0,0,0.331,57.160000000000004,816,1.6,0.8
2023,12,10,22,0,-0.30000000000000004,0.017,7,0,0,0,0.33,59.32,816,1,0.8
2023,12,10,23,0,-0.7000000000000001,0.016,8,0,0,0,0.33,59.910000000000004,816,0.7000000000000001,0.8
2023,12,11,0,0,-0.9,0.015,4,0,0,0,0.33,60.13,816,0.5,0.8
2023,12,11,1,0,-1,0.014,1,0,0,0,0.331,60.09,816,0.5,0.8
2023,12,11,2,0,-1.1,0.014,0,0,0,0,0.331,59.54,816,0.5,0.8
2023,12,11,3,0,-1.4000000000000001,0.013000000000000001,4,0,0,0,0.333,59.83,816,0.4,0.8
2023,12,11,4,0,-1.7000000000000002,0.013000000000000001,0,0,0,0,0.334,60.07,817,0.4,0.8
2023,12,11,5,0,-2,0.012,1,0,0,0,0.335,60.17,817,0.4,0.7000000000000001
2023,12,11,6,0,-2.3000000000000003,0.012,1,0,0,0,0.334,59.75,817,0.6000000000000001,0.6000000000000001
2023,12,11,7,0,-2.1,0.011,0,0,0,0,0.333,57.53,817,0.9,0.6000000000000001
2023,12,11,8,0,0.2,0.011,8,71,37,75,0.331,55.300000000000004,817,1.6,0.6000000000000001
2023,12,11,9,0,3.3000000000000003,0.011,1,39,843,261,0.328,49.06,817,2,0.6000000000000001
2023,12,11,10,0,5.9,0.011,7,219,223,302,0.325,45.18,818,1.7000000000000002,0.6000000000000001
2023,12,11,11,0,7.5,0.014,3,302,169,376,0.322,41.92,817,1.2000000000000002,0.7000000000000001
2023,12,11,12,0,8.4,0.017,3,274,323,422,0.319,39.910000000000004,816,1.2000000000000002,0.7000000000000001
2023,12,11,13,0,8.700000000000001,0.02,3,283,205,371,0.315,39.76,816,1.3,0.8
2023,12,11,14,0,8.200000000000001,0.023,5,233,27,243,0.313,42.83,816,1.3,0.9
2023,12,11,15,0,6,0.026000000000000002,8,114,340,195,0.311,54.730000000000004,817,0.9,0.9
2023,12,11,16,0,2.9000000000000004,0.028,7,23,0,23,0.309,58.96,817,1.1,0.9
2023,12,11,17,0,1.9000000000000001,0.03,7,0,0,0,0.308,60.160000000000004,818,1.1,0.9
2023,12,11,18,0,2,0.033,6,0,0,0,0.308,60.300000000000004,818,1,0.9
2023,12,11,19,0,1.4000000000000001,0.033,7,0,0,0,0.309,62.160000000000004,819,0.9,0.9
2023,12,11,20,0,0.30000000000000004,0.039,4,0,0,0,0.311,65.37,819,0.8,0.8
2023,12,11,21,0,-0.6000000000000001,0.038,4,0,0,0,0.313,67.9,819,0.8,0.8
2023,12,11,22,0,-1.5,0.034,4,0,0,0,0.313,70.69,819,0.8,0.8
2023,12,11,23,0,-2.3000000000000003,0.034,4,0,0,0,0.313,73.88,819,0.9,0.8
2023,12,12,0,0,-2.8000000000000003,0.032,8,0,0,0,0.313,76.02,819,1.1,0.8
2023,12,12,1,0,-3.2,0.031,8,0,0,0,0.313,77.96000000000001,819,1.1,0.8
2023,12,12,2,0,-3.4000000000000004,0.03,7,0,0,0,0.313,78.96000000000001,819,1,0.7000000000000001
2023,12,12,3,0,-3.5,0.029,4,0,0,0,0.313,78.83,818,0.8,0.7000000000000001
2023,12,12,4,0,-3.2,0.029,7,0,0,0,0.314,76.99,818,0.8,0.7000000000000001
2023,12,12,5,0,-2.8000000000000003,0.029,7,0,0,0,0.314,74.9,818,0.9,0.7000000000000001
2023,12,12,6,0,-2.7,0.031,7,0,0,0,0.315,74.29,818,0.9,0.7000000000000001
2023,12,12,7,0,-2.5,0.032,7,0,0,0,0.315,73.10000000000001,818,0.9,0.7000000000000001
2023,12,12,8,0,-1.3,0.034,7,52,8,53,0.316,69.04,818,1,0.6000000000000001
2023,12,12,9,0,0.7000000000000001,0.035,6,103,14,107,0.317,63.9,818,1,0.7000000000000001
2023,12,12,10,0,2.5,0.035,7,184,37,198,0.318,58.83,818,1.2000000000000002,0.7000000000000001
2023,12,12,11,0,3.8000000000000003,0.035,6,149,8,153,0.318,54.35,818,1.4000000000000001,0.7000000000000001
2023,12,12,12,0,4.3,0.037,7,245,145,311,0.318,52.67,817,1.6,0.7000000000000001
2023,12,12,13,0,4.4,0.038,7,143,8,146,0.319,52.64,817,1.8,0.8
2023,12,12,14,0,3.8000000000000003,0.041,7,144,28,154,0.318,55.79,817,2,0.8
2023,12,12,15,0,2.3000000000000003,0.043000000000000003,7,87,12,90,0.318,62.82,818,1.9000000000000001,0.9
2023,12,12,16,0,0,0.046,7,30,1,30,0.319,68.73,818,1.5,0.9
2023,12,12,17,0,-1.4000000000000001,0.052000000000000005,7,0,0,0,0.32,72.04,819,1.3,0.9
2023,12,12,18,0,-2,0.058,7,0,0,0,0.32,73.41,820,1,0.9
2023,12,12,19,0,-2.2,0.061,7,0,0,0,0.319,72.7,820,0.7000000000000001,0.9
2023,12,12,20,0,-2.2,0.065,7,0,0,0,0.319,71.81,821,0.6000000000000001,1
2023,12,12,21,0,-2.1,0.069,7,0,0,0,0.319,70.98,821,0.4,1
2023,12,12,22,0,-1.9000000000000001,0.07,7,0,0,0,0.319,70.09,821,0.4,1
2023,12,12,23,0,-1.8,0.075,6,0,0,0,0.318,70.11,822,0.4,1
2023,12,13,0,0,-1.8,0.078,6,0,0,0,0.319,70.72,822,0.7000000000000001,1
2023,12,13,1,0,-1.9000000000000001,0.074,6,0,0,0,0.319,71.66,822,0.9,1
2023,12,13,2,0,-2,0.07100000000000001,7,0,0,0,0.321,72.2,822,0.9,1
2023,12,13,3,0,-2.1,0.069,4,0,0,0,0.322,72.63,822,0.9,1
2023,12,13,4,0,-2.2,0.067,1,0,0,0,0.324,72.85000000000001,822,0.8,1
2023,12,13,5,0,-2.5,0.068,7,0,0,0,0.325,74.05,822,0.7000000000000001,1
2023,12,13,6,0,-2.7,0.066,4,0,0,0,0.327,74.61,823,0.5,1
2023,12,13,7,0,-2.9000000000000004,0.059000000000000004,4,0,0,0,0.328,74.76,823,0.30000000000000004,1
2023,12,13,8,0,-1.7000000000000002,0.053,7,32,0,32,0.328,69.88,823,0.4,1
2023,12,13,9,0,0.7000000000000001,0.048,8,127,15,131,0.328,63.5,823,0.9,0.9
2023,12,13,10,0,2.7,0.046,4,226,12,231,0.328,58.5,823,1.6,0.9
2023,12,13,11,0,3.7,0.034,7,190,14,196,0.327,56.81,823,2,0.9
2023,12,13,12,0,4,0.034,4,177,0,177,0.327,56.910000000000004,822,2.2,1
2023,12,13,13,0,4,0.036000000000000004,8,249,35,264,0.327,57.79,821,2.5,1
2023,12,13,14,0,3.6,0.041,7,146,5,148,0.326,59.92,821,2.4000000000000004,1.1
2023,12,13,15,0,2.3000000000000003,0.045,7,7,0,7,0.326,67.32000000000001,822,1.6,1.1
2023,12,13,16,0,0.8,0.047,7,24,0,24,0.327,76.45,822,1,1.1
2023,12,13,17,0,0,0.047,6,0,0,0,0.328,79.95,822,0.9,1.1
2023,12,13,18,0,-0.6000000000000001,0.045,6,0,0,0,0.329,81.78,822,0.8,1.1
2023,12,13,19,0,-1.1,0.039,4,0,0,0,0.331,82.82000000000001,822,0.6000000000000001,1.1
2023,12,13,20,0,-1.5,0.037,4,0,0,0,0.333,82.91,822,0.5,1
2023,12,13,21,0,-1.5,0.037,4,0,0,0,0.333,81.48,822,0.8,1
2023,12,13,22,0,-1.8,0.037,4,0,0,0,0.335,81.19,822,0.9,1
2023,12,13,23,0,-2.2,0.036000000000000004,8,0,0,0,0.337,80.94,821,1,1
2023,12,14,0,0,-2.5,0.032,7,0,0,0,0.338,80.37,821,1,1
2023,12,14,1,0,-3.1,0.027,4,0,0,0,0.338,80.08,820,1,1
2023,12,14,2,0,-3.5,0.025,7,0,0,0,0.338,79.41,820,0.9,1
2023,12,14,3,0,-3.1,0.027,4,0,0,0,0.334,77.15,820,1.2000000000000002,1
2023,12,14,4,0,-2.4000000000000004,0.025,7,0,0,0,0.333,74.17,819,1,0.9
2023,12,14,5,0,-2.5,0.025,1,0,0,0,0.334,74.56,819,1,0.8
2023,12,14,6,0,-3,0.025,4,0,0,0,0.332,76.28,819,0.8,0.7000000000000001
2023,12,14,7,0,-3.1,0.025,4,0,0,0,0.328,75.72,819,0.8,0.6000000000000001
2023,12,14,8,0,-1,0.024,8,67,19,69,0.325,67.41,819,1.2000000000000002,0.6000000000000001
2023,12,14,9,0,2.1,0.023,4,173,67,191,0.323,59.95,818,1.4000000000000001,0.6000000000000001
2023,12,14,10,0,4.3,0.024,7,166,456,333,0.322,54.7,818,1,0.7000000000000001
2023,12,14,11,0,5.300000000000001,0.023,7,245,326,387,0.322,52.31,818,1.1,0.8
2023,12,14,12,0,5.7,0.024,7,292,108,340,0.321,52.01,817,0.9,0.9
2023,12,14,13,0,5.5,0.025,7,256,258,367,0.32,54.120000000000005,816,1.1,0.9
2023,12,14,14,0,4.6000000000000005,0.029,7,200,221,278,0.32,60.42,816,1.1,0.9
2023,12,14,15,0,3.2,0.03,8,137,44,147,0.32,65.95,817,0.9,0.9
2023,12,14,16,0,1.3,0.03,1,26,490,71,0.321,70.96000000000001,817,0.7000000000000001,0.8
2023,12,14,17,0,0.30000000000000004,0.029,0,0,0,0,0.321,72.98,818,0.9,0.8
2023,12,14,18,0,0,0.027,4,0,0,0,0.321,70.98,818,1.5,0.7000000000000001
2023,12,14,19,0,-0.5,0.024,8,0,0,0,0.321,68.49,819,2.7,0.7000000000000001
2023,12,14,20,0,-0.8,0.022,8,0,0,0,0.322,64.68,819,3.1,0.6000000000000001
2023,12,14,21,0,-1,0.02,8,0,0,0,0.322,61.74,819,3.1,0.6000000000000001
2023,12,14,22,0,-1,0.019,0,0,0,0,0.321,59.43,819,3.2,0.6000000000000001
2023,12,14,23,0,-1.1,0.02,0,0,0,0,0.318,58.45,819,3,0.7000000000000001
2023,12,15,0,0,-1.2000000000000002,0.02,0,0,0,0,0.316,58.26,819,2.9000000000000004,0.7000000000000001
2023,12,15,1,0,-1.4000000000000001,0.019,0,0,0,0,0.313,58.480000000000004,819,3,0.7000000000000001
2023,12,15,2,0,-1.5,0.018000000000000002,0,0,0,0,0.31,58.25,820,3.3000000000000003,0.6000000000000001
2023,12,15,3,0,-1.2000000000000002,0.017,0,0,0,0,0.308,56.58,820,3.6,0.5
2023,12,15,4,0,-1.2000000000000002,0.016,0,0,0,0,0.311,55.99,820,3.7,0.5
2023,12,15,5,0,-1.2000000000000002,0.015,0,0,0,0,0.316,55.050000000000004,820,3.6,0.5
2023,12,15,6,0,-1.4000000000000001,0.014,0,0,0,0,0.318,54.47,821,3.4000000000000004,0.4
2023,12,15,7,0,-1.3,0.013000000000000001,0,0,0,0,0.317,52.35,822,3,0.4
2023,12,15,8,0,1.1,0.013000000000000001,1,26,649,99,0.315,46.61,822,3.3000000000000003,0.30000000000000004
2023,12,15,9,0,3.7,0.014,0,42,862,263,0.316,42.47,823,3.5,0.30000000000000004
2023,12,15,10,0,5.9,0.015,0,52,948,398,0.319,36.69,823,3.4000000000000004,0.30000000000000004
2023,12,15,11,0,7,0.014,1,56,977,479,0.32,31.76,823,3.6,0.4
2023,12,15,12,0,7.300000000000001,0.014,8,217,480,434,0.32,31.01,822,3.4000000000000004,0.4
2023,12,15,13,0,7.4,0.013000000000000001,8,208,450,400,0.323,31.7,822,3.2,0.4
2023,12,15,14,0,7.1000000000000005,0.011,0,46,947,381,0.329,34.14,822,2.7,0.30000000000000004
2023,12,15,15,0,4.7,0.011,0,37,851,241,0.331,47.61,822,1.2000000000000002,0.30000000000000004
2023,12,15,16,0,0.7000000000000001,0.011,0,22,605,77,0.328,52.67,823,1.1,0.30000000000000004
2023,12,15,17,0,-1.4000000000000001,0.011,0,0,0,0,0.329,55.42,823,1.2000000000000002,0.30000000000000004
2023,12,15,18,0,-1.9000000000000001,0.011,0,0,0,0,0.331,55.76,824,1.6,0.30000000000000004
2023,12,15,19,0,-2.1,0.013000000000000001,0,0,0,0,0.33,53.63,824,2.3000000000000003,0.30000000000000004
2023,12,15,20,0,-2.4000000000000004,0.013000000000000001,0,0,0,0,0.33,50,824,2.5,0.30000000000000004
2023,12,15,21,0,-2.3000000000000003,0.012,0,0,0,0,0.33,44.78,824,2.7,0.30000000000000004
2023,12,15,22,0,-2.1,0.012,0,0,0,0,0.332,41.04,823,2.7,0.30000000000000004
2023,12,15,23,0,-1.9000000000000001,0.012,0,0,0,0,0.335,39.14,823,2.8000000000000003,0.30000000000000004
2023,12,16,0,0,-1.7000000000000002,0.013000000000000001,0,0,0,0,0.338,38.71,822,3,0.30000000000000004
2023,12,16,1,0,-1.5,0.014,7,0,0,0,0.341,39.21,822,3.1,0.30000000000000004
2023,12,16,2,0,-1.1,0.014,6,0,0,0,0.342,39.61,821,3.4000000000000004,0.30000000000000004
2023,12,16,3,0,-1,0.013000000000000001,7,0,0,0,0.342,41.26,821,3.6,0.30000000000000004
2023,12,16,4,0,-0.8,0.013000000000000001,8,0,0,0,0.341,42.71,820,3.9000000000000004,0.30000000000000004
2023,12,16,5,0,-0.5,0.012,8,0,0,0,0.339,43.54,820,4,0.30000000000000004
2023,12,16,6,0,-0.2,0.012,0,0,0,0,0.338,43.87,821,4.2,0.4
2023,12,16,7,0,0.4,0.012,0,0,0,0,0.335,42.94,821,4.4,0.5
2023,12,16,8,0,2.8000000000000003,0.011,7,60,79,69,0.332,39.1,821,4.9,0.5
2023,12,16,9,0,5.800000000000001,0.011,6,114,28,122,0.329,36.230000000000004,821,4.7,0.5
2023,12,16,10,0,8.4,0.011,7,143,459,310,0.325,34.81,821,4.2,0.5
2023,12,16,11,0,10.5,0.012,7,147,567,392,0.32,31.3,820,4.2,0.5
2023,12,16,12,0,11.600000000000001,0.012,7,225,191,311,0.316,29.78,819,3.8000000000000003,0.5
2023,12,16,13,0,11.700000000000001,0.012,8,161,537,390,0.312,30.48,819,3.3000000000000003,0.5
2023,12,16,14,0,10.700000000000001,0.012,7,154,369,285,0.309,38.11,819,2.2,0.5
2023,12,16,15,0,7.800000000000001,0.012,6,121,69,138,0.308,46.99,819,1.4000000000000001,0.5
2023,12,16,16,0,4.4,0.012,6,37,4,37,0.307,48.910000000000004,819,1.3,0.4
2023,12,16,17,0,2.8000000000000003,0.014,6,0,0,0,0.308,50.33,819,1.5,0.4
2023,12,16,18,0,1.8,0.014,6,0,0,0,0.308,51.84,819,2.2,0.4
2023,12,16,19,0,1,0.015,6,0,0,0,0.309,52.43,819,2.8000000000000003,0.4
2023,12,16,20,0,1.1,0.015,9,0,0,0,0.311,48.59,819,3.3000000000000003,0.4
2023,12,16,21,0,1.5,0.015,9,0,0,0,0.313,43.94,819,3.5,0.4
2023,12,16,22,0,1.6,0.016,9,0,0,0,0.315,41.9,819,3.6,0.4
2023,12,16,23,0,1.6,0.016,9,0,0,0,0.317,41.36,819,3.6,0.4
2023,12,17,0,0,1.5,0.014,9,0,0,0,0.318,41.28,818,3.5,0.4
2023,12,17,1,0,1.4000000000000001,0.013000000000000001,6,0,0,0,0.319,41.02,818,3.5,0.4
2023,12,17,2,0,1.3,0.012,8,0,0,0,0.319,40.63,818,3.6,0.4
2023,12,17,3,0,1.3,0.011,3,0,0,0,0.319,40.39,818,3.7,0.4
2023,12,17,4,0,1.2000000000000002,0.01,8,0,0,0,0.319,40.72,818,3.8000000000000003,0.4
2023,12,17,5,0,1.1,0.01,7,0,0,0,0.32,41.19,818,3.8000000000000003,0.4
2023,12,17,6,0,1,0.01,4,0,0,0,0.32,41.6,819,3.8000000000000003,0.30000000000000004
2023,12,17,7,0,1,0.01,0,0,0,0,0.319,41.68,819,3.7,0.30000000000000004
2023,12,17,8,0,3.3000000000000003,0.01,0,22,653,94,0.319,37.800000000000004,820,4,0.30000000000000004
2023,12,17,9,0,6.4,0.01,0,34,869,253,0.319,33.95,821,3.9000000000000004,0.30000000000000004
2023,12,17,10,0,9.200000000000001,0.01,0,39,944,382,0.319,30.43,821,3.2,0.4
2023,12,17,11,0,11.4,0.01,0,42,983,466,0.318,23.91,821,2.7,0.4
2023,12,17,12,0,12.200000000000001,0.011,0,44,993,493,0.318,21.87,820,2.4000000000000004,0.4
2023,12,17,13,0,12.200000000000001,0.011,0,43,979,460,0.318,22.41,820,2,0.4
2023,12,17,14,0,11.4,0.012,0,41,934,371,0.318,26.45,820,1.6,0.4
2023,12,17,15,0,8.8,0.013000000000000001,0,36,834,235,0.318,36.730000000000004,821,1.2000000000000002,0.4
2023,12,17,16,0,4.6000000000000005,0.013000000000000001,0,22,587,77,0.318,38.62,821,1.2000000000000002,0.4
2023,12,17,17,0,2.9000000000000004,0.013000000000000001,0,0,0,0,0.317,40.26,822,1.1,0.4
2023,12,17,18,0,2.4000000000000004,0.014,0,0,0,0,0.316,40.82,823,0.9,0.4
2023,12,17,19,0,1.6,0.014,0,0,0,0,0.315,42.33,823,0.7000000000000001,0.4
2023,12,17,20,0,0.9,0.015,0,0,0,0,0.314,43.36,823,0.6000000000000001,0.4
2023,12,17,21,0,0.6000000000000001,0.014,0,0,0,0,0.315,43.050000000000004,823,0.7000000000000001,0.4
2023,12,17,22,0,-0.1,0.014,0,0,0,0,0.32,43.86,823,0.8,0.4
2023,12,17,23,0,-1.3,0.014,0,0,0,0,0.324,46.21,822,1,0.4
2023,12,18,0,0,-2.3000000000000003,0.013000000000000001,0,0,0,0,0.326,48.01,822,1,0.4
2023,12,18,1,0,-2.5,0.013000000000000001,7,0,0,0,0.328,46.59,822,1,0.4
2023,12,18,2,0,-2.2,0.012,0,0,0,0,0.328,43.09,821,1.2000000000000002,0.4
2023,12,18,3,0,-1.4000000000000001,0.012,0,0,0,0,0.328,37.68,821,2,0.30000000000000004
2023,12,18,4,0,-0.9,0.012,7,0,0,0,0.329,34.04,820,2.5,0.30000000000000004
2023,12,18,5,0,-0.8,0.013000000000000001,7,0,0,0,0.33,33.42,820,2.6,0.30000000000000004
2023,12,18,6,0,-0.8,0.013000000000000001,7,0,0,0,0.331,33.980000000000004,820,2.6,0.30000000000000004
2023,12,18,7,0,-0.7000000000000001,0.013000000000000001,7,0,0,0,0.332,34.58,820,2.5,0.30000000000000004
2023,12,18,8,0,2.3000000000000003,0.013000000000000001,7,55,21,58,0.332,33.14,820,2.5,0.30000000000000004
2023,12,18,9,0,6.1000000000000005,0.013000000000000001,7,130,143,166,0.33,28.07,820,2.4000000000000004,0.30000000000000004
2023,12,18,10,0,9,0.013000000000000001,7,135,540,331,0.327,26.26,820,1.3,0.30000000000000004
2023,12,18,11,0,11.3,0.015,7,182,416,361,0.323,24.6,819,1,0.30000000000000004
2023,12,18,12,0,12.4,0.017,6,197,28,210,0.318,23.16,818,1.1,0.30000000000000004
2023,12,18,13,0,12.3,0.019,7,229,183,307,0.315,28.11,817,1.2000000000000002,0.4
2023,12,18,14,0,11.200000000000001,0.021,6,190,58,210,0.314,37.5,816,0.9,0.4
2023,12,18,15,0,8.4,0.022,7,124,41,134,0.314,42.46,816,1,0.4
2023,12,18,16,0,5.300000000000001,0.023,7,41,5,42,0.315,45.39,816,1.2000000000000002,0.4
2023,12,18,17,0,4.4,0.023,6,0,0,0,0.315,46.14,816,1.5,0.4
2023,12,18,18,0,4.6000000000000005,0.024,7,0,0,0,0.315,43.89,815,2.1,0.4
2023,12,18,19,0,4.6000000000000005,0.023,7,0,0,0,0.315,40.74,815,2.5,0.4
2023,12,18,20,0,4.3,0.021,6,0,0,0,0.315,37.01,815,2.7,0.5
2023,12,18,21,0,4,0.019,7,0,0,0,0.316,33.45,814,2.9000000000000004,0.5
2023,12,18,22,0,3.5,0.019,7,0,0,0,0.317,31.67,815,3,0.5
2023,12,18,23,0,3.5,0.019,7,0,0,0,0.318,30.51,815,3.2,0.5
2023,12,19,0,0,3.1,0.019,7,0,0,0,0.319,30.7,814,3.2,0.5
2023,12,19,1,0,2.9000000000000004,0.018000000000000002,0,0,0,0,0.32,31.03,814,3.3000000000000003,0.5
2023,12,19,2,0,2.6,0.018000000000000002,7,0,0,0,0.321,32.72,814,3.1,0.5
2023,12,19,3,0,2.5,0.018000000000000002,8,0,0,0,0.321,34.43,814,2.9000000000000004,0.6000000000000001
2023,12,19,4,0,2.3000000000000003,0.017,7,0,0,0,0.321,36.160000000000004,813,2.9000000000000004,0.6000000000000001
2023,12,19,5,0,2.1,0.016,6,0,0,0,0.322,37.480000000000004,814,2.9000000000000004,0.6000000000000001
2023,12,19,6,0,2,0.016,6,0,0,0,0.322,38.18,814,2.9000000000000004,0.7000000000000001
2023,12,19,7,0,2.2,0.015,7,0,0,0,0.322,38.230000000000004,814,3,0.7000000000000001
2023,12,19,8,0,5.1000000000000005,0.015,7,51,16,53,0.321,34.53,814,3.6,0.7000000000000001
2023,12,19,9,0,8.6,0.014,7,126,216,180,0.322,30.48,814,4,0.7000000000000001
2023,12,19,10,0,11.5,0.013000000000000001,7,166,315,280,0.322,28.34,815,4.2,0.8
2023,12,19,11,0,13.5,0.011,7,134,608,395,0.321,28.490000000000002,814,4.4,0.8
2023,12,19,12,0,14.3,0.011,7,131,658,428,0.321,30.13,814,3.9000000000000004,0.9
2023,12,19,13,0,14.5,0.011,8,153,546,385,0.32,31.77,814,3.2,0.9
2023,12,19,14,0,13.9,0.014,7,135,472,302,0.319,35.67,814,2.2,1
2023,12,19,15,0,11.5,0.015,3,132,155,170,0.317,46.32,814,1,1
2023,12,19,16,0,8.1,0.017,8,49,29,52,0.316,50.83,814,0.6000000000000001,1
2023,12,19,17,0,6.4,0.019,7,0,0,0,0.316,53.620000000000005,815,0.5,1
2023,12,19,18,0,5.300000000000001,0.021,8,0,0,0,0.315,57.13,815,0.6000000000000001,1
2023,12,19,19,0,4.3,0.024,8,0,0,0,0.316,60.34,815,0.9,1
2023,12,19,20,0,3.9000000000000004,0.025,7,0,0,0,0.317,60.85,815,1.1,1
2023,12,19,21,0,3.9000000000000004,0.025,7,0,0,0,0.318,59.4,815,1.3,1
2023,12,19,22,0,4,0.026000000000000002,8,0,0,0,0.319,57.17,815,1.4000000000000001,1.1
2023,12,19,23,0,3.9000000000000004,0.027,7,0,0,0,0.319,55.63,815,1.4000000000000001,1.1
2023,12,20,0,0,3.8000000000000003,0.028,7,0,0,0,0.318,54.18,815,1.3,1.1
2023,12,20,1,0,3.9000000000000004,0.028,7,0,0,0,0.317,52.67,815,1.3,1.1
2023,12,20,2,0,4,0.029,6,0,0,0,0.316,51.85,815,1.3,1.1
2023,12,20,3,0,4.2,0.03,7,0,0,0,0.315,51.36,815,1.4000000000000001,1.1
2023,12,20,4,0,4.1000000000000005,0.03,6,0,0,0,0.315,51.980000000000004,815,1.4000000000000001,1.1
2023,12,20,5,0,3.7,0.03,7,0,0,0,0.316,53.29,815,1.4000000000000001,1.1
2023,12,20,6,0,3.5,0.031,7,0,0,0,0.318,53.85,816,1.5,1.1
2023,12,20,7,0,3.6,0.032,7,0,0,0,0.32,53.82,816,1.5,1.1
2023,12,20,8,0,5.300000000000001,0.035,8,51,12,52,0.322,52.14,817,1.2000000000000002,1.1
2023,12,20,9,0,8.5,0.036000000000000004,8,109,373,202,0.323,44.97,817,1.6,1.1
2023,12,20,10,0,10.8,0.036000000000000004,8,142,483,316,0.323,36.95,817,2,1
2023,12,20,11,0,11.700000000000001,0.04,7,177,425,359,0.321,33.92,817,2,1
2023,12,20,12,0,12.100000000000001,0.044,7,166,537,409,0.318,32.89,816,2,1
2023,12,20,13,0,12.100000000000001,0.045,8,160,550,395,0.316,33.01,816,2.2,1
2023,12,20,14,0,11.600000000000001,0.044,3,184,295,289,0.316,34.6,816,2.3000000000000003,1
2023,12,20,15,0,9.600000000000001,0.047,0,48,723,223,0.317,45.07,816,1.2000000000000002,1
2023,12,20,16,0,6.5,0.045,8,48,11,49,0.319,50.730000000000004,817,1.1,1
2023,12,20,17,0,5.9,0.045,8,0,0,0,0.32,48.370000000000005,817,1,1
2023,12,20,18,0,6.2,0.045,7,0,0,0,0.319,45.39,817,0.6000000000000001,1
2023,12,20,19,0,5.800000000000001,0.044,7,0,0,0,0.318,45.6,817,0.6000000000000001,1
2023,12,20,20,0,4.6000000000000005,0.045,7,0,0,0,0.318,49.730000000000004,817,1.1,1
2023,12,20,21,0,3.7,0.046,7,0,0,0,0.318,53.24,817,1.3,1
2023,12,20,22,0,3,0.044,7,0,0,0,0.319,56.18,817,1.3,1
2023,12,20,23,0,2.5,0.044,7,0,0,0,0.318,58.76,817,1.3,1
2023,12,21,0,0,2.4000000000000004,0.044,7,0,0,0,0.317,60.71,817,1.3,1.1
2023,12,21,1,0,2.6,0.044,7,0,0,0,0.315,62.25,817,1.4000000000000001,1.1
2023,12,21,2,0,3,0.045,7,0,0,0,0.315,62.53,817,1.6,1.1
2023,12,21,3,0,3.2,0.047,7,0,0,0,0.317,62.45,817,1.7000000000000002,1.1
2023,12,21,4,0,3.2,0.047,8,0,0,0,0.318,62.54,818,1.8,1.1
2023,12,21,5,0,3.1,0.051000000000000004,7,0,0,0,0.318,62.47,818,1.7000000000000002,1.1
2023,12,21,6,0,3,0.051000000000000004,7,0,0,0,0.318,62.13,819,1.7000000000000002,1.1
2023,12,21,7,0,3,0.049,7,0,0,0,0.318,61.300000000000004,819,1.7000000000000002,1.1
2023,12,21,8,0,4.800000000000001,0.047,8,28,1,28,0.318,56.03,819,1.9000000000000001,1.1
2023,12,21,9,0,7.6000000000000005,0.04,5,144,82,164,0.316,47.79,820,2.5,1
2023,12,21,10,0,10.3,0.031,5,214,112,254,0.315,39.14,820,2.3000000000000003,1
2023,12,21,11,0,11.9,0.022,0,53,928,450,0.314,34.99,819,1.8,0.9
2023,12,21,12,0,12.700000000000001,0.021,1,53,942,478,0.313,32.67,819,1.5,0.9
2023,12,21,13,0,12.9,0.021,5,117,0,117,0.31,31.53,818,1.3,0.8
2023,12,21,14,0,12.5,0.023,0,49,886,364,0.307,31.85,818,1.2000000000000002,0.8
2023,12,21,15,0,10.8,0.024,0,41,783,231,0.305,42.32,819,0.6000000000000001,0.8
2023,12,21,16,0,7.4,0.025,0,25,529,77,0.305,45.74,819,0.8,0.8
2023,12,21,17,0,5.9,0.026000000000000002,0,0,0,0,0.307,47.94,820,0.7000000000000001,0.8
2023,12,21,18,0,5.1000000000000005,0.027,0,0,0,0,0.31,50.18,820,0.6000000000000001,0.8
2023,12,21,19,0,3.6,0.029,0,0,0,0,0.312,55.660000000000004,821,0.7000000000000001,0.8
2023,12,21,20,0,2.5,0.03,0,0,0,0,0.314,59.910000000000004,821,0.9,0.8
2023,12,21,21,0,2,0.031,0,0,0,0,0.316,61.63,821,1,0.8
2023,12,21,22,0,1.5,0.029,0,0,0,0,0.318,63.160000000000004,820,1.1,0.7000000000000001
2023,12,21,23,0,1.2000000000000002,0.028,0,0,0,0,0.32,63.65,820,1.3,0.7000000000000001
2023,12,22,0,0,0.9,0.027,0,0,0,0,0.322,63.92,820,1.5,0.7000000000000001
2023,12,22,1,0,0.5,0.025,0,0,0,0,0.322,63.910000000000004,819,1.7000000000000002,0.7000000000000001
2023,12,22,2,0,0.1,0.024,0,0,0,0,0.323,63.440000000000005,819,2,0.6000000000000001
2023,12,22,3,0,-0.1,0.023,0,0,0,0,0.324,61.9,819,2.1,0.6000000000000001
2023,12,22,4,0,-0.2,0.023,0,0,0,0,0.326,60.730000000000004,818,2.2,0.6000000000000001
2023,12,22,5,0,-0.30000000000000004,0.024,0,0,0,0,0.328,60.85,819,2.1,0.6000000000000001
2023,12,22,6,0,-0.30000000000000004,0.025,7,0,0,0,0.331,61.01,819,2.1,0.6000000000000001
2023,12,22,7,0,0,0.025,4,0,0,0,0.334,60.27,819,2.1,0.6000000000000001
2023,12,22,8,0,3.1,0.021,0,25,563,82,0.335,51.96,819,2.5,0.6000000000000001
2023,12,22,9,0,6.6000000000000005,0.019,0,39,809,239,0.335,42.36,819,2.7,0.6000000000000001
2023,12,22,10,0,9.8,0.018000000000000002,8,115,637,343,0.335,32.57,819,1.6,0.6000000000000001
2023,12,22,11,0,11.4,0.016,1,48,954,456,0.336,27.84,818,0.7000000000000001,0.6000000000000001
2023,12,22,12,0,12.200000000000001,0.016,1,49,967,486,0.337,25.68,817,0.5,0.6000000000000001
2023,12,22,13,0,12.600000000000001,0.016,1,48,954,455,0.336,24.330000000000002,816,1,0.6000000000000001
2023,12,22,14,0,12.3,0.015,0,44,913,369,0.336,24.77,815,1.2000000000000002,0.6000000000000001
2023,12,22,15,0,10.200000000000001,0.015,0,37,816,236,0.337,37.04,815,0.7000000000000001,0.6000000000000001
2023,12,22,16,0,6.7,0.016,0,23,572,80,0.338,39.58,815,0.9,0.6000000000000001
2023,12,22,17,0,4.800000000000001,0.016,7,0,0,0,0.339,43.300000000000004,815,0.9,0.6000000000000001
2023,12,22,18,0,3.2,0.016,7,0,0,0,0.339,48.43,815,1,0.6000000000000001
2023,12,22,19,0,3,0.017,7,0,0,0,0.34,50.5,815,1.1,0.6000000000000001
2023,12,22,20,0,3,0.018000000000000002,7,0,0,0,0.341,52.5,814,1.4000000000000001,0.7000000000000001
2023,12,22,21,0,2.9000000000000004,0.018000000000000002,7,0,0,0,0.342,54.82,814,1.5,0.8
2023,12,22,22,0,2.5,0.02,7,0,0,0,0.343,57.04,813,1.5,0.9
2023,12,22,23,0,1.9000000000000001,0.022,7,0,0,0,0.34500000000000003,59.24,813,1.4000000000000001,1
2023,12,23,0,0,1.9000000000000001,0.022,6,0,0,0,0.34600000000000003,59.58,812,1.4000000000000001,1.1
2023,12,23,1,0,2.3000000000000003,0.021,7,0,0,0,0.34500000000000003,58.49,811,1.3,1.1
2023,12,23,2,0,2.4000000000000004,0.02,6,0,0,0,0.34400000000000003,58.69,811,1.2000000000000002,1.2000000000000002
2023,12,23,3,0,2.5,0.02,9,0,0,0,0.343,59.65,810,1.1,1.2000000000000002
2023,12,23,4,0,2.5,0.02,6,0,0,0,0.343,60.980000000000004,809,1.1,1.2000000000000002
2023,12,23,5,0,2.1,0.02,6,0,0,0,0.341,63.03,809,1.2000000000000002,1.2000000000000002
2023,12,23,6,0,2.1,0.022,6,0,0,0,0.34,64.56,808,1.2000000000000002,1.2000000000000002
2023,12,23,7,0,2.3000000000000003,0.021,7,0,0,0,0.34,65,808,1.4000000000000001,1.2000000000000002
2023,12,23,8,0,4,0.021,8,46,8,47,0.34,60.480000000000004,807,1.9000000000000001,1.1
2023,12,23,9,0,5.9,0.022,1,40,778,231,0.341,55.480000000000004,807,2.6,1
2023,12,23,10,0,8.3,0.022,7,193,119,236,0.34,47.77,807,2.9000000000000004,0.9
2023,12,23,11,0,10.3,0.016,7,217,95,258,0.336,40.32,806,2.8000000000000003,0.9
2023,12,23,12,0,11.4,0.016,7,186,402,368,0.33,36.08,806,2,0.9
2023,12,23,13,0,11.4,0.017,7,173,398,343,0.324,35.21,806,1.4000000000000001,0.9
2023,12,23,14,0,10.600000000000001,0.018000000000000002,7,179,195,248,0.321,37.64,806,1,0.9
2023,12,23,15,0,8.9,0.02,8,58,2,58,0.319,46.07,806,0.8,0.9
2023,12,23,16,0,6.300000000000001,0.023,6,25,0,25,0.32,52.47,806,0.9,1
2023,12,23,17,0,4.9,0.029,9,0,0,0,0.321,56.82,807,0.9,1
2023,12,23,18,0,4.1000000000000005,0.039,6,0,0,0,0.323,62.52,807,0.8,1
2023,12,23,19,0,3.2,0.053,7,0,0,0,0.326,70.51,808,0.9,1.1
2023,12,23,20,0,2.4000000000000004,0.08,8,0,0,0,0.329,77.63,808,1.8,1.1
2023,12,23,21,0,1.5,0.079,5,0,0,0,0.33,82.62,809,2.6,1.1
2023,12,23,22,0,0.9,0.066,5,0,0,0,0.331,81.93,809,3,1
2023,12,23,23,0,0.30000000000000004,0.08,4,0,0,0,0.331,80.33,810,3.3000000000000003,1
2023,12,24,0,0,-0.4,0.084,4,0,0,0,0.331,78.85000000000001,810,3.3000000000000003,0.9
2023,12,24,1,0,-1,0.077,4,0,0,0,0.331,77.01,810,3.3000000000000003,0.9
2023,12,24,2,0,-1.7000000000000002,0.07100000000000001,5,0,0,0,0.332,74.78,810,3.2,0.8
2023,12,24,3,0,-2.6,0.062,4,0,0,0,0.334,72.93,810,2.8000000000000003,0.7000000000000001
2023,12,24,4,0,-3.2,0.054,4,0,0,0,0.335,70.31,811,2.7,0.7000000000000001
2023,12,24,5,0,-3.8000000000000003,0.049,4,0,0,0,0.338,68.05,812,2.8000000000000003,0.6000000000000001
2023,12,24,6,0,-4.4,0.046,4,0,0,0,0.34,66.91,813,2.9000000000000004,0.6000000000000001
2023,12,24,7,0,-4.800000000000001,0.041,5,0,0,0,0.342,66.06,814,3.1,0.5
2023,12,24,8,0,-4,0.038,5,27,0,27,0.342,60.53,815,3.9000000000000004,0.5
2023,12,24,9,0,-2.7,0.033,4,38,0,38,0.343,53.370000000000005,815,4.800000000000001,0.5
2023,12,24,10,0,-1.9000000000000001,0.028,4,35,0,35,0.34400000000000003,47.29,816,5.1000000000000005,0.4
2023,12,24,11,0,-1.3,0.028,4,177,0,178,0.34400000000000003,42.95,815,4.9,0.4
2023,12,24,12,0,-0.8,0.028,4,149,0,149,0.34500000000000003,40.13,814,4.6000000000000005,0.4
2023,12,24,13,0,-0.6000000000000001,0.029,4,164,0,164,0.34500000000000003,38.78,814,4.2,0.4
2023,12,24,14,0,-0.8,0.032,5,108,0,108,0.34500000000000003,38.78,813,3.6,0.4
2023,12,24,15,0,-1.6,0.036000000000000004,4,84,0,84,0.34400000000000003,40.300000000000004,814,3.1,0.4
2023,12,24,16,0,-3.8000000000000003,0.042,4,36,0,36,0.343,44.69,814,2.2,0.4
2023,12,24,17,0,-5.4,0.048,4,0,0,0,0.34400000000000003,48.120000000000005,814,1.9000000000000001,0.4
2023,12,24,18,0,-6,0.052000000000000005,4,0,0,0,0.34400000000000003,49.410000000000004,815,1.7000000000000002,0.4
2023,12,24,19,0,-6.2,0.055,4,0,0,0,0.34400000000000003,49.76,815,1.4000000000000001,0.30000000000000004
2023,12,24,20,0,-6.5,0.055,4,0,0,0,0.34600000000000003,50.31,816,1.3,0.30000000000000004
2023,12,24,21,0,-6.800000000000001,0.05,4,0,0,0,0.34700000000000003,50.480000000000004,816,1.3,0.30000000000000004
2023,12,24,22,0,-7.1000000000000005,0.043000000000000003,4,0,0,0,0.34900000000000003,50.38,816,1.2000000000000002,0.30000000000000004
2023,12,24,23,0,-7.300000000000001,0.037,4,0,0,0,0.35100000000000003,50.620000000000005,816,1.1,0.30000000000000004
2023,12,25,0,0,-7.5,0.032,4,0,0,0,0.353,50.76,815,1.1,0.30000000000000004
2023,12,25,1,0,-7.6000000000000005,0.028,4,0,0,0,0.354,49.77,815,1.4000000000000001,0.30000000000000004
2023,12,25,2,0,-7.800000000000001,0.025,4,0,0,0,0.355,49.1,814,1.6,0.30000000000000004
2023,12,25,3,0,-8,0.024,0,0,0,0,0.356,47.52,814,2,0.2
2023,12,25,4,0,-8.200000000000001,0.023,0,0,0,0,0.356,47.160000000000004,813,2,0.2
2023,12,25,5,0,-8.4,0.023,0,0,0,0,0.356,47.47,813,2,0.2
2023,12,25,6,0,-8.6,0.023,0,0,0,0,0.355,47.86,814,2,0.2
2023,12,25,7,0,-8.6,0.023,4,0,0,0,0.353,47.29,814,2.2,0.2
2023,12,25,8,0,-7.1000000000000005,0.022,5,53,1,54,0.35100000000000003,42.19,814,3.3000000000000003,0.2
2023,12,25,9,0,-5.300000000000001,0.021,4,167,12,170,0.34800000000000003,37.25,814,4.4,0.2
2023,12,25,10,0,-4,0.019,4,271,32,283,0.34700000000000003,32.38,814,4.800000000000001,0.2
2023,12,25,11,0,-3,0.018000000000000002,4,340,50,361,0.34500000000000003,28.79,813,4.9,0.2
2023,12,25,12,0,-2.3000000000000003,0.019,5,357,49,380,0.343,27.240000000000002,812,4.800000000000001,0.30000000000000004
2023,12,25,13,0,-2.1,0.021,8,288,177,364,0.342,27.64,812,4.6000000000000005,0.30000000000000004
2023,12,25,14,0,-2.2,0.024,7,235,34,247,0.341,28.86,812,4.1000000000000005,0.30000000000000004
2023,12,25,15,0,-2.9000000000000004,0.025,7,105,506,231,0.34,31.580000000000002,812,3.5,0.4
2023,12,25,16,0,-4.1000000000000005,0.027,7,43,2,44,0.34,35.27,812,2.7,0.4
2023,12,25,17,0,-4.800000000000001,0.028,7,0,0,0,0.34,38.14,812,2.7,0.4
2023,12,25,18,0,-5.1000000000000005,0.027,0,0,0,0,0.34,40,812,3.2,0.4
2023,12,25,19,0,-5.4,0.023,0,0,0,0,0.341,40.410000000000004,812,3.7,0.4
2023,12,25,20,0,-6.2,0.019,0,0,0,0,0.34,40.660000000000004,811,3.9000000000000004,0.4
2023,12,25,21,0,-6.5,0.017,7,0,0,0,0.34,39.87,811,4.2,0.30000000000000004
2023,12,25,22,0,-6.4,0.017,7,0,0,0,0.339,38.82,810,4.5,0.4
2023,12,25,23,0,-6.300000000000001,0.018000000000000002,7,0,0,0,0.339,38.83,810,4.6000000000000005,0.4
2023,12,26,0,0,-6.300000000000001,0.021,7,0,0,0,0.34,40.42,809,4.9,0.5
2023,12,26,1,0,-6.4,0.025,7,0,0,0,0.34,44.14,809,5.2,0.6000000000000001
2023,12,26,2,0,-6.1000000000000005,0.031,7,0,0,0,0.34,46.32,809,5.5,0.6000000000000001
2023,12,26,3,0,-5.7,0.031,7,0,0,0,0.339,47.59,809,5.800000000000001,0.6000000000000001
2023,12,26,4,0,-5.300000000000001,0.033,5,0,0,0,0.338,49.230000000000004,809,5.9,0.6000000000000001
2023,12,26,5,0,-5,0.034,6,0,0,0,0.338,51.02,810,6,0.6000000000000001
2023,12,26,6,0,-4.7,0.029,5,0,0,0,0.338,50.71,810,6,0.6000000000000001
2023,12,26,7,0,-4.5,0.024,7,0,0,0,0.337,49.51,811,5.9,0.5
2023,12,26,8,0,-3.6,0.021,5,36,0,36,0.336,47.480000000000004,811,6.1000000000000005,0.5
2023,12,26,9,0,-2.1,0.018000000000000002,8,69,1,69,0.337,45.58,811,6.5,0.5
2023,12,26,10,0,-0.4,0.017,5,125,0,125,0.339,44.53,811,6.6000000000000005,0.5
2023,12,26,11,0,1.1,0.014,7,243,317,379,0.339,44.7,810,6.4,0.6000000000000001
2023,12,26,12,0,2.1,0.014,0,58,972,498,0.339,45.59,810,6.2,0.6000000000000001
2023,12,26,13,0,2.6,0.014,5,263,309,396,0.338,46.85,810,5.9,0.7000000000000001
2023,12,26,14,0,2.5,0.016,7,128,653,363,0.336,49,810,5.5,0.8
2023,12,26,15,0,1.6,0.017,7,112,396,211,0.334,53.27,810,5.2,0.8
2023,12,26,16,0,0.2,0.017,6,29,0,29,0.333,57.31,811,5,0.8
2023,12,26,17,0,-0.7000000000000001,0.016,7,0,0,0,0.333,57.08,812,5,0.8
2023,12,26,18,0,-1.3,0.014,7,0,0,0,0.333,54.88,813,5.1000000000000005,0.8
2023,12,26,19,0,-1.8,0.014,7,0,0,0,0.332,53.160000000000004,814,5.1000000000000005,0.8
2023,12,26,20,0,-1.9000000000000001,0.014,7,0,0,0,0.331,51.57,814,5,0.8
2023,12,26,21,0,-2,0.014,7,0,0,0,0.331,50.83,814,4.7,0.8
2023,12,26,22,0,-2.1,0.013000000000000001,4,0,0,0,0.33,50.03,814,4.5,0.8
2023,12,26,23,0,-2.5,0.012,4,0,0,0,0.33,50.26,815,4.2,0.8
2023,12,27,0,0,-3,0.012,0,0,0,0,0.329,50.35,815,3.9000000000000004,0.8
2023,12,27,1,0,-3.4000000000000004,0.012,0,0,0,0,0.328,50.160000000000004,815,3.5,0.8
2023,12,27,2,0,-3.5,0.013000000000000001,4,0,0,0,0.328,49.75,816,3.3000000000000003,0.8
2023,12,27,3,0,-3.5,0.013000000000000001,4,0,0,0,0.328,48.95,816,3.2,0.8
2023,12,27,4,0,-3.8000000000000003,0.014,4,0,0,0,0.33,49.08,816,2.9000000000000004,0.7000000000000001
2023,12,27,5,0,-3.8000000000000003,0.015,4,0,0,0,0.332,48.07,816,2.9000000000000004,0.7000000000000001
2023,12,27,6,0,-3.7,0.017,4,0,0,0,0.334,47.800000000000004,816,2.9000000000000004,0.7000000000000001
2023,12,27,7,0,-3.6,0.018000000000000002,5,0,0,0,0.336,47.300000000000004,817,2.8000000000000003,0.6000000000000001
2023,12,27,8,0,-2.1,0.018000000000000002,4,35,0,35,0.335,44.34,817,3.2,0.6000000000000001
2023,12,27,9,0,0,0.018000000000000002,7,97,547,230,0.334,43.15,818,3.3000000000000003,0.6000000000000001
2023,12,27,10,0,2.2,0.018000000000000002,0,54,907,377,0.332,43.46,818,3.7,0.6000000000000001
2023,12,27,11,0,3.5,0.019,7,61,943,464,0.331,43.5,818,3.9000000000000004,0.7000000000000001
2023,12,27,12,0,4.3,0.019,7,63,964,500,0.33,42.910000000000004,817,4,0.6000000000000001
2023,12,27,13,0,4.7,0.019,0,61,952,471,0.329,43.02,817,4,0.6000000000000001
2023,12,27,14,0,4.5,0.016,0,53,924,387,0.329,44.54,817,3.7,0.5
2023,12,27,15,0,3.1,0.016,0,43,831,252,0.331,50.95,818,2.6,0.5
2023,12,27,16,0,-1,0.016,0,26,613,92,0.334,60.4,818,1.6,0.4
2023,12,27,17,0,-3.5,0.016,0,0,0,0,0.337,65.88,818,1.5,0.4
2023,12,27,18,0,-4.7,0.017,0,0,0,0,0.34,68.84,819,1.3,0.4
2023,12,27,19,0,-5.300000000000001,0.018000000000000002,0,0,0,0,0.341,68.53,819,1.4000000000000001,0.4
2023,12,27,20,0,-5.4,0.018000000000000002,0,0,0,0,0.341,65.84,819,1.8,0.4
2023,12,27,21,0,-5.6000000000000005,0.016,0,0,0,0,0.34,63.32,818,2.3000000000000003,0.4
2023,12,27,22,0,-5.800000000000001,0.015,0,0,0,0,0.339,59.910000000000004,818,2.4000000000000004,0.4
2023,12,27,23,0,-6,0.013000000000000001,0,0,0,0,0.337,56.78,818,2.5,0.4
2023,12,28,0,0,-6.1000000000000005,0.012,0,0,0,0,0.335,54.52,818,2.5,0.4
2023,12,28,1,0,-6,0.011,0,0,0,0,0.334,52.2,818,2.6,0.4
2023,12,28,2,0,-5.9,0.011,0,0,0,0,0.332,50.14,818,2.2,0.4
2023,12,28,3,0,-6,0.01,0,0,0,0,0.331,49.21,817,1.9000000000000001,0.4
2023,12,28,4,0,-6,0.01,0,0,0,0,0.33,48.230000000000004,817,1.9000000000000001,0.30000000000000004
2023,12,28,5,0,-5.9,0.01,0,0,0,0,0.329,47.46,818,1.8,0.30000000000000004
2023,12,28,6,0,-6,0.011,0,0,0,0,0.327,47.74,818,1.8,0.30000000000000004
2023,12,28,7,0,-6,0.011,0,0,0,0,0.326,48.660000000000004,818,1.7000000000000002,0.4
2023,12,28,8,0,-2.5,0.011,1,21,604,79,0.324,45.14,819,2.1,0.4
2023,12,28,9,0,1.4000000000000001,0.011,1,34,843,238,0.323,40.52,820,2.6,0.4
2023,12,28,10,0,3.7,0.011,4,213,181,277,0.322,38.28,820,2.5,0.30000000000000004
2023,12,28,11,0,5.1000000000000005,0.011,3,256,219,350,0.321,34.6,820,3,0.30000000000000004
2023,12,28,12,0,5.7,0.011,1,44,1007,502,0.319,32.77,819,3.1,0.30000000000000004
2023,12,28,13,0,6,0.011,1,44,996,474,0.317,32.03,819,3,0.30000000000000004
2023,12,28,14,0,5.7,0.013000000000000001,0,43,953,389,0.317,34.24,819,2.4000000000000004,0.30000000000000004
2023,12,28,15,0,3.6,0.013000000000000001,0,37,863,255,0.318,46.83,820,1.1,0.30000000000000004
2023,12,28,16,0,0.30000000000000004,0.014,0,25,637,94,0.32,44.79,820,0.9,0.30000000000000004
2023,12,28,17,0,-1.6,0.014,0,0,0,0,0.321,46.15,820,0.9,0.30000000000000004
2023,12,28,18,0,-2.9000000000000004,0.014,0,0,0,0,0.323,49.88,821,1.4000000000000001,0.30000000000000004
2023,12,28,19,0,-3.5,0.014,0,0,0,0,0.324,50.18,821,2,0.30000000000000004
2023,12,28,20,0,-3.6,0.013000000000000001,0,0,0,0,0.325,46.92,821,2.2,0.30000000000000004
2023,12,28,21,0,-3.7,0.012,0,0,0,0,0.326,41.94,821,2.3000000000000003,0.30000000000000004
2023,12,28,22,0,-3.8000000000000003,0.012,0,0,0,0,0.327,37.4,821,2.1,0.2
2023,12,28,23,0,-4,0.012,0,0,0,0,0.327,34.78,821,1.9000000000000001,0.2
2023,12,29,0,0,-4.1000000000000005,0.012,0,0,0,0,0.326,33.04,820,1.9000000000000001,0.30000000000000004
2023,12,29,1,0,-4.2,0.012,0,0,0,0,0.325,33.1,821,1.9000000000000001,0.30000000000000004
2023,12,29,2,0,-4.4,0.013000000000000001,0,0,0,0,0.325,33.59,821,1.9000000000000001,0.30000000000000004
2023,12,29,3,0,-4.5,0.013000000000000001,0,0,0,0,0.324,33.480000000000004,821,2,0.30000000000000004
2023,12,29,4,0,-4.6000000000000005,0.014,0,0,0,0,0.324,33.45,821,1.9000000000000001,0.4
2023,12,29,5,0,-4.4,0.013000000000000001,0,0,0,0,0.324,33.11,821,1.9000000000000001,0.4
2023,12,29,6,0,-4.3,0.013000000000000001,0,0,0,0,0.324,32.980000000000004,821,1.9000000000000001,0.4
2023,12,29,7,0,-4.2,0.011,1,0,0,0,0.324,32.5,822,2,0.30000000000000004
2023,12,29,8,0,-0.8,0.011,0,23,616,81,0.324,31.830000000000002,822,2.2,0.30000000000000004
2023,12,29,9,0,3.7,0.01,1,37,858,245,0.325,29.03,822,2.6,0.30000000000000004
2023,12,29,10,0,6.300000000000001,0.01,0,46,953,385,0.325,26.35,822,2,0.30000000000000004
2023,12,29,11,0,8.4,0.012,3,287,258,398,0.324,22.09,821,1,0.30000000000000004
2023,12,29,12,0,9.200000000000001,0.012,0,56,1005,513,0.323,22.25,821,0.9,0.30000000000000004
2023,12,29,13,0,9.3,0.013000000000000001,0,56,980,480,0.322,24.13,820,0.9,0.4
2023,12,29,14,0,8.5,0.014,0,52,938,394,0.32,35.69,820,0.5,0.4
2023,12,29,15,0,6.300000000000001,0.013000000000000001,0,41,851,258,0.317,38.59,820,0.4,0.4
2023,12,29,16,0,2.7,0.012,0,25,634,96,0.314,36.72,820,0.7000000000000001,0.4
2023,12,29,17,0,0.30000000000000004,0.012,0,0,0,0,0.314,40.75,820,1.1,0.4
2023,12,29,18,0,-0.6000000000000001,0.012,0,0,0,0,0.313,45.15,819,1.5,0.4
2023,12,29,19,0,-0.9,0.012,0,0,0,0,0.311,46.07,819,2.1,0.4
2023,12,29,20,0,-1.2000000000000002,0.012,1,0,0,0,0.312,45.2,819,2.6,0.30000000000000004
2023,12,29,21,0,-1.4000000000000001,0.011,7,0,0,0,0.313,43.35,819,2.8000000000000003,0.30000000000000004
2023,12,29,22,0,-1.3,0.011,8,0,0,0,0.314,40.68,819,2.9000000000000004,0.4
2023,12,29,23,0,-1.1,0.01,0,0,0,0,0.314,38.93,818,2.9000000000000004,0.4
2023,12,30,0,0,-0.9,0.01,0,0,0,0,0.314,38.09,818,2.9000000000000004,0.4
2023,12,30,1,0,-0.9,0.01,1,0,0,0,0.315,37.45,818,2.9000000000000004,0.4
2023,12,30,2,0,-1,0.01,0,0,0,0,0.316,37.22,818,3,0.4
2023,12,30,3,0,-1.1,0.01,0,0,0,0,0.317,36.77,817,3.1,0.4
2023,12,30,4,0,-1.3,0.01,0,0,0,0,0.316,36.51,817,3,0.4
2023,12,30,5,0,-1.5,0.01,0,0,0,0,0.315,36.26,817,3,0.4
2023,12,30,6,0,-1.7000000000000002,0.01,0,0,0,0,0.314,36.17,817,3,0.4
2023,12,30,7,0,-1.6,0.01,0,0,0,0,0.313,36.19,818,3,0.4
2023,12,30,8,0,1.4000000000000001,0.01,0,21,605,78,0.312,34.06,818,3.3000000000000003,0.4
2023,12,30,9,0,4.9,0.01,0,33,846,238,0.312,31.45,818,3.4000000000000004,0.4
2023,12,30,10,0,7.5,0.01,0,39,942,374,0.312,31.2,818,2.6,0.4
2023,12,30,11,0,9.9,0.01,0,42,985,464,0.311,27.42,817,1.9000000000000001,0.4
2023,12,30,12,0,11,0.01,0,43,999,498,0.309,25.66,816,1.3,0.4
2023,12,30,13,0,11,0.01,0,42,979,467,0.307,27.310000000000002,816,1.1,0.5
2023,12,30,14,0,9.9,0.012,0,41,936,385,0.306,37.12,816,0.9,0.5
2023,12,30,15,0,7.4,0.014,0,37,843,254,0.306,41.44,816,0.8,0.5
2023,12,30,16,0,4.3,0.016,0,25,618,95,0.306,40.28,816,0.8,0.5
2023,12,30,17,0,3,0.018000000000000002,0,0,0,0,0.306,40.71,816,0.6000000000000001,0.5
2023,12,30,18,0,2,0.019,1,0,0,0,0.307,43.59,817,0.5,0.5
2023,12,30,19,0,1.3,0.02,0,0,0,0,0.307,45.68,817,0.7000000000000001,0.6000000000000001
2023,12,30,20,0,1.2000000000000002,0.02,0,0,0,0,0.307,45.46,817,0.8,0.6000000000000001
2023,12,30,21,0,1.2000000000000002,0.019,0,0,0,0,0.307,44.11,817,0.9,0.5
2023,12,30,22,0,1,0.019,7,0,0,0,0.306,43.52,817,0.9,0.5
2023,12,30,23,0,0.6000000000000001,0.019,8,0,0,0,0.307,44.34,816,0.9,0.5
2023,12,31,0,0,0.30000000000000004,0.02,7,0,0,0,0.306,45.35,816,1,0.5
2023,12,31,1,0,0.2,0.021,7,0,0,0,0.306,45.87,816,1,0.5
2023,12,31,2,0,0.1,0.022,7,0,0,0,0.306,46.67,816,1.1,0.5
2023,12,31,3,0,-0.4,0.022,7,0,0,0,0.306,48.28,816,1.2000000000000002,0.5
2023,12,31,4,0,-1.1,0.023,7,0,0,0,0.307,50.410000000000004,816,1.1,0.5
2023,12,31,5,0,-1.4000000000000001,0.023,7,0,0,0,0.307,51.2,816,1.1,0.5
2023,12,31,6,0,-1.7000000000000002,0.023,7,0,0,0,0.308,51.63,816,1,0.5
2023,12,31,7,0,-1.7000000000000002,0.023,7,0,0,0,0.307,51.06,816,1,0.5
2023,12,31,8,0,0.1,0.022,7,46,11,47,0.308,48.53,816,1.1,0.5
2023,12,31,9,0,2.6,0.022,7,101,400,198,0.311,42.18,817,1.4000000000000001,0.5
2023,12,31,10,0,4.4,0.023,7,124,547,319,0.315,39.410000000000004,817,1.4000000000000001,0.6000000000000001
2023,12,31,11,0,5.5,0.026000000000000002,7,220,263,333,0.318,37.800000000000004,816,1.4000000000000001,0.6000000000000001
2023,12,31,12,0,5.9,0.027,7,244,121,299,0.32,37.99,816,1.4000000000000001,0.6000000000000001
2023,12,31,13,0,5.7,0.028,7,199,337,346,0.323,40.09,816,1.3,0.6000000000000001
2023,12,31,14,0,5.2,0.03,7,170,347,298,0.324,43.99,816,1.1,0.6000000000000001
2023,12,31,15,0,3.6,0.03,7,127,243,190,0.325,54.18,816,0.5,0.7000000000000001
2023,12,31,16,0,1.4000000000000001,0.03,8,61,37,65,0.326,55.92,817,0.4,0.7000000000000001
2023,12,31,17,0,1.2000000000000002,0.012,6,0,0,0,0.273,71.08,807,0.5,0.9
2023,12,31,18,0,0.7000000000000001,0.013000000000000001,6,0,0,0,0.272,72.58,807,0.7000000000000001,1
2023,12,31,19,0,0.1,0.014,6,0,0,0,0.269,74.44,807,0.8,1
2023,12,31,20,0,-0.2,0.015,6,0,0,0,0.267,74.88,808,0.6000000000000001,1
2023,12,31,21,0,-0.30000000000000004,0.018000000000000002,6,0,0,0,0.267,74.12,808,0.5,1
2023,12,31,22,0,-0.2,0.019,6,0,0,0,0.267,72.68,808,0.5,1
2023,12,31,23,0,0,0.019,6,0,0,0,0.266,71.56,808,0.4,1
